Rk;Player;Nation;Pos;Squad;Comp;Age;Born;90s;Tkl;TklW;Def 3rd;Mid 3rd;Att 3rd;Tkl;Att;Tkl%;Lost;Blocks;Sh;Pass;Int;Tkl+Int;Clr;Err;Matches
1;Brenden Aaronson;us USA;MF,FW;Leeds United;eng Premier League;25-177;2000;22.9;;22;;;;;;;;;;;13;;;;Matches
2;Zach Abbott;eng ENG;DF;Nottingham Forest;eng Premier League;19-339;2006;1.3;;2;;;;;;;;;;;2;;;;Matches
3;Jones El-Abdellaoui;ma MAR;MF,FW;Celta Vigo;es La Liga;20-095;2006;7.1;;3;;;;;;;;;;;3;;;;Matches
4;Himad Abdelli;dz ALG;FW,MF;Marseille;fr Ligue 1;26-151;1999;0.8;;1;;;;;;;;;;;1;;;;Matches
5;Himad Abdelli;dz ALG;MF;Angers;fr Ligue 1;26-151;1999;10.5;;17;;;;;;;;;;;13;;;;Matches
6;Ali Abdi;tn TUN;MF,DF;Nice;fr Ligue 1;32-118;1993;11.5;;8;;;;;;;;;;;10;;;;Matches
7;Salis Abdul Samed;gh GHA;MF;Nice;fr Ligue 1;26-022;2000;7.4;;7;;;;;;;;;;;9;;;;Matches
8;Saud Abdulhamid;sa KSA;MF;Lens;fr Ligue 1;26-273;1999;12.2;;19;;;;;;;;;;;9;;;;Matches
9;Tay Abed;il ISR;MF;Levante;es La Liga;22-040;2004;0.4;;1;;;;;;;;;;;1;;;;Matches
10;Laurent Abergel;fr FRA;MF;Lorient;fr Ligue 1;33-075;1993;22;;22;;;;;;;;;;;25;;;;Matches
11;Matthis Abline;fr FRA;FW,MF;Nantes;fr Ligue 1;23-020;2003;23.8;;12;;;;;;;;;;;7;;;;Matches
12;Abner;br BRA;DF,MF;Lyon;fr Ligue 1;25-325;2000;18.9;;17;;;;;;;;;;;5;;;;Matches
13;Zakaria Aboukhlal;ma MAR;MF;Torino;it Serie A;26-058;2000;5.7;;12;;;;;;;;;;;1;;;;Matches
14;Abdel Abqar;ma MAR;DF;Getafe;es La Liga;27-038;1999;11.9;;15;;;;;;;;;;;16;;;;Matches
15;Tammy Abraham;eng ENG;FW;Aston Villa;eng Premier League;28-197;1997;2.3;;1;;;;;;;;;;;0;;;;Matches
16;Francis Abu;gh GHA;MF;Toulouse;fr Ligue 1;24-355;2001;5.8;;12;;;;;;;;;;;8;;;;Matches
17;Giorgi Abuashvili;ge GEO;MF,FW;Metz;fr Ligue 1;23-068;2003;6.1;;7;;;;;;;;;;;3;;;;Matches
18;Mathieu Acapandié;mg MAD;DF;Nantes;fr Ligue 1;21-124;2004;0.1;;0;;;;;;;;;;;0;;;;Matches
19;Francesco Acerbi;it ITA;DF;Inter;it Serie A;38-066;1988;13.3;;9;;;;;;;;;;;17;;;;Matches
20;Ragnar Ache;de GER;FW;Köln;de Bundesliga;27-263;1998;18.5;;8;;;;;;;;;;;4;;;;Matches
21;Joshua Acheampong;eng ENG;DF;Chelsea;eng Premier League;19-347;2006;6.4;;7;;;;;;;;;;;11;;;;Matches
22;Akor Adams;ng NGA;FW;Sevilla;es La Liga;26-078;2000;19.5;;2;;;;;;;;;;;0;;;;Matches
23;Che Adams;sct SCO;FW;Torino;it Serie A;29-278;1996;18.6;;7;;;;;;;;;;;1;;;;Matches
24;Tyler Adams;us USA;MF;Bournemouth;eng Premier League;27-062;1999;15.9;;20;;;;;;;;;;;25;;;;Matches
25;Junior Adamu;at AUT;FW;Freiburg;de Bundesliga;24-315;2001;5;;6;;;;;;;;;;;5;;;;Matches
26;Tosin Adarabioyo;eng ENG;DF;Chelsea;eng Premier League;28-205;1997;8.3;;6;;;;;;;;;;;9;;;;Matches
27;Jayden Addai;nl NED;MF;Como;it Serie A;20-234;2005;7.6;;2;;;;;;;;;;;2;;;;Matches
28;Karim Adeyemi;de GER;MF,FW;Dortmund;de Bundesliga;24-089;2002;13;;4;;;;;;;;;;;8;;;;Matches
29;Simon Adingra;ci CIV;MF,FW;Sunderland;eng Premier League;24-106;2002;7.3;;8;;;;;;;;;;;2;;;;Matches
30;Simon Adingra;ci CIV;MF,FW;Monaco;fr Ligue 1;24-106;2002;6;;6;;;;;;;;;;;4;;;;Matches
31;Nathaniel Adjei;gh GHA;DF;Lorient;fr Ligue 1;23-239;2002;4.5;;5;;;;;;;;;;;6;;;;Matches
32;Jonas Adjetey;gh GHA;DF;Wolfsburg;de Bundesliga;22-125;2003;1.5;;1;;;;;;;;;;;1;;;;Matches
33;Amine Adli;ma MAR;MF;Bournemouth;eng Premier League;25-342;2000;11.6;;16;;;;;;;;;;;5;;;;Matches
34;Vasilije Adžić;me MNE;MF;Juventus;it Serie A;19-340;2006;1.9;;2;;;;;;;;;;;3;;;;Matches
35;Michel Aebischer;ch SUI;MF;Pisa;it Serie A;29-101;1997;27.5;;35;;;;;;;;;;;27;;;;Matches
36;David Affengruber;at AUT;DF;Elche;es La Liga;25-029;2001;26.1;;38;;;;;;;;;;;40;;;;Matches
37;Dapo Afolayan;eng ENG;MF;St Pauli;de Bundesliga;28-218;1997;1.7;;2;;;;;;;;;;;0;;;;Matches
38;Emmanuel Agbadou;ci CIV;DF;Wolves;eng Premier League;28-304;1997;12.2;;21;;;;;;;;;;;14;;;;Matches
39;Julen Agirrezabala;es ESP;GK;Valencia;es La Liga;25-112;2000;18;;1;;;;;;;;;;;0;;;;Matches
40;Lucien Agoume;fr FRA;MF;Sevilla;es La Liga;24-067;2002;23.9;;26;;;;;;;;;;;36;;;;Matches
41;Felix Agu;ng NGA;DF,MF;Werder Bremen;de Bundesliga;26-202;1999;8.3;;14;;;;;;;;;;;11;;;;Matches
42;Diego Aguado;es ESP;DF;Real Madrid;es La Liga;19-069;2007;0.3;;1;;;;;;;;;;;0;;;;Matches
43;Marc Aguado;es ESP;MF;Elche;es La Liga;26-054;2000;22.3;;24;;;;;;;;;;;36;;;;Matches
44;Pablo Agudín;es ESP;MF;Oviedo;es La Liga;18-160;2007;0.9;;0;;;;;;;;;;;0;;;;Matches
45;Nayef Aguerd;ma MAR;DF;Marseille;fr Ligue 1;30-018;1996;15.5;;16;;;;;;;;;;;21;;;;Matches
46;Nayef Aguerd;ma MAR;DF;West Ham United;eng Premier League;30-018;1996;2;;0;;;;;;;;;;;1;;;;Matches
47;Ruben Aguilar;fr FRA;MF;Lens;fr Ligue 1;32-356;1993;16.7;;22;;;;;;;;;;;21;;;;Matches
48;Ibai Aguirre;es ESP;MF;Real Sociedad;es La Liga;19-097;2007;0.1;;0;;;;;;;;;;;0;;;;Matches
49;Naouirou Ahamada;fr FRA;MF;Auxerre;fr Ligue 1;24-019;2002;4.3;;6;;;;;;;;;;;2;;;;Matches
50;Honest Ahanor;it ITA;DF;Atalanta;it Serie A;18-053;2008;11.5;;15;;;;;;;;;;;15;;;;Matches
51;Lucas Ahijado;es ESP;DF;Oviedo;es La Liga;31-077;1995;10.8;;27;;;;;;;;;;;15;;;;Matches
52;Joseph Aidoo;gh GHA;DF;Celta Vigo;es La Liga;30-200;1995;7.1;;3;;;;;;;;;;;10;;;;Matches
53;Ola Aina;ng NGA;DF;Nottingham Forest;eng Premier League;29-191;1996;15.6;;20;;;;;;;;;;;26;;;;Matches
54;Abdelhamid Ait Boudlal;ma MAR;DF;Rennes;fr Ligue 1;20-001;2006;10.6;;8;;;;;;;;;;;11;;;;Matches
55;Rayan Aït-Nouri;dz ALG;DF;Manchester City;eng Premier League;24-315;2001;9;;19;;;;;;;;;;;13;;;;Matches
56;Tosin Aiyegun;bj BEN;MF,FW;Lorient;fr Ligue 1;27-295;1998;10.2;;5;;;;;;;;;;;1;;;;Matches
57;Junior Ajayi;ci CIV;FW;Hellas Verona;it Serie A;21-188;2004;0;;0;;;;;;;;;;;0;;;;Matches
58;Kristoffer Ajer;no NOR;DF;Brentford;eng Premier League;28-000;1998;18.1;;21;;;;;;;;;;;12;;;;Matches
59;Ludovic Ajorque;fr FRA;FW;Brest;fr Ligue 1;32-051;1994;25.3;;14;;;;;;;;;;;9;;;;Matches
60;Manuel Akanji;ch SUI;DF;Inter;it Serie A;30-272;1995;28.3;;23;;;;;;;;;;;34;;;;Matches
61;Nathan Aké;nl NED;DF;Manchester City;eng Premier League;31-058;1995;5.5;;6;;;;;;;;;;;4;;;;Matches
62;Ilias Akhomach;ma MAR;MF;Villarreal;es La Liga;22-001;2004;2.1;;4;;;;;;;;;;;0;;;;Matches
63;Ilias Akhomach;ma MAR;MF,FW;Rayo Vallecano;es La Liga;22-001;2004;6.5;;9;;;;;;;;;;;2;;;;Matches
64;Ebenezer Akinsanmiro;ng NGA;MF;Pisa;it Serie A;21-143;2004;11.7;;17;;;;;;;;;;;18;;;;Matches
65;Maghnes Akliouche;fr FRA;MF,FW;Monaco;fr Ligue 1;24-051;2002;22.1;;22;;;;;;;;;;;14;;;;Matches
66;Clément Akpa;ci CIV;DF;Auxerre;fr Ligue 1;24-144;2001;20.2;;19;;;;;;;;;;;23;;;;Matches
67;Jean-Daniel Akpa-Akpro;ci CIV;MF;Hellas Verona;it Serie A;33-188;1992;12.1;;25;;;;;;;;;;;17;;;;Matches
68;Kevin Akpoguma;ng NGA;DF;Hoffenheim;de Bundesliga;30-363;1995;0.5;;1;;;;;;;;;;;1;;;;Matches
69;Al-Musrati;ly LBY;MF;Hellas Verona;it Serie A;30-011;1996;8.7;;6;;;;;;;;;;;10;;;;Matches
70;David Alaba;at AUT;DF;Real Madrid;es La Liga;33-297;1992;2.7;;4;;;;;;;;;;;0;;;;Matches
71;Agustín Albarracín;uy URU;FW;Cagliari;it Serie A;20-231;2005;0.2;;0;;;;;;;;;;;0;;;;Matches
72;Raúl Albiol;es ESP;DF;Pisa;it Serie A;40-225;1985;5.6;;4;;;;;;;;;;;7;;;;Matches
73;Carlos Alcaraz;ar ARG;MF;Everton;eng Premier League;23-138;2002;7.5;;8;;;;;;;;;;;2;;;;Matches
74;Omar Alderete;py PAR;DF;Sunderland;eng Premier League;29-112;1996;27.2;;16;;;;;;;;;;;28;;;;Matches
75;Alexandre Alemão;br BRA;FW;Rayo Vallecano;es La Liga;28-016;1998;8.9;;1;;;;;;;;;;;1;;;;Matches
76;Carles Aleñá;es ESP;MF;Alavés;es La Liga;28-102;1998;20.8;;24;;;;;;;;;;;12;;;;Matches
77;Trent Alexander-Arnold;eng ENG;DF,MF;Real Madrid;es La Liga;27-192;1998;8.4;;6;;;;;;;;;;;11;;;;Matches
78;Alfon;es ESP;MF;Villarreal;es La Liga;26-348;1999;1.7;;0;;;;;;;;;;;1;;;;Matches
79;Alfon;es ESP;MF;Sevilla;es La Liga;26-348;1999;3.5;;0;;;;;;;;;;;1;;;;Matches
80;Mohamed Ali Cho;fr FRA;FW,MF;Nice;fr Ligue 1;22-088;2004;14.8;;6;;;;;;;;;;;3;;;;Matches
81;Alisson;br BRA;GK;Liverpool;eng Premier League;33-197;1992;25;;0;;;;;;;;;;;0;;;;Matches
82;Jim Allevinah;ga GAB;MF;Angers;fr Ligue 1;31-049;1995;1.5;;1;;;;;;;;;;;0;;;;Matches
83;Max Alleyne;eng ENG;DF;Manchester City;eng Premier League;20-270;2005;1.5;;3;;;;;;;;;;;3;;;;Matches
84;Thiago Almada;ar ARG;MF;Atlético Madrid;es La Liga;24-356;2001;12.1;;16;;;;;;;;;;;7;;;;Matches
85;Domingos André Ribeiro Almeida;pt POR;MF;Valencia;es La Liga;25-322;2000;11.1;;10;;;;;;;;;;;8;;;;Matches
86;Pontus Almqvist;se SWE;MF;Parma;it Serie A;26-281;1999;4.4;;6;;;;;;;;;;;5;;;;Matches
87;Marcos Alonso;es ESP;DF;Celta Vigo;es La Liga;35-110;1990;24.9;;19;;;;;;;;;;;28;;;;Matches
88;Adrià Altimira;es ESP;DF,MF;Villarreal;es La Liga;25-020;2001;0.1;;1;;;;;;;;;;;0;;;;Matches
89;Sergi Altimira;es ESP;MF;Real Betis;es La Liga;24-235;2001;12.3;;30;;;;;;;;;;;19;;;;Matches
90;Carlos Álvarez;es ESP;MF;Levante;es La Liga;22-254;2003;20.2;;13;;;;;;;;;;;13;;;;Matches
91;Hugo Álvarez;es ESP;FW,MF;Celta Vigo;es La Liga;22-289;2003;11.2;;7;;;;;;;;;;;8;;;;Matches
92;Julián Álvarez;ar ARG;FW;Atlético Madrid;es La Liga;26-076;2000;21.1;;13;;;;;;;;;;;3;;;;Matches
93;Yeray Álvarez;es ESP;DF;Athletic Club;es La Liga;31-083;1995;0.7;;1;;;;;;;;;;;0;;;;Matches
94;Skelly Alvero;fr FRA;MF;Werder Bremen;de Bundesliga;23-348;2002;0.4;;0;;;;;;;;;;;1;;;;Matches
95;Ayoube Amaimouni Echghouyab;ma MAR;MF,FW;Eintracht Frankfurt;de Bundesliga;21-138;2004;5;;1;;;;;;;;;;;1;;;;Matches
96;Jaydon Amauri Banel;nl NED;FW,MF;Burnley;eng Premier League;21-180;2004;0.1;;0;;;;;;;;;;;0;;;;Matches
97;Giuseppe Ambrosino;it ITA;FW;Napoli;it Serie A;22-219;2003;0.4;;0;;;;;;;;;;;0;;;;Matches
98;Aurele Amenda;ch SUI;DF;Eintracht Frankfurt;de Bundesliga;22-260;2003;13.7;;8;;;;;;;;;;;24;;;;Matches
99;Kelvin Amian;fr FRA;DF;Nantes;fr Ligue 1;28-068;1998;21.8;;18;;;;;;;;;;;8;;;;Matches
100;Mohamed Amine Sbai;fr FRA;MF,FW;Angers;fr Ligue 1;25-163;2000;17;;8;;;;;;;;;;;4;;;;Matches
101;Michael Amir Murillo;pa PAN;DF,MF;Marseille;fr Ligue 1;30-065;1996;11;;13;;;;;;;;;;;6;;;;Matches
102;Nadiem Amiri;de GER;MF;Mainz 05;de Bundesliga;29-172;1996;18.6;;16;;;;;;;;;;;14;;;;Matches
103;Samuel Amo-Ameyaw;eng ENG;MF,DF;Strasbourg;fr Ligue 1;19-273;2006;7.4;;9;;;;;;;;;;;3;;;;Matches
104;Amorim;br BRA;MF;Genoa;it Serie A;20-334;2005;1.1;;1;;;;;;;;;;;2;;;;Matches
105;Mathis Amougou;fr FRA;MF;Strasbourg;fr Ligue 1;20-089;2006;3;;5;;;;;;;;;;;1;;;;Matches
106;Mohamed Amoura;dz ALG;FW,MF;Wolfsburg;de Bundesliga;25-343;2000;19.7;;20;;;;;;;;;;;7;;;;Matches
107;Ethan Ampadu;wls WAL;MF;Leeds United;eng Premier League;25-215;2000;28.7;;40;;;;;;;;;;;42;;;;Matches
108;Sofyan Amrabat;ma MAR;MF;Real Betis;es La Liga;29-239;1996;9.7;;11;;;;;;;;;;;7;;;;Matches
109;Joachim Andersen;dk DEN;DF;Fulham;eng Premier League;29-321;1996;28.5;;19;;;;;;;;;;;27;;;;Matches
110;Elliot Anderson;eng ENG;MF;Nottingham Forest;eng Premier League;23-162;2002;31.8;;55;;;;;;;;;;;36;;;;Matches
111;Tomoya Ando;jp JPN;DF;St Pauli;de Bundesliga;27-097;1999;9;;12;;;;;;;;;;;12;;;;Matches
112;Nícolas Andrade;br BRA;GK;Pisa;it Serie A;38-005;1988;6;;0;;;;;;;;;;;0;;;;Matches
113;André;br BRA;MF;Wolves;eng Premier League;24-275;2001;24.7;;33;;;;;;;;;;;21;;;;Matches
114;Benjamin André;fr FRA;MF;Lille;fr Ligue 1;35-257;1990;20.9;;33;;;;;;;;;;;26;;;;Matches
115;Robert Andrich;de GER;DF,MF;Leverkusen;de Bundesliga;31-207;1994;24.6;;26;;;;;;;;;;;29;;;;Matches
116;Manuel Ángel;es ESP;MF;Real Madrid;es La Liga;22-033;2004;1;;3;;;;;;;;;;;0;;;;Matches
117;Miguel Ángel Rubio;es ESP;DF;Espanyol;es La Liga;28-037;1998;2.3;;1;;;;;;;;;;;1;;;;Matches
118;Miguel Ángel Sierra;es ESP;FW;Sevilla;es La Liga;21-277;2004;0.7;;1;;;;;;;;;;;0;;;;Matches
119;Angeliño;es ESP;MF;Roma;it Serie A;29-103;1997;4.6;;7;;;;;;;;;;;3;;;;Matches
120;Samuele Angori;it ITA;MF;Pisa;it Serie A;22-192;2003;23.6;;22;;;;;;;;;;;21;;;;Matches
121;Nilson Angulo;ec ECU;MF;Sunderland;eng Premier League;22-302;2003;2.8;;5;;;;;;;;;;;2;;;;Matches
122;Faustino Anjorin;eng ENG;MF;Torino;it Serie A;24-145;2001;3;;4;;;;;;;;;;;7;;;;Matches
123;Ilyas Ansah;de GER;MF,FW;Union Berlin;de Bundesliga;21-160;2004;17.9;;5;;;;;;;;;;;4;;;;Matches
124;Aaron Anselmino;ar ARG;DF;Dortmund;de Bundesliga;20-353;2005;4.1;;8;;;;;;;;;;;7;;;;Matches
125;Aaron Anselmino;ar ARG;DF;Strasbourg;fr Ligue 1;20-353;2005;0.2;;0;;;;;;;;;;;1;;;;Matches
126;Andrés Antañón;es ESP;FW;Celta Vigo;es La Liga;19-085;2007;0.7;;0;;;;;;;;;;;0;;;;Matches
127;Jaidon Anthony;eng ENG;MF;Burnley;eng Premier League;26-137;1999;24.5;;18;;;;;;;;;;;15;;;;Matches
128;Waldemar Anton;de GER;DF;Dortmund;de Bundesliga;29-271;1996;27;;32;;;;;;;;;;;20;;;;Matches
129;Kyllian Antonio;fr FRA;DF;Lens;fr Ligue 1;18-103;2008;1.3;;3;;;;;;;;;;;5;;;;Matches
130;Antoniu;es ESP;MF;Espanyol;es La Liga;23-224;2002;1.3;;1;;;;;;;;;;;0;;;;Matches
131;Antony;br BRA;MF,FW;Real Betis;es La Liga;26-052;2000;21.9;;17;;;;;;;;;;;18;;;;Matches
132;Youssef El-Arabi;ma MAR;FW;Nantes;fr Ligue 1;39-073;1987;10.2;;9;;;;;;;;;;;4;;;;Matches
133;Mauro Arambarri;uy URU;MF;Getafe;es La Liga;30-199;1995;29.2;;39;;;;;;;;;;;19;;;;Matches
134;Jon Aramburu;ve VEN;DF;Real Sociedad;es La Liga;23-268;2002;26.5;;56;;;;;;;;;;;41;;;;Matches
135;Juan Arango;ve VEN;MF;Girona;es La Liga;19-320;2006;0.2;;0;;;;;;;;;;;0;;;;Matches
136;Ronald Araújo;uy URU;DF;Barcelona;es La Liga;27-041;1999;10.6;;9;;;;;;;;;;;10;;;;Matches
137;Carlens Arcus;ht HAI;DF;Angers;fr Ligue 1;29-293;1996;22.3;;28;;;;;;;;;;;29;;;;Matches
138;Antonio Arena;it ITA;FW;Roma;it Serie A;17-066;2009;0.3;;0;;;;;;;;;;;0;;;;Matches
139;Alphonse Areola;fr FRA;GK;West Ham United;eng Premier League;33-049;1993;20;;0;;;;;;;;;;;1;;;;Matches
140;Jesús Areso;es ESP;DF;Athletic Club;es La Liga;26-289;1999;15.8;;15;;;;;;;;;;;20;;;;Matches
141;Jeremy Arévalo;ec ECU;FW;Stuttgart;de Bundesliga;21-029;2005;0.4;;0;;;;;;;;;;;0;;;;Matches
142;Paul Argney;fr FRA;GK;Le Havre;fr Ligue 1;19-329;2006;1;;0;;;;;;;;;;;0;;;;Matches
143;Iñigo Arguibide;es ESP;DF;Osasuna;es La Liga;20-363;2005;2.1;;3;;;;;;;;;;;1;;;;Matches
144;Jhon Arias;co COL;FW,MF;Wolves;eng Premier League;28-208;1997;12.5;;27;;;;;;;;;;;7;;;;Matches
145;Juan Arizala;co COL;MF;Udinese;it Serie A;20-189;2005;0.8;;2;;;;;;;;;;;0;;;;Matches
146;Adam Armstrong;eng ENG;FW,MF;Wolves;eng Premier League;29-066;1997;7.1;;3;;;;;;;;;;;1;;;;Matches
147;Harrison Armstrong;eng ENG;MF;Everton;eng Premier League;19-088;2007;5.5;;10;;;;;;;;;;;4;;;;Matches
148;Maximilian Arnold;de GER;MF;Wolfsburg;de Bundesliga;31-325;1994;20.6;;15;;;;;;;;;;;24;;;;Matches
149;Tolu Arokodare;ng NGA;FW;Wolves;eng Premier League;25-145;2000;14;;3;;;;;;;;;;;5;;;;Matches
150;Love Arrhov;se SWE;FW;Eintracht Frankfurt;de Bundesliga;17-335;2008;0.2;;2;;;;;;;;;;;0;;;;Matches
151;Kervin Arriaga;hn HON;MF;Levante;es La Liga;28-102;1998;13.1;;18;;;;;;;;;;;11;;;;Matches
152;Arthur;br BRA;MF;Leverkusen;de Bundesliga;23-031;2003;11.6;;11;;;;;;;;;;;18;;;;Matches
153;Takuma Asano;jp JPN;MF,FW;Mallorca;es La Liga;31-158;1994;5.6;;4;;;;;;;;;;;1;;;;Matches
154;Raúl Asencio;es ESP;DF;Real Madrid;es La Liga;23-063;2003;16;;11;;;;;;;;;;;8;;;;Matches
155;Fisnik Asllani;xk KVX;FW,MF;Hoffenheim;de Bundesliga;23-252;2002;21.6;;5;;;;;;;;;;;4;;;;Matches
156;Kristjan Asllani;al ALB;MF;Torino;it Serie A;24-039;2002;12.5;;14;;;;;;;;;;;12;;;;Matches
157;Joel Asoro;se SWE;FW;Metz;fr Ligue 1;26-355;1999;2.5;;0;;;;;;;;;;;0;;;;Matches
158;Iago Aspas;es ESP;FW,MF;Celta Vigo;es La Liga;38-259;1987;9.6;;9;;;;;;;;;;;11;;;;Matches
159;Yaser Asprilla;co COL;FW,MF;Girona;es La Liga;22-149;2003;6.8;;4;;;;;;;;;;;5;;;;Matches
160;Lorenz Assignon;tg TOG;DF,MF;Stuttgart;de Bundesliga;25-299;2000;11.3;;15;;;;;;;;;;;12;;;;Matches
161;Dehmaine Assoumani;fr FRA;MF;Nantes;fr Ligue 1;21-000;2005;12.6;;17;;;;;;;;;;;14;;;;Matches
162;Lander Astiazaran;es ESP;MF;Real Sociedad;es La Liga;20-010;2006;0;;0;;;;;;;;;;;1;;;;Matches
163;Otavio Ataide;br BRA;DF;Paris FC;fr Ligue 1;23-361;2002;19.2;;24;;;;;;;;;;;26;;;;Matches
164;Zachary Athekame;ch SUI;MF,DF;Milan;it Serie A;21-125;2004;6.4;;6;;;;;;;;;;;4;;;;Matches
165;Arthur Atta;fr FRA;MF;Udinese;it Serie A;23-093;2003;22.5;;13;;;;;;;;;;;20;;;;Matches
166;Noah Atubolu;de GER;GK;Freiburg;de Bundesliga;23-327;2002;29;;0;;;;;;;;;;;1;;;;Matches
167;Pierre-Emerick Aubameyang;ga GAB;FW;Marseille;fr Ligue 1;36-303;1989;19.3;;5;;;;;;;;;;;7;;;;Matches
168;Emil Audero;id IDN;GK;Cremonese;it Serie A;29-089;1997;28;;0;;;;;;;;;;;0;;;;Matches
169;Carlos Augusto;br BRA;MF,DF;Inter;it Serie A;27-100;1999;14.3;;19;;;;;;;;;;;14;;;;Matches
170;Yann Aurel Bisseck;de GER;DF;Inter;it Serie A;25-139;2000;17.4;;16;;;;;;;;;;;18;;;;Matches
171;Leon Avdullahu;xk KVX;MF;Hoffenheim;de Bundesliga;22-053;2004;26.5;;26;;;;;;;;;;;25;;;;Matches
172;Ezequiel Ávila;ar ARG;FW;Real Betis;es La Liga;32-070;1994;3.9;;1;;;;;;;;;;;3;;;;Matches
173;Arthur Avom;cm CMR;MF;Lorient;fr Ligue 1;21-123;2004;21;;29;;;;;;;;;;;25;;;;Matches
174;Chidozie Awaziem;ng NGA;DF;Nantes;fr Ligue 1;29-106;1997;22.7;;16;;;;;;;;;;;19;;;;Matches
175;Taiwo Awoniyi;ng NGA;FW;Nottingham Forest;eng Premier League;28-248;1997;3.1;;1;;;;;;;;;;;1;;;;Matches
176;Yasin Ayari;se SWE;MF;Brighton;eng Premier League;22-193;2003;20.2;;25;;;;;;;;;;;24;;;;Matches
177;Neil El Aynaoui;ma MAR;MF;Roma;it Serie A;24-289;2001;7.6;;7;;;;;;;;;;;16;;;;Matches
178;Ilyas Azizi;fr FRA;FW;Toulouse;fr Ligue 1;18-001;2008;0.1;;0;;;;;;;;;;;0;;;;Matches
179;César Azpilicueta;es ESP;DF;Sevilla;es La Liga;36-232;1989;11.5;;17;;;;;;;;;;;22;;;;Matches
180;Oussama El Azzouzi;ma MAR;MF,DF;Auxerre;fr Ligue 1;24-323;2001;9;;15;;;;;;;;;;;16;;;;Matches
181;Mio Backhaus;de GER;GK;Werder Bremen;de Bundesliga;22-001;2004;27;;0;;;;;;;;;;;0;;;;Matches
182;Loïc Bade;fr FRA;DF;Leverkusen;de Bundesliga;26-006;2000;17.3;;18;;;;;;;;;;;20;;;;Matches
183;Benoît Badiashile;fr FRA;DF;Chelsea;eng Premier League;25-022;2001;5.2;;5;;;;;;;;;;;9;;;;Matches
184;Alex Baena;es ESP;MF,FW;Atlético Madrid;es La Liga;24-271;2001;13.6;;9;;;;;;;;;;;9;;;;Matches
185;Samson Baidoo;at AUT;DF;Lens;fr Ligue 1;22-017;2004;17.2;;18;;;;;;;;;;;24;;;;Matches
186;Leon Bailey;jm JAM;MF;Aston Villa;eng Premier League;28-251;1997;3.8;;4;;;;;;;;;;;1;;;;Matches
187;Leon Bailey;jm JAM;FW;Roma;it Serie A;28-251;1997;2.1;;0;;;;;;;;;;;0;;;;Matches
188;Eric Bailly;ci CIV;DF;Oviedo;es La Liga;32-005;1994;10.6;;7;;;;;;;;;;;13;;;;Matches
189;Theo Bair;ca CAN;FW;Auxerre;fr Ligue 1;26-233;1999;0.1;;0;;;;;;;;;;;0;;;;Matches
190;Cédric Bakambu;cd COD;FW;Real Betis;es La Liga;35-006;1991;4.8;;2;;;;;;;;;;;1;;;;Matches
191;Johan Bakayoko;be BEL;FW,MF;RB Leipzig;de Bundesliga;22-362;2003;8.4;;3;;;;;;;;;;;2;;;;Matches
192;Darryl Bakola;fr FRA;MF;Marseille;fr Ligue 1;18-138;2007;0.8;;1;;;;;;;;;;;0;;;;Matches
193;Darryl Bakola;fr FRA;MF;Sassuolo;it Serie A;18-138;2007;1.1;;0;;;;;;;;;;;1;;;;Matches
194;Ridle Baku;de GER;DF;RB Leipzig;de Bundesliga;28-009;1998;23.7;;34;;;;;;;;;;;24;;;;Matches
195;Dilane Bakwa;fr FRA;FW,MF;Strasbourg;fr Ligue 1;23-234;2002;1.2;;1;;;;;;;;;;;1;;;;Matches
196;Dilane Bakwa;fr FRA;MF;Nottingham Forest;eng Premier League;23-234;2002;3.8;;2;;;;;;;;;;;0;;;;Matches
197;Luís Balbo;ve VEN;DF;Fiorentina;it Serie A;20-020;2006;0.3;;1;;;;;;;;;;;0;;;;Matches
198;Tommaso Baldanzi;it ITA;MF;Genoa;it Serie A;23-025;2003;3;;5;;;;;;;;;;;1;;;;Matches
199;Tommaso Baldanzi;it ITA;FW,MF;Roma;it Serie A;23-025;2003;4.3;;1;;;;;;;;;;;3;;;;Matches
200;Alejandro Balde;es ESP;DF;Barcelona;es La Liga;22-181;2003;17.5;;18;;;;;;;;;;;6;;;;Matches
201;Fabio Baldé;pt POR;FW,MF;Hamburger SV;de Bundesliga;20-271;2005;4.5;;7;;;;;;;;;;;0;;;;Matches
202;Carlos Baleba;cm CMR;MF;Brighton;eng Premier League;22-104;2004;14.4;;15;;;;;;;;;;;25;;;;Matches
203;Leonardo Balerdi;ar ARG;DF;Marseille;fr Ligue 1;27-081;1999;17.3;;20;;;;;;;;;;;19;;;;Matches
204;Daniel Ballard;nir NIR;DF;Sunderland;eng Premier League;26-207;1999;22.3;;16;;;;;;;;;;;19;;;;Matches
205;Carlos Ballestero;es ESP;DF;Alavés;es La Liga;21-358;2004;0;;0;;;;;;;;;;;0;;;;Matches
206;Iván Balliu;al ALB;DF;Rayo Vallecano;es La Liga;34-106;1992;3.7;;4;;;;;;;;;;;4;;;;Matches
207;Fodé Ballo-Touré;sn SEN;DF,MF;Metz;fr Ligue 1;29-104;1997;9.3;;16;;;;;;;;;;;5;;;;Matches
208;Folarin Balogun;us USA;FW;Monaco;fr Ligue 1;24-288;2001;20.1;;6;;;;;;;;;;;4;;;;Matches
209;Abdoulaye Bamba;ci CIV;DF;Angers;fr Ligue 1;35-357;1990;1.1;;1;;;;;;;;;;;2;;;;Matches
210;Aladji Bamba;fr FRA;MF;Monaco;fr Ligue 1;19-277;2006;6.8;;17;;;;;;;;;;;5;;;;Matches
211;Mohamed Bamba;ci CIV;FW;Lorient;fr Ligue 1;24-128;2001;7.6;;2;;;;;;;;;;;2;;;;Matches
212;Lameck Banda;zm ZAM;MF,FW;Lecce;it Serie A;25-078;2001;15.2;;14;;;;;;;;;;;6;;;;Matches
213;Noahkai Banks;us USA;DF;Augsburg;de Bundesliga;19-137;2006;18.8;;25;;;;;;;;;;;18;;;;Matches
214;Ezechiel Banzuzi;nl NED;MF;RB Leipzig;de Bundesliga;21-060;2005;6.6;;10;;;;;;;;;;;6;;;;Matches
215;Tommaso Barbieri;it ITA;MF;Cremonese;it Serie A;23-234;2002;16.7;;23;;;;;;;;;;;13;;;;Matches
216;Valentín Barco;ar ARG;MF;Strasbourg;fr Ligue 1;21-268;2004;22.5;;33;;;;;;;;;;;13;;;;Matches
217;Bradley Barcola;fr FRA;FW;Paris Saint-Germain;fr Ligue 1;23-227;2002;14.7;;12;;;;;;;;;;;11;;;;Matches
218;Melvin Bard;fr FRA;DF,MF;Nice;fr Ligue 1;25-162;2000;23.1;;29;;;;;;;;;;;32;;;;Matches
219;Roony Bardghji;se SWE;MF,FW;Barcelona;es La Liga;20-153;2005;4.4;;2;;;;;;;;;;;0;;;;Matches
220;Nicolò Barella;it ITA;MF;Inter;it Serie A;29-069;1997;23.9;;29;;;;;;;;;;;7;;;;Matches
221;Kike Barja;es ESP;MF;Osasuna;es La Liga;29-016;1997;3.7;;2;;;;;;;;;;;3;;;;Matches
222;Ross Barkley;eng ENG;MF;Aston Villa;eng Premier League;32-133;1993;5.3;;9;;;;;;;;;;;2;;;;Matches
223;Ashley Barnes;eng ENG;FW,MF;Burnley;eng Premier League;36-169;1989;0.4;;0;;;;;;;;;;;0;;;;Matches
224;Harvey Barnes;eng ENG;FW,MF;Newcastle United;eng Premier League;28-129;1997;18.7;;5;;;;;;;;;;;3;;;;Matches
225;Ander Barrenetxea;es ESP;MF,FW;Real Sociedad;es La Liga;24-111;2001;16.3;;11;;;;;;;;;;;15;;;;Matches
226;Pablo Barrios;es ESP;MF;Atlético Madrid;es La Liga;22-306;2003;17.5;;15;;;;;;;;;;;23;;;;Matches
227;Thierno Barry;fr FRA;FW;Everton;eng Premier League;23-178;2002;18.4;;2;;;;;;;;;;;5;;;;Matches
228;Davide Bartesaghi;it ITA;MF,DF;Milan;it Serie A;20-109;2005;22.7;;32;;;;;;;;;;;13;;;;Matches
229;Marc Bartra;es ESP;DF;Real Betis;es La Liga;35-092;1991;20.6;;18;;;;;;;;;;;28;;;;Matches
230;Federico Baschirotto;it ITA;DF;Cremonese;it Serie A;29-209;1996;26;;13;;;;;;;;;;;22;;;;Matches
231;Toma Bašić;hr CRO;MF;Lazio;it Serie A;29-143;1996;13.5;;12;;;;;;;;;;;7;;;;Matches
232;Calvin Bassey;ng NGA;DF;Fulham;eng Premier League;26-107;1999;22.2;;22;;;;;;;;;;;17;;;;Matches
233;Alessandro Bastoni;it ITA;DF;Inter;it Serie A;27-004;1999;23.5;;38;;;;;;;;;;;20;;;;Matches
234;Augusto Batalla;ar ARG;GK;Rayo Vallecano;es La Liga;29-352;1996;30;;1;;;;;;;;;;;0;;;;Matches
235;Michy Batshuayi;be BEL;FW;Eintracht Frankfurt;de Bundesliga;32-197;1993;1.5;;1;;;;;;;;;;;0;;;;Matches
236;Martin Baturina;hr CRO;MF,FW;Como;it Serie A;23-060;2003;12.8;;9;;;;;;;;;;;5;;;;Matches
237;Daniel Batz;de GER;GK;Mainz 05;de Bundesliga;35-095;1991;17;;0;;;;;;;;;;;0;;;;Matches
238;Elias Baum;de GER;DF;Eintracht Frankfurt;de Bundesliga;20-173;2005;0.7;;0;;;;;;;;;;;1;;;;Matches
239;Oliver Baumann;de GER;GK;Hoffenheim;de Bundesliga;35-319;1990;29;;0;;;;;;;;;;;0;;;;Matches
240;Christoph Baumgartner;at AUT;MF;RB Leipzig;de Bundesliga;26-259;1999;25.9;;31;;;;;;;;;;;18;;;;Matches
241;Altay Bayındır;tr TUR;GK;Manchester Utd;eng Premier League;28-003;1998;6;;0;;;;;;;;;;;0;;;;Matches
242;Vakoun Bayo;ci CIV;FW;Udinese;it Serie A;29-097;1997;4.7;;1;;;;;;;;;;;0;;;;Matches
243;Ihlas Bebou;tg TOG;FW,MF;Hoffenheim;de Bundesliga;31-359;1994;2.1;;1;;;;;;;;;;;3;;;;Matches
244;Samu Becerra;es ESP;MF;Rayo Vallecano;es La Liga;20-106;2006;0.1;;0;;;;;;;;;;;0;;;;Matches
245;Adrian Beck;de GER;MF;Heidenheim;de Bundesliga;28-312;1997;8.7;;15;;;;;;;;;;;3;;;;Matches
246;Sheraldo Becker;sr SUR;FW,MF;Osasuna;es La Liga;31-067;1995;1.8;;1;;;;;;;;;;;3;;;;Matches
247;Sheraldo Becker;sr SUR;FW;Mainz 05;de Bundesliga;31-067;1995;6.5;;0;;;;;;;;;;;2;;;;Matches
248;Donny van de Beek;nl NED;MF;Girona;es La Liga;28-364;1997;0.5;;0;;;;;;;;;;;0;;;;Matches
249;Tjaš Begić;si SVN;MF;Parma;it Serie A;22-291;2003;0;;0;;;;;;;;;;;0;;;;Matches
250;Hannes Behrens;de GER;DF,MF;Heidenheim;de Bundesliga;21-088;2005;9.6;;13;;;;;;;;;;;9;;;;Matches
251;Maximilian Beier;de GER;MF,FW;Dortmund;de Bundesliga;23-182;2002;18.1;;13;;;;;;;;;;;5;;;;Matches
252;Luken Beitia;es ESP;DF;Real Sociedad;es La Liga;21-291;2004;0.1;;0;;;;;;;;;;;0;;;;Matches
253;Ismael Bekhoucha;ma MAR;DF;Getafe;es La Liga;21-148;2004;1.4;;5;;;;;;;;;;;2;;;;Matches
254;Reda Belahyane;ma MAR;MF;Lazio;it Serie A;21-320;2004;5.8;;5;;;;;;;;;;;2;;;;Matches
255;Rayane Belaid;es ESP;MF;Atlético Madrid;es La Liga;21-065;2005;0.8;;0;;;;;;;;;;;0;;;;Matches
256;Rafik Belghali;dz ALG;MF;Hellas Verona;it Serie A;23-314;2002;15.9;;10;;;;;;;;;;;12;;;;Matches
257;Haris Belkebla;dz ALG;MF;Angers;fr Ligue 1;32-079;1994;26.9;;36;;;;;;;;;;;26;;;;Matches
258;Yassin Belkhdim;fr FRA;MF;Angers;fr Ligue 1;24-062;2002;23.7;;43;;;;;;;;;;;32;;;;Matches
259;Stefan Bell;de GER;DF;Mainz 05;de Bundesliga;34-236;1991;11.5;;6;;;;;;;;;;;19;;;;Matches
260;Armel Bella Kotchap;de GER;DF;Hellas Verona;it Serie A;24-127;2001;14;;10;;;;;;;;;;;29;;;;Matches
261;Raoul Bellanova;it ITA;MF;Atalanta;it Serie A;25-335;2000;13.2;;9;;;;;;;;;;;8;;;;Matches
262;Jean-Ricner Bellegarde;ht HAI;MF,FW;Wolves;eng Premier League;27-294;1998;12.7;;14;;;;;;;;;;;9;;;;Matches
263;Héctor Bellerín;es ESP;DF;Real Betis;es La Liga;31-029;1995;14.8;;8;;;;;;;;;;;10;;;;Matches
264;Jobe Bellingham;eng ENG;MF;Dortmund;de Bundesliga;20-206;2005;15.3;;20;;;;;;;;;;;37;;;;Matches
265;Jude Bellingham;eng ENG;MF;Real Madrid;es La Liga;22-292;2003;15.6;;33;;;;;;;;;;;12;;;;Matches
266;Jeanuël Belocian;fr FRA;DF,MF;Wolfsburg;de Bundesliga;21-059;2005;8.9;;9;;;;;;;;;;;10;;;;Matches
267;Jeanuël Belocian;fr FRA;DF;Leverkusen;de Bundesliga;21-059;2005;3.2;;2;;;;;;;;;;;2;;;;Matches
268;Andrea Belotti;it ITA;FW;Cagliari;it Serie A;32-118;1993;2.1;;0;;;;;;;;;;;3;;;;Matches
269;Fran Beltrán;es ESP;MF;Girona;es La Liga;27-073;1999;7.6;;9;;;;;;;;;;;6;;;;Matches
270;Fran Beltrán;es ESP;MF;Celta Vigo;es La Liga;27-073;1999;5.9;;5;;;;;;;;;;;8;;;;Matches
271;Lucas Beltrán;ar ARG;FW;Valencia;es La Liga;25-019;2001;13.8;;9;;;;;;;;;;;4;;;;Matches
272;Eliesse Ben Seghir;ma MAR;MF;Leverkusen;de Bundesliga;21-060;2005;2.2;;1;;;;;;;;;;;1;;;;Matches
273;Eliesse Ben Seghir;ma MAR;MF;Monaco;fr Ligue 1;21-060;2005;0.5;;0;;;;;;;;;;;0;;;;Matches
274;Carlos Benavídez;uy URU;DF;Alavés;es La Liga;28-018;1998;2.7;;5;;;;;;;;;;;3;;;;Matches
275;Adrian Benedyczak;pl POL;FW;Parma;it Serie A;25-144;2000;5.4;;6;;;;;;;;;;;1;;;;Matches
276;Yassine Benhattab;fr FRA;MF,FW;Nantes;fr Ligue 1;23-150;2002;5.3;;6;;;;;;;;;;;0;;;;Matches
277;Walter Benítez;ar ARG;GK;Crystal Palace;eng Premier League;33-088;1993;1;;0;;;;;;;;;;;0;;;;Matches
278;Iker Benito;es ESP;MF;Osasuna;es La Liga;23-250;2002;1.7;;0;;;;;;;;;;;2;;;;Matches
279;Mohamed Benoit Dao;fr FRA;FW;Paris FC;fr Ligue 1;19-074;2007;0;;0;;;;;;;;;;;0;;;;Matches
280;Ramy Bensebaini;dz ALG;DF;Dortmund;de Bundesliga;31-001;1995;15.5;;12;;;;;;;;;;;15;;;;Matches
281;Nabil Bentaleb;dz ALG;MF;Lille;fr Ligue 1;31-144;1994;13.3;;8;;;;;;;;;;;14;;;;Matches
282;Rodrigo Bentancur;uy URU;MF;Tottenham Hotspur;eng Premier League;28-296;1997;15.7;;21;;;;;;;;;;;24;;;;Matches
283;Lucas Beraldo;br BRA;DF;Paris Saint-Germain;fr Ligue 1;22-144;2003;10.4;;10;;;;;;;;;;;12;;;;Matches
284;Domenico Berardi;it ITA;FW;Sassuolo;it Serie A;31-259;1994;19;;17;;;;;;;;;;;20;;;;Matches
285;Yuri Berchiche;es ESP;DF;Athletic Club;es La Liga;36-066;1990;25.5;;23;;;;;;;;;;;29;;;;Matches
286;Álex Berenguer;es ESP;MF;Athletic Club;es La Liga;30-287;1995;20.8;;12;;;;;;;;;;;12;;;;Matches
287;Sander Berge;no NOR;MF;Fulham;eng Premier League;28-062;1998;29.8;;40;;;;;;;;;;;23;;;;Matches
288;Lucas Bergström;fi FIN;GK;Mallorca;es La Liga;23-224;2002;5;;0;;;;;;;;;;;0;;;;Matches
289;Lucas Bergvall;se SWE;MF;Tottenham Hotspur;eng Premier League;20-074;2006;10.1;;12;;;;;;;;;;;3;;;;Matches
290;Medon Berisha;al ALB;MF;Lecce;it Serie A;22-178;2003;9.7;;12;;;;;;;;;;;5;;;;Matches
291;Anthony Bermont;fr FRA;FW;Lens;fr Ligue 1;21-066;2005;1;;0;;;;;;;;;;;3;;;;Matches
292;Adrian Bernabe;es ESP;MF;Parma;it Serie A;24-326;2001;25;;21;;;;;;;;;;;15;;;;Matches
293;Marc Bernal;es ESP;MF;Barcelona;es La Liga;18-326;2007;5.9;;13;;;;;;;;;;;6;;;;Matches
294;Gabin Bernardeau;fr FRA;MF;Nice;fr Ligue 1;20-083;2006;1.1;;4;;;;;;;;;;;0;;;;Matches
295;Federico Bernardeschi;it ITA;MF,FW;Bologna;it Serie A;32-060;1994;10;;6;;;;;;;;;;;3;;;;Matches
296;Bernardo;br BRA;DF;Hoffenheim;de Bundesliga;30-338;1995;21.8;;35;;;;;;;;;;;31;;;;Matches
297;Lorenzo Bernasconi;it ITA;MF;Atalanta;it Serie A;22-152;2003;17.1;;16;;;;;;;;;;;14;;;;Matches
298;Antoine Bernede;fr FRA;MF;Hellas Verona;it Serie A;26-326;1999;21.6;;33;;;;;;;;;;;12;;;;Matches
299;Nicolò Bertola;it ITA;DF,MF;Udinese;it Serie A;23-025;2003;18.3;;20;;;;;;;;;;;22;;;;Matches
300;Jan-Niklas Beste;de GER;MF;Freiburg;de Bundesliga;27-103;1999;16.1;;20;;;;;;;;;;;15;;;;Matches
301;Beto;gw GNB;FW;Everton;eng Premier League;28-076;1998;14.3;;4;;;;;;;;;;;1;;;;Matches
302;Sam Beukema;nl NED;DF;Napoli;it Serie A;27-151;1998;15.3;;15;;;;;;;;;;;13;;;;Matches
303;Matteo Bianchetti;it ITA;DF;Cremonese;it Serie A;33-031;1993;20.6;;27;;;;;;;;;;;12;;;;Matches
304;Mika Biereth;dk DEN;FW;Monaco;fr Ligue 1;23-068;2003;11.3;;7;;;;;;;;;;;0;;;;Matches
305;Pedro Bigas;es ESP;DF;Elche;es La Liga;35-214;1990;17.8;;16;;;;;;;;;;;25;;;;Matches
306;Justin Bijlow;nl NED;GK;Genoa;it Serie A;28-085;1998;11;;0;;;;;;;;;;;0;;;;Matches
307;Jaka Bijol;si SVN;DF;Leeds United;eng Premier League;27-071;1999;15.5;;13;;;;;;;;;;;20;;;;Matches
308;Cristiano Biraghi;it ITA;MF,DF;Torino;it Serie A;33-228;1992;5.3;;7;;;;;;;;;;;2;;;;Matches
309;Veljko Birmančević;rs SRB;FW,MF;Getafe;es La Liga;28-043;1998;1;;0;;;;;;;;;;;1;;;;Matches
310;Tom Bischof;de GER;DF,MF;Bayern Munich;de Bundesliga;20-293;2005;12.5;;13;;;;;;;;;;;11;;;;Matches
311;Yves Bissouma;ml MLI;MF;Tottenham Hotspur;eng Premier League;29-230;1996;5.1;;11;;;;;;;;;;;8;;;;Matches
312;Leonardo Bittencourt;de GER;MF;Werder Bremen;de Bundesliga;32-119;1993;6.6;;10;;;;;;;;;;;8;;;;Matches
313;Emmanuel Biumla;fr FRA;DF;Angers;fr Ligue 1;20-344;2005;2.6;;3;;;;;;;;;;;2;;;;Matches
314;Marco Bizot;nl NED;GK;Aston Villa;eng Premier League;35-038;1991;5.5;;0;;;;;;;;;;;0;;;;Matches
315;Antonio Blanco;es ESP;MF;Alavés;es La Liga;25-268;2000;27.7;;45;;;;;;;;;;;45;;;;Matches
316;Ludovic Blas;fr FRA;MF,FW;Rennes;fr Ligue 1;28-107;1997;13.6;;8;;;;;;;;;;;9;;;;Matches
317;Janis Blaswich;de GER;GK;Leverkusen;de Bundesliga;34-350;1991;9.3;;0;;;;;;;;;;;0;;;;Matches
318;Daley Blind;nl NED;DF;Girona;es La Liga;36-039;1990;26.4;;31;;;;;;;;;;;35;;;;Matches
319;Adam Boayar;ma MAR;MF;Elche;es La Liga;20-186;2005;1.2;;2;;;;;;;;;;;1;;;;Matches
320;Oscar Bobb;no NOR;MF,FW;Manchester City;eng Premier League;22-279;2003;5.2;;5;;;;;;;;;;;3;;;;Matches
321;Oscar Bobb;no NOR;MF;Fulham;eng Premier League;22-279;2003;3.8;;3;;;;;;;;;;;4;;;;Matches
322;Ben Bobzien;de GER;FW,MF;Mainz 05;de Bundesliga;22-353;2003;0.1;;2;;;;;;;;;;;0;;;;Matches
323;Arnaud Bodart;be BEL;GK;Lille;fr Ligue 1;28-037;1998;2.5;;0;;;;;;;;;;;0;;;;Matches
324;Sacha Boey;fr FRA;DF;Bayern Munich;de Bundesliga;25-216;2000;5.1;;4;;;;;;;;;;;7;;;;Matches
325;Jeremie Boga;ci CIV;MF,FW;Nice;fr Ligue 1;29-104;1997;7.2;;5;;;;;;;;;;;3;;;;Matches
326;Jeremie Boga;ci CIV;FW,MF;Juventus;it Serie A;29-104;1997;4.1;;3;;;;;;;;;;;1;;;;Matches
327;Lamare Bogarde;nl NED;MF,DF;Aston Villa;eng Premier League;22-102;2004;9;;14;;;;;;;;;;;3;;;;Matches
328;Jayden Bogle;eng ENG;MF,DF;Leeds United;eng Premier League;25-264;2000;27.7;;36;;;;;;;;;;;26;;;;Matches
329;Dmytro Bohdanov;ua UKR;MF;Union Berlin;de Bundesliga;19-042;2007;0;;0;;;;;;;;;;;0;;;;Matches
330;Adama Boiro;es ESP;DF;Athletic Club;es La Liga;23-299;2002;6.6;;7;;;;;;;;;;;14;;;;Matches
331;Morgan Bokelé Mputu;cm CMR;MF;Metz;fr Ligue 1;22-035;2004;2.5;;4;;;;;;;;;;;1;;;;Matches
332;Hugo Bolin;se SWE;MF;Gladbach;de Bundesliga;22-267;2003;4;;1;;;;;;;;;;;1;;;;Matches
333;Daniel Boloca;ro ROU;MF;Sassuolo;it Serie A;27-116;1998;1.5;;2;;;;;;;;;;;2;;;;Matches
334;Moïse Bombito;ca CAN;DF;Nice;fr Ligue 1;26-018;2000;1.6;;1;;;;;;;;;;;2;;;;Matches
335;Javier Boñar;es ESP;DF;Atlético Madrid;es La Liga;20-318;2005;1;;0;;;;;;;;;;;0;;;;Matches
336;Federico Bonazzoli;it ITA;FW;Cremonese;it Serie A;28-331;1997;22.3;;10;;;;;;;;;;;9;;;;Matches
337;Warren Bondo;fr FRA;MF;Cremonese;it Serie A;22-214;2003;17.7;;14;;;;;;;;;;;9;;;;Matches
338;Giovanni Bonfanti;it ITA;DF,MF;Pisa;it Serie A;23-090;2003;5.5;;6;;;;;;;;;;;7;;;;Matches
339;Victor Boniface;ng NGA;FW;Werder Bremen;de Bundesliga;25-115;2000;3.7;;1;;;;;;;;;;;0;;;;Matches
340;Rahim Bonkano;ne NIG;DF;Oviedo;es La Liga;24-106;2002;16.2;;17;;;;;;;;;;;21;;;;Matches
341;Ange-Yoan Bonny;fr FRA;FW;Inter;it Serie A;22-174;2003;9.7;;9;;;;;;;;;;;1;;;;Matches
342;Thiago Borbas;uy URU;FW;Oviedo;es La Liga;24-010;2002;1;;0;;;;;;;;;;;0;;;;Matches
343;Sebastiaan Bornauw;be BEL;DF;Leeds United;eng Premier League;27-026;1999;3.4;;2;;;;;;;;;;;5;;;;Matches
344;Gennaro Borrelli;it ITA;FW;Cagliari;it Serie A;26-038;2000;12.4;;6;;;;;;;;;;;3;;;;Matches
345;Olivier Boscagli;fr FRA;DF;Brighton;eng Premier League;28-150;1997;5.9;;7;;;;;;;;;;;11;;;;Matches
346;Sebastián Boselli;uy URU;DF;Getafe;es La Liga;22-134;2003;2.5;;8;;;;;;;;;;;0;;;;Matches
347;Sven Botman;nl NED;DF;Newcastle United;eng Premier League;26-095;2000;14.4;;10;;;;;;;;;;;12;;;;Matches
348;Ayyoub Bouaddi;fr FRA;MF;Lille;fr Ligue 1;18-197;2007;21.5;;33;;;;;;;;;;;23;;;;Matches
349;Badredine Bouanani;dz ALG;MF;Nice;fr Ligue 1;21-130;2004;1;;0;;;;;;;;;;;1;;;;Matches
350;Badredine Bouanani;dz ALG;MF;Stuttgart;de Bundesliga;21-130;2004;4.9;;3;;;;;;;;;;;4;;;;Matches
351;Kaïl Boudache;fr FRA;FW;Nice;fr Ligue 1;19-306;2006;4.3;;7;;;;;;;;;;;6;;;;Matches
352;Hicham Boudaoui;dz ALG;MF;Nice;fr Ligue 1;26-206;1999;15.3;;13;;;;;;;;;;;17;;;;Matches
353;Sofiane Boufal;ma MAR;FW,MF;Le Havre;fr Ligue 1;32-212;1993;7.9;;9;;;;;;;;;;;2;;;;Matches
354;Justin Bourgault;fr FRA;FW;Brest;fr Ligue 1;20-215;2005;0.2;;0;;;;;;;;;;;1;;;;Matches
355;Jarrod Bowen;eng ENG;MF,FW;West Ham United;eng Premier League;29-118;1996;31.9;;23;;;;;;;;;;;23;;;;Matches
356;Kieron Bowie;sct SCO;FW;Hellas Verona;it Serie A;23-208;2002;8.3;;1;;;;;;;;;;;0;;;;Matches
357;Lucas Boyé;ar ARG;FW;Alavés;es La Liga;30-048;1996;20;;24;;;;;;;;;;;7;;;;Matches
358;Enzo Boyomo;cm CMR;DF;Osasuna;es La Liga;24-192;2001;21.2;;30;;;;;;;;;;;11;;;;Matches
359;Rosen Bozhinov;bg BUL;DF;Pisa;it Serie A;21-084;2005;3.8;;2;;;;;;;;;;;8;;;;Matches
360;Domagoj Bradarić;hr CRO;MF;Hellas Verona;it Serie A;26-128;1999;20.3;;19;;;;;;;;;;;9;;;;Matches
361;Conor Bradley;nir NIR;DF;Liverpool;eng Premier League;22-282;2003;10.3;;15;;;;;;;;;;;12;;;;Matches
362;Bilal Brahimi;dz ALG;FW,MF;Nice;fr Ligue 1;26-034;2000;0;;0;;;;;;;;;;;0;;;;Matches
363;Julian Brandt;de GER;MF,FW;Dortmund;de Bundesliga;29-350;1996;14.7;;7;;;;;;;;;;;5;;;;Matches
364;Jarrad Branthwaite;eng ENG;DF;Everton;eng Premier League;23-294;2002;6.6;;5;;;;;;;;;;;10;;;;Matches
365;Lilian Brassier;fr FRA;DF;Rennes;fr Ligue 1;26-166;1999;22;;11;;;;;;;;;;;34;;;;Matches
366;Iker Bravo;es ESP;FW;Udinese;it Serie A;21-094;2005;2.3;;1;;;;;;;;;;;0;;;;Matches
367;Josip Brekalo;hr CRO;MF,FW;Oviedo;es La Liga;27-298;1998;5.4;;7;;;;;;;;;;;2;;;;Matches
368;Gleison Bremer;br BRA;DF;Juventus;it Serie A;29-030;1997;19.1;;11;;;;;;;;;;;22;;;;Matches
369;Marco Brescianini;it ITA;MF;Fiorentina;it Serie A;26-087;2000;7;;2;;;;;;;;;;;1;;;;Matches
370;Marco Brescianini;it ITA;MF;Atalanta;it Serie A;26-087;2000;2;;8;;;;;;;;;;;2;;;;Matches
371;Abel Bretones;es ESP;MF,DF;Osasuna;es La Liga;25-239;2000;15.9;;11;;;;;;;;;;;13;;;;Matches
372;Sascha Britschgi;ch SUI;MF,DF;Parma;it Serie A;19-233;2006;22.1;;18;;;;;;;;;;;8;;;;Matches
373;Brian Brobbey;nl NED;FW;Sunderland;eng Premier League;24-075;2002;16.2;;1;;;;;;;;;;;0;;;;Matches
374;Marius Broholm;no NOR;MF;Lille;fr Ligue 1;21-112;2004;3.1;;6;;;;;;;;;;;2;;;;Matches
375;Armando Broja;al ALB;FW;Burnley;eng Premier League;24-219;2001;9.2;;3;;;;;;;;;;;3;;;;Matches
376;David Brooks;wls WAL;MF;Bournemouth;eng Premier League;28-283;1997;11.9;;10;;;;;;;;;;;3;;;;Matches
377;Nathaniel Brown;de GER;MF,DF;Eintracht Frankfurt;de Bundesliga;22-305;2003;24.5;;48;;;;;;;;;;;22;;;;Matches
378;Brugui;es ESP;MF,FW;Levante;es La Liga;29-164;1996;10;;5;;;;;;;;;;;3;;;;Matches
379;Paris Brunner;de GER;FW;Monaco;fr Ligue 1;20-061;2006;1.3;;2;;;;;;;;;;;1;;;;Matches
380;Jacob Bruun Larsen;dk DEN;MF,FW;Burnley;eng Premier League;27-210;1998;11.1;;3;;;;;;;;;;;6;;;;Matches
381;Tajon Buchanan;ca CAN;MF;Villarreal;es La Liga;27-068;1999;18;;18;;;;;;;;;;;22;;;;Matches
382;Ante Budimir;hr CRO;FW;Osasuna;es La Liga;34-269;1991;26.2;;13;;;;;;;;;;;5;;;;Matches
383;Emi Buendía;ar ARG;MF;Aston Villa;eng Premier League;29-113;1996;16.3;;20;;;;;;;;;;;8;;;;Matches
384;Hugo Bueno;es ESP;MF,DF;Wolves;eng Premier League;23-211;2002;22.7;;30;;;;;;;;;;;30;;;;Matches
385;Manu Bueno;es ESP;MF;Sevilla;es La Liga;21-264;2004;2.3;;1;;;;;;;;;;;0;;;;Matches
386;Santiago Bueno;uy URU;DF;Wolves;eng Premier League;27-159;1998;22.4;;22;;;;;;;;;;;21;;;;Matches
387;Louis Buffon;cz CZE;FW;Pisa;it Serie A;18-110;2007;0.4;;0;;;;;;;;;;;0;;;;Matches
388;Adam Buksa;pl POL;FW;Udinese;it Serie A;29-279;1996;7;;5;;;;;;;;;;;2;;;;Matches
389;Andrija Bulatović;me MNE;MF;Lens;fr Ligue 1;19-111;2006;6.3;;15;;;;;;;;;;;6;;;;Matches
390;Marius Bülter;de GER;FW,MF;Köln;de Bundesliga;33-019;1993;14;;2;;;;;;;;;;;6;;;;Matches
391;Facundo Buonanotte;ar ARG;MF;Leeds United;eng Premier League;21-115;2004;0.3;;0;;;;;;;;;;;1;;;;Matches
392;Facundo Buonanotte;ar ARG;MF;Chelsea;eng Premier League;21-115;2004;0.5;;0;;;;;;;;;;;0;;;;Matches
393;Alessandro Buongiorno;it ITA;DF;Napoli;it Serie A;26-315;1999;23.4;;20;;;;;;;;;;;38;;;;Matches
394;Livan Burcu;tr TUR;MF,FW;Union Berlin;de Bundesliga;21-201;2004;5.3;;7;;;;;;;;;;;2;;;;Matches
395;Jan Bürger;de GER;MF,DF;Wolfsburg;de Bundesliga;19-038;2007;2.7;;3;;;;;;;;;;;0;;;;Matches
396;Wouter Burger;nl NED;MF;Hoffenheim;de Bundesliga;25-060;2001;22.4;;38;;;;;;;;;;;15;;;;Matches
397;Jonathan Burkardt;de GER;FW;Eintracht Frankfurt;de Bundesliga;25-280;2000;12.7;;2;;;;;;;;;;;1;;;;Matches
398;Oliver Burke;sct SCO;MF,FW;Union Berlin;de Bundesliga;29-010;1997;13.6;;4;;;;;;;;;;;3;;;;Matches
399;Vincent Burlet;be BEL;DF;Lille;fr Ligue 1;20-206;2005;0.2;;0;;;;;;;;;;;0;;;;Matches
400;Dan Burn;eng ENG;DF;Newcastle United;eng Premier League;33-343;1992;20.1;;21;;;;;;;;;;;16;;;;Matches
401;Bradley Burrowes;eng ENG;MF;Aston Villa;eng Premier League;18-044;2008;0.2;;0;;;;;;;;;;;0;;;;Matches
402;Marnon Busch;de GER;DF,MF;Heidenheim;de Bundesliga;31-130;1994;17.8;;21;;;;;;;;;;;25;;;;Matches
403;Aurélio Buta;pt POR;DF;Eintracht Frankfurt;de Bundesliga;29-066;1997;1.6;;5;;;;;;;;;;;0;;;;Matches
404;Jean Butez;fr FRA;GK;Como;it Serie A;30-313;1995;32;;1;;;;;;;;;;;0;;;;Matches
405;Jun'ai Byfield;eng ENG;DF;Tottenham Hotspur;eng Premier League;17-132;2008;0;;0;;;;;;;;;;;0;;;;Matches
406;Sam Byram;eng ENG;DF,MF;Leeds United;eng Premier League;32-213;1993;0.1;;0;;;;;;;;;;;0;;;;Matches
407;William Bøving;dk DEN;MF;Mainz 05;de Bundesliga;23-047;2003;2.2;;1;;;;;;;;;;;0;;;;Matches
408;Rémy Cabella;fr FRA;MF,FW;Nantes;fr Ligue 1;36-040;1990;5.6;;7;;;;;;;;;;;4;;;;Matches
409;Jorge Cabello;es ESP;DF;Levante;es La Liga;21-357;2004;4;;3;;;;;;;;;;;0;;;;Matches
410;Pape Cabral;fr FRA;MF;Monaco;fr Ligue 1;19-087;2007;0.9;;1;;;;;;;;;;;1;;;;Matches
411;Leandro Cabrera;uy URU;DF;Espanyol;es La Liga;34-304;1991;30;;22;;;;;;;;;;;20;;;;Matches
412;Anthony Caci;fr FRA;MF;Mainz 05;de Bundesliga;28-290;1997;3.6;;4;;;;;;;;;;;3;;;;Matches
413;Noah Cadiou;gp GLP;MF;Lorient;fr Ligue 1;27-173;1998;15.9;;14;;;;;;;;;;;22;;;;Matches
414;Mathieu Cafaro;fr FRA;FW;Paris FC;fr Ligue 1;29-023;1997;1.7;;0;;;;;;;;;;;0;;;;Matches
415;Moisés Caicedo;ec ECU;MF;Chelsea;eng Premier League;24-166;2001;25.1;;43;;;;;;;;;;;52;;;;Matches
416;Tom Cairney;sct SCO;MF;Fulham;eng Premier League;35-087;1991;6.2;;3;;;;;;;;;;;2;;;;Matches
417;Arturo Calabresi;it ITA;DF;Pisa;it Serie A;30-031;1996;13.9;;10;;;;;;;;;;;17;;;;Matches
418;Riccardo Calafiori;it ITA;DF;Arsenal;eng Premier League;23-333;2002;16.1;;18;;;;;;;;;;;13;;;;Matches
419;Calebe;br BRA;MF;Alavés;es La Liga;25-352;2000;8;;14;;;;;;;;;;;7;;;;Matches
420;Fernando Calero;es ESP;DF;Espanyol;es La Liga;30-215;1995;18.7;;15;;;;;;;;;;;24;;;;Matches
421;Duje Ćaleta-Car;hr CRO;DF;Real Sociedad;es La Liga;29-212;1996;18.9;;11;;;;;;;;;;;25;;;;Matches
422;Hakan Çalhanoğlu;tr TUR;MF;Inter;it Serie A;32-068;1994;17.3;;17;;;;;;;;;;;19;;;;Matches
423;Dominic Calvert-Lewin;eng ENG;FW;Leeds United;eng Premier League;29-032;1997;24.5;;4;;;;;;;;;;;2;;;;Matches
424;Dani Calvo;es ESP;DF;Oviedo;es La Liga;32-016;1994;12.9;;10;;;;;;;;;;;7;;;;Matches
425;Adama Camara;fr FRA;MF,DF;Paris FC;fr Ligue 1;29-181;1996;21.7;;26;;;;;;;;;;;30;;;;Matches
426;Amady Camara;ml MLI;FW;Nantes;fr Ligue 1;20-324;2005;1.9;;3;;;;;;;;;;;1;;;;Matches
427;Dawda Camara;mr MTN;FW;Girona;es La Liga;23-164;2002;0.8;;0;;;;;;;;;;;1;;;;Matches
428;Lamine Camara;sn SEN;MF;Monaco;fr Ligue 1;22-106;2004;16.9;;29;;;;;;;;;;;35;;;;Matches
429;Mahdi Camara;fr FRA;MF;Rennes;fr Ligue 1;27-291;1998;24.6;;28;;;;;;;;;;;25;;;;Matches
430;Ousmane Camara;ml MLI;DF;Angers;fr Ligue 1;23-042;2003;26.7;;29;;;;;;;;;;;34;;;;Matches
431;Francesco Camarda;it ITA;FW;Lecce;it Serie A;18-038;2008;7.1;;1;;;;;;;;;;;0;;;;Matches
432;Eduardo Camavinga;fr FRA;MF;Real Madrid;es La Liga;23-158;2002;14.4;;32;;;;;;;;;;;14;;;;Matches
433;Nicolò Cambiaghi;it ITA;MF,FW;Bologna;it Serie A;25-110;2000;16.1;;20;;;;;;;;;;;8;;;;Matches
434;Andrea Cambiaso;it ITA;MF,DF;Juventus;it Serie A;26-056;2000;25.9;;33;;;;;;;;;;;19;;;;Matches
435;Axel Camblan;fr FRA;FW;Brest;fr Ligue 1;22-230;2003;0.1;;0;;;;;;;;;;;0;;;;Matches
436;Sergio Camello;es ESP;FW;Rayo Vallecano;es La Liga;25-066;2001;5.4;;2;;;;;;;;;;;3;;;;Matches
437;Cole Campbell;us USA;FW;Hoffenheim;de Bundesliga;20-056;2006;0.3;;0;;;;;;;;;;;0;;;;Matches
438;Cole Campbell;us USA;FW;Dortmund;de Bundesliga;20-056;2006;0.2;;0;;;;;;;;;;;0;;;;Matches
439;Emre Can;de GER;DF;Dortmund;de Bundesliga;32-095;1994;6.9;;8;;;;;;;;;;;13;;;;Matches
440;Matteo Cancellieri;it ITA;FW,MF;Lazio;it Serie A;24-064;2002;15.3;;20;;;;;;;;;;;18;;;;Matches
441;João Cancelo;pt POR;DF;Barcelona;es La Liga;31-325;1994;6.1;;13;;;;;;;;;;;11;;;;Matches
442;Fali Candé;gw GNB;DF;Sassuolo;it Serie A;28-083;1998;5.7;;9;;;;;;;;;;;2;;;;Matches
443;Simone Canestrelli;it ITA;DF;Pisa;it Serie A;25-218;2000;29.6;;23;;;;;;;;;;;24;;;;Matches
444;Jaydee Canvot;fr FRA;MF,DF;Toulouse;fr Ligue 1;19-262;2006;2;;1;;;;;;;;;;;0;;;;Matches
445;Jaydee Canvot;fr FRA;DF;Crystal Palace;eng Premier League;19-262;2006;8.8;;14;;;;;;;;;;;7;;;;Matches
446;Nicolás Capaldo;ar ARG;DF,MF;Hamburger SV;de Bundesliga;27-215;1998;17.3;;33;;;;;;;;;;;32;;;;Matches
447;Pierrick Capelle;fr FRA;MF;Angers;fr Ligue 1;39-002;1987;3.1;;10;;;;;;;;;;;3;;;;Matches
448;Elia Caprile;it ITA;GK;Cagliari;it Serie A;24-235;2001;32;;0;;;;;;;;;;;0;;;;Matches
449;Maxence Caqueret;fr FRA;MF;Como;it Serie A;26-061;2000;14.1;;21;;;;;;;;;;;11;;;;Matches
450;Antonio Caracciolo;it ITA;DF;Pisa;it Serie A;35-291;1990;29.1;;39;;;;;;;;;;;46;;;;Matches
451;Franco Carboni;it ITA;MF;Parma;it Serie A;23-013;2003;0.1;;0;;;;;;;;;;;0;;;;Matches
452;Valentin Carboni;ar ARG;MF;Genoa;it Serie A;21-043;2005;4;;8;;;;;;;;;;;2;;;;Matches
453;Dani Cárdenas;es ESP;GK;Rayo Vallecano;es La Liga;29-020;1997;1;;0;;;;;;;;;;;0;;;;Matches
454;Sergi Cardona;es ESP;DF;Villarreal;es La Liga;26-283;1999;18.3;;27;;;;;;;;;;;30;;;;Matches
455;Fábio Cardoso;pt POR;DF;Sevilla;es La Liga;31-363;1994;3.3;;3;;;;;;;;;;;4;;;;Matches
456;Johnny Cardoso;us USA;MF;Atlético Madrid;es La Liga;24-209;2001;8.5;;18;;;;;;;;;;;12;;;;Matches
457;Maycon Cardozo;br BRA;MF;Bayern Munich;de Bundesliga;17-189;2008;0.4;;0;;;;;;;;;;;0;;;;Matches
458;Igor Carioca;br BRA;DF;Lorient;fr Ligue 1;29-239;1996;13.3;;19;;;;;;;;;;;13;;;;Matches
459;Patrik Carlgren;se SWE;GK;Nantes;fr Ligue 1;34-099;1992;1;;0;;;;;;;;;;;0;;;;Matches
460;Diego Carlos;br BRA;DF;Como;it Serie A;33-033;1993;18.9;;17;;;;;;;;;;;18;;;;Matches
461;Kevin Carlos;es ESP;FW;Nice;fr Ligue 1;25-007;2001;9.3;;1;;;;;;;;;;;1;;;;Matches
462;David Carmo;ao ANG;DF;Oviedo;es La Liga;26-272;1999;19.1;;17;;;;;;;;;;;21;;;;Matches
463;Carmona;es ESP;DF,MF;Sevilla;es La Liga;24-078;2002;22.7;;35;;;;;;;;;;;36;;;;Matches
464;Marco Carnesecchi;it ITA;GK;Atalanta;it Serie A;25-290;2000;32;;0;;;;;;;;;;;0;;;;Matches
465;Sergio Carreira;es ESP;MF;Celta Vigo;es La Liga;25-186;2000;23.7;;15;;;;;;;;;;;24;;;;Matches
466;Gorka Carrera;es ESP;FW;Real Sociedad;es La Liga;20-337;2005;0.2;;0;;;;;;;;;;;0;;;;Matches
467;Álvaro Carreras;es ESP;DF;Real Madrid;es La Liga;23-025;2003;22.9;;17;;;;;;;;;;;35;;;;Matches
468;Dani Carvajal;es ESP;DF;Real Madrid;es La Liga;34-096;1992;8.3;;9;;;;;;;;;;;4;;;;Matches
469;Fabio Carvalho;pt POR;MF;Brentford;eng Premier League;23-230;2002;1.1;;2;;;;;;;;;;;0;;;;Matches
470;Cesare Casadei;it ITA;MF;Torino;it Serie A;23-097;2003;19.4;;15;;;;;;;;;;;8;;;;Matches
471;Marc Casado;es ESP;MF;Barcelona;es La Liga;22-215;2003;10.1;;8;;;;;;;;;;;7;;;;Matches
472;Nicolò Casale;it ITA;DF;Bologna;it Serie A;28-062;1998;7.5;;2;;;;;;;;;;;7;;;;Matches
473;Casemiro;br BRA;MF;Manchester Utd;eng Premier League;34-053;1992;24.7;;36;;;;;;;;;;;23;;;;Matches
474;Matty Cash;pl POL;DF;Aston Villa;eng Premier League;28-253;1997;28.1;;23;;;;;;;;;;;22;;;;Matches
475;Josué Casimir;ht HAI;MF,FW;Auxerre;fr Ligue 1;24-205;2001;15.9;;15;;;;;;;;;;;10;;;;Matches
476;Cristian Cásseres Jr.;ve VEN;MF;Toulouse;fr Ligue 1;26-087;2000;23.7;;34;;;;;;;;;;;31;;;;Matches
477;Timothy Castagne;be BEL;DF,MF;Fulham;eng Premier League;30-133;1995;14.6;;17;;;;;;;;;;;21;;;;Matches
478;Valentín Castellanos;ar ARG;FW;Lazio;it Serie A;27-196;1998;7.7;;3;;;;;;;;;;;3;;;;Matches
479;Valentín Castellanos;ar ARG;FW;West Ham United;eng Premier League;27-196;1998;10.5;;5;;;;;;;;;;;1;;;;Matches
480;Castrin;es ESP;DF;Sevilla;es La Liga;23-106;2003;9.1;;10;;;;;;;;;;;13;;;;Matches
481;Jonny Castro;es ESP;DF;Alavés;es La Liga;32-045;1994;29.3;;37;;;;;;;;;;;37;;;;Matches
482;Santiago Castro;ar ARG;FW;Bologna;it Serie A;21-211;2004;21.8;;8;;;;;;;;;;;1;;;;Matches
483;Alessio Castro-Montes;be BEL;MF,DF;Köln;de Bundesliga;28-335;1997;5.4;;13;;;;;;;;;;;4;;;;Matches
484;Danilo Cataldi;it ITA;MF;Lazio;it Serie A;31-254;1994;21.4;;22;;;;;;;;;;;21;;;;Matches
485;Catena;es ESP;DF;Osasuna;es La Liga;31-171;1994;28.1;;24;;;;;;;;;;;30;;;;Matches
486;Nicolò Cavuoti;it ITA;MF;Cagliari;it Serie A;23-013;2003;0.5;;0;;;;;;;;;;;0;;;;Matches
487;Santi Cazorla;es ESP;MF;Oviedo;es La Liga;41-125;1984;7.1;;6;;;;;;;;;;;1;;;;Matches
488;Dani Ceballos;es ESP;MF;Real Madrid;es La Liga;29-253;1996;5.2;;10;;;;;;;;;;;7;;;;Matches
489;Federico Ceccherini;it ITA;DF;Cremonese;it Serie A;33-341;1992;5.3;;2;;;;;;;;;;;7;;;;Matches
490;Abdoulie Ceesay;gm GAM;FW;St Pauli;de Bundesliga;22-102;2004;2.4;;0;;;;;;;;;;;0;;;;Matches
491;Nidal Celik;ba BIH;DF;Lens;fr Ligue 1;19-274;2006;5.8;;9;;;;;;;;;;;8;;;;Matches
492;Zeki Çelik;tr TUR;MF,DF;Roma;it Serie A;29-059;1997;24.9;;29;;;;;;;;;;;15;;;;Matches
493;Fabien Centonze;fr FRA;MF,DF;Nantes;fr Ligue 1;30-091;1996;8.2;;18;;;;;;;;;;;20;;;;Matches
494;Lucas Cepeda;cl CHI;MF;Elche;es La Liga;23-168;2002;4;;4;;;;;;;;;;;1;;;;Matches
495;Václav Černý;cz CZE;FW,MF;Wolfsburg;de Bundesliga;28-182;1997;0.5;;0;;;;;;;;;;;0;;;;Matches
496;Jorge Cestero;es ESP;MF;Real Madrid;es La Liga;20-024;2006;0.1;;0;;;;;;;;;;;0;;;;Matches
497;Julian Chabot;de GER;DF;Stuttgart;de Bundesliga;28-064;1998;21.9;;14;;;;;;;;;;;37;;;;Matches
498;El Chadaille Bitshiabu;fr FRA;DF;RB Leipzig;de Bundesliga;20-336;2005;4.8;;2;;;;;;;;;;;4;;;;Matches
499;Fares Chaïbi;dz ALG;MF;Eintracht Frankfurt;de Bundesliga;23-140;2002;17.4;;17;;;;;;;;;;;12;;;;Matches
500;Ilyas Chaira;ma MAR;MF;Oviedo;es La Liga;25-074;2001;21.4;;29;;;;;;;;;;;4;;;;Matches
501;Trevoh Chalobah;eng ENG;DF;Chelsea;eng Premier League;26-286;1999;28.3;;22;;;;;;;;;;;35;;;;Matches
502;Fallou Cham;gm GAM;MF;Hellas Verona;it Serie A;20-062;2006;2.5;;9;;;;;;;;;;;4;;;;Matches
503;Brendan Chardonnet;fr FRA;DF;Brest;fr Ligue 1;31-116;1994;24.3;;17;;;;;;;;;;;30;;;;Matches
504;Pep Chavarría;es ESP;DF;Rayo Vallecano;es La Liga;28-007;1998;24.7;;26;;;;;;;;;;;28;;;;Matches
505;Arthur Chaves;br BRA;DF;Hoffenheim;de Bundesliga;25-078;2001;2.7;;5;;;;;;;;;;;3;;;;Matches
506;Arthur Chaves;br BRA;DF;Augsburg;de Bundesliga;25-078;2001;6.9;;8;;;;;;;;;;;6;;;;Matches
507;Felipe Chávez;pe PER;MF;Bayern Munich;de Bundesliga;19-007;2007;0.2;;0;;;;;;;;;;;0;;;;Matches
508;Felipe Chávez;pe PER;MF;Köln;de Bundesliga;19-007;2007;0.5;;1;;;;;;;;;;;1;;;;Matches
509;Walid Cheddira;ma MAR;FW;Sassuolo;it Serie A;28-085;1998;2.5;;0;;;;;;;;;;;0;;;;Matches
510;Walid Cheddira;ma MAR;FW;Lecce;it Serie A;28-085;1998;6.8;;2;;;;;;;;;;;0;;;;Matches
511;Chema;es ESP;MF;Stuttgart;de Bundesliga;20-357;2005;11.3;;13;;;;;;;;;;;23;;;;Matches
512;Samir Chergui;dz ALG;DF;Paris FC;fr Ligue 1;27-070;1999;10.8;;10;;;;;;;;;;;8;;;;Matches
513;Sidiki Cherif;fr FRA;FW,MF;Angers;fr Ligue 1;19-123;2006;12.9;;3;;;;;;;;;;;6;;;;Matches
514;Rayan Cherki;fr FRA;MF;Manchester City;eng Premier League;22-243;2003;15.4;;15;;;;;;;;;;;7;;;;Matches
515;Lucas Chevalier;fr FRA;GK;Paris Saint-Germain;fr Ligue 1;24-162;2001;17;;0;;;;;;;;;;;0;;;;Matches
516;Fabio Chiarodia;it ITA;DF;Gladbach;de Bundesliga;20-316;2005;4.9;;8;;;;;;;;;;;9;;;;Matches
517;Federico Chiesa;it ITA;MF;Liverpool;eng Premier League;28-174;1997;3.3;;5;;;;;;;;;;;4;;;;Matches
518;Ben Chilwell;eng ENG;DF,MF;Strasbourg;fr Ligue 1;29-117;1996;17.8;;17;;;;;;;;;;;22;;;;Matches
519;Tawanda Chirewa;zw ZIM;MF;Wolves;eng Premier League;22-187;2003;0.3;;0;;;;;;;;;;;0;;;;Matches
520;Joris Chotard;fr FRA;MF;Brest;fr Ligue 1;24-205;2001;25.8;;29;;;;;;;;;;;38;;;;Matches
521;Andreas Christensen;dk DEN;DF;Barcelona;es La Liga;30-007;1996;4.2;;3;;;;;;;;;;;2;;;;Matches
522;Ryan Christie;sct SCO;MF;Bournemouth;eng Premier League;31-054;1995;8.8;;16;;;;;;;;;;;10;;;;Matches
523;Carney Chukwuemeka;at AUT;MF,FW;Dortmund;de Bundesliga;22-179;2003;8.8;;14;;;;;;;;;;;6;;;;Matches
524;Samuel Chukwueze;ng NGA;FW,MF;Milan;it Serie A;26-330;1999;0.3;;0;;;;;;;;;;;0;;;;Matches
525;Samuel Chukwueze;ng NGA;MF;Fulham;eng Premier League;26-330;1999;9.1;;4;;;;;;;;;;;5;;;;Matches
526;Víctor Chust;es ESP;DF;Elche;es La Liga;26-043;2000;20;;30;;;;;;;;;;;20;;;;Matches
527;Alessandro Circati;au AUS;DF;Parma;it Serie A;22-189;2003;23.6;;16;;;;;;;;;;;21;;;;Matches
528;Dennis Cirkin;lv LVA;DF;Sunderland;eng Premier League;24-011;2002;3.4;;5;;;;;;;;;;;5;;;;Matches
529;Pathé Ciss;sn SEN;MF,DF;Rayo Vallecano;es La Liga;32-032;1994;16.5;;25;;;;;;;;;;;22;;;;Matches
530;Djaoui Cissé;fr FRA;MF;Rennes;fr Ligue 1;22-076;2004;10.6;;20;;;;;;;;;;;5;;;;Matches
531;Mamoudou Cissokho;fr FRA;FW;Auxerre;fr Ligue 1;18-118;2007;0;;0;;;;;;;;;;;0;;;;Matches
532;Alexis Claude-Maurice;fr FRA;MF,FW;Augsburg;de Bundesliga;27-315;1998;20.6;;21;;;;;;;;;;;5;;;;Matches
533;Jonathan Clauss;fr FRA;MF,DF;Nice;fr Ligue 1;33-204;1992;24.3;;34;;;;;;;;;;;40;;;;Matches
534;Nathaniel Clyne;eng ENG;MF;Crystal Palace;eng Premier League;35-012;1991;5.5;;9;;;;;;;;;;;7;;;;Matches
535;Saúl Coco;gq EQG;DF;Torino;it Serie A;27-067;1999;28.7;;29;;;;;;;;;;;36;;;;Matches
536;Séamus Coleman;ie IRL;DF;Everton;eng Premier League;37-188;1988;0.1;;0;;;;;;;;;;;0;;;;Matches
537;Maxime Colin;fr FRA;DF;Metz;fr Ligue 1;34-153;1991;17.8;;29;;;;;;;;;;;22;;;;Matches
538;Nathan Collins;ie IRL;DF;Brentford;eng Premier League;24-352;2001;27.1;;9;;;;;;;;;;;30;;;;Matches
539;Nnamdi Collins;de GER;DF;Eintracht Frankfurt;de Bundesliga;22-097;2004;16.7;;38;;;;;;;;;;;24;;;;Matches
540;Michele Collocolo;it ITA;MF;Cremonese;it Serie A;26-160;1999;3.4;;3;;;;;;;;;;;1;;;;Matches
541;Santiago Colombatto;ar ARG;MF;Oviedo;es La Liga;29-090;1997;18.7;;17;;;;;;;;;;;14;;;;Matches
542;Lorenzo Colombo;it ITA;FW;Genoa;it Serie A;24-040;2002;21.6;;9;;;;;;;;;;;1;;;;Matches
543;Eray Cömert;ch SUI;DF;Valencia;es La Liga;28-072;1998;12.1;;13;;;;;;;;;;;19;;;;Matches
544;Santi Comesaña;es ESP;MF;Villarreal;es La Liga;29-194;1996;23;;22;;;;;;;;;;;25;;;;Matches
545;Pietro Comuzzo;it ITA;DF;Fiorentina;it Serie A;21-056;2005;16.9;;14;;;;;;;;;;;20;;;;Matches
546;Francisco Conceição;pt POR;MF,FW;Juventus;it Serie A;23-124;2002;18.1;;19;;;;;;;;;;;6;;;;Matches
547;Christian Conteh;de GER;MF,FW;Heidenheim;de Bundesliga;26-233;1999;3.6;;1;;;;;;;;;;;1;;;;Matches
548;Sirlord Conteh;de GER;MF,FW;Heidenheim;de Bundesliga;29-282;1996;6.9;;7;;;;;;;;;;;4;;;;Matches
549;Lewis Cook;eng ENG;MF,DF;Bournemouth;eng Premier League;29-073;1997;9.7;;17;;;;;;;;;;;21;;;;Matches
550;Copete;es ESP;DF;Valencia;es La Liga;26-189;1999;19.5;;15;;;;;;;;;;;25;;;;Matches
551;Diego Coppola;it ITA;DF;Paris FC;fr Ligue 1;22-110;2003;8;;7;;;;;;;;;;;4;;;;Matches
552;Diego Coppola;it ITA;DF;Brighton;eng Premier League;22-110;2003;2.2;;2;;;;;;;;;;;1;;;;Matches
553;Francesco Coppola;it ITA;DF;Pisa;it Serie A;21-006;2005;5.1;;5;;;;;;;;;;;5;;;;Matches
554;Francis Coquelin;fr FRA;MF;Nantes;fr Ligue 1;34-339;1991;6.5;;13;;;;;;;;;;;3;;;;Matches
555;Derek Cornelius;ca CAN;DF,FW;Marseille;fr Ligue 1;28-143;1997;0.6;;0;;;;;;;;;;;1;;;;Matches
556;Maxwel Cornet;ci CIV;MF;Genoa;it Serie A;29-202;1996;1.2;;3;;;;;;;;;;;0;;;;Matches
557;Iván Corralejo;es ESP;MF;Real Betis;es La Liga;18-351;2007;0.2;;0;;;;;;;;;;;0;;;;Matches
558;Félix Correia;pt POR;MF;Lille;fr Ligue 1;25-085;2001;19;;10;;;;;;;;;;;19;;;;Matches
559;Thierry Correia;pt POR;DF,MF;Valencia;es La Liga;27-039;1999;15;;20;;;;;;;;;;;17;;;;Matches
560;Paco Cortés;es ESP;MF,FW;Levante;es La Liga;18-249;2007;4.6;;1;;;;;;;;;;;2;;;;Matches
561;Edoardo Corvi;it ITA;GK;Parma;it Serie A;25-025;2001;16;;0;;;;;;;;;;;0;;;;Matches
562;Coba da Costa;es ESP;MF;Getafe;es La Liga;23-265;2002;3.9;;6;;;;;;;;;;;0;;;;Matches
563;Danny da Costa;de GER;DF,MF;Mainz 05;de Bundesliga;32-278;1993;26.4;;22;;;;;;;;;;;25;;;;Matches
564;Samu Costa;pt POR;MF;Mallorca;es La Liga;25-141;2000;24.3;;26;;;;;;;;;;;22;;;;Matches
565;David Costas;es ESP;DF;Oviedo;es La Liga;31-022;1995;18.1;;21;;;;;;;;;;;24;;;;Matches
566;Grégoire Coudert;fr FRA;GK;Brest;fr Ligue 1;27-014;1999;18.4;;0;;;;;;;;;;;0;;;;Matches
567;Vladimír Coufal;cz CZE;DF,MF;Hoffenheim;de Bundesliga;33-238;1992;28.5;;31;;;;;;;;;;;34;;;;Matches
568;Abdoul Coulibaly;de GER;DF;Werder Bremen;de Bundesliga;18-329;2007;20.1;;13;;;;;;;;;;;21;;;;Matches
569;Djibril Coulibaly;fr FRA;MF;Nice;fr Ligue 1;17-150;2008;0.1;;0;;;;;;;;;;;0;;;;Matches
570;Lassana Coulibaly;ml MLI;MF;Lecce;it Serie A;30-007;1996;23.9;;24;;;;;;;;;;;7;;;;Matches
571;Lasso Coulibaly;ci CIV;MF;Auxerre;fr Ligue 1;23-180;2002;3.4;;5;;;;;;;;;;;6;;;;Matches
572;Mamadou Coulibaly;fr FRA;MF;Monaco;fr Ligue 1;21-361;2004;14.2;;19;;;;;;;;;;;19;;;;Matches
573;Soumaïla Coulibaly;fr FRA;DF;Brest;fr Ligue 1;22-185;2003;12.9;;11;;;;;;;;;;;12;;;;Matches
574;Woyo Coulibaly;ml MLI;DF;Sassuolo;it Serie A;26-326;1999;7.1;;6;;;;;;;;;;;6;;;;Matches
575;Marius Courcoul;fr FRA;MF;Angers;fr Ligue 1;19-106;2007;4.2;;9;;;;;;;;;;;3;;;;Matches
576;Thibaut Courtois;be BEL;GK;Real Madrid;es La Liga;33-341;1992;28;;1;;;;;;;;;;;0;;;;Matches
577;Yan Couto;br BRA;MF;Dortmund;de Bundesliga;23-318;2002;11;;15;;;;;;;;;;;9;;;;Matches
578;Patrice Čović;hr CRO;MF;Werder Bremen;de Bundesliga;18-296;2007;3.7;;4;;;;;;;;;;;4;;;;Matches
579;Nicolas Cozza;fr FRA;DF;Nantes;fr Ligue 1;27-099;1999;20.6;;19;;;;;;;;;;;17;;;;Matches
580;Ben Cremaschi;us USA;MF;Parma;it Serie A;21-046;2005;1.5;;1;;;;;;;;;;;0;;;;Matches
581;Charlie Cresswell;eng ENG;DF;Toulouse;fr Ligue 1;23-243;2002;24.4;;12;;;;;;;;;;;26;;;;Matches
582;Bryan Cristante;it ITA;MF;Roma;it Serie A;31-045;1995;28.7;;37;;;;;;;;;;;25;;;;Matches
583;Juan Cruz Armada;es ESP;DF;Osasuna;es La Liga;33-263;1992;7.2;;3;;;;;;;;;;;4;;;;Matches
584;Juan Cuadrado;co COL;MF;Pisa;it Serie A;37-326;1988;4.6;;8;;;;;;;;;;;4;;;;Matches
585;Pau Cubarsí;es ESP;DF;Barcelona;es La Liga;19-085;2007;25.4;;21;;;;;;;;;;;26;;;;Matches
586;Cucho;co COL;FW;Real Betis;es La Liga;26-362;1999;23.9;;14;;;;;;;;;;;9;;;;Matches
587;Marc Cucurella;es ESP;DF;Chelsea;eng Premier League;27-269;1998;24.1;;34;;;;;;;;;;;22;;;;Matches
588;Jorge Cuenca;es ESP;DF;Fulham;eng Premier League;26-151;1999;10.4;;10;;;;;;;;;;;15;;;;Matches
589;Montrell Culbreath;de GER;MF,DF;Leverkusen;de Bundesliga;18-231;2007;4.9;;8;;;;;;;;;;;4;;;;Matches
590;Josh Cullen;ie IRL;MF;Burnley;eng Premier League;30-010;1996;16.8;;19;;;;;;;;;;;24;;;;Matches
591;Pablo Cuñat;es ESP;GK;Levante;es La Liga;23-354;2002;2;;0;;;;;;;;;;;0;;;;Matches
592;Jair Cunha;br BRA;DF;Nottingham Forest;eng Premier League;21-041;2005;2.4;;3;;;;;;;;;;;3;;;;Matches
593;Matheus Cunha;br BRA;MF,FW;Manchester Utd;eng Premier League;26-325;1999;24;;19;;;;;;;;;;;17;;;;Matches
594;Patrick Cutrone;it ITA;FW;Parma;it Serie A;28-104;1998;9.9;;1;;;;;;;;;;;3;;;;Matches
595;Lucas Da Cunha;fr FRA;MF;Como;it Serie A;24-312;2001;24.7;;25;;;;;;;;;;;16;;;;Matches
596;Adam Daghim;dk DEN;MF;Wolfsburg;de Bundesliga;20-201;2005;12;;18;;;;;;;;;;;8;;;;Matches
597;Finn Dahmen;de GER;GK;Augsburg;de Bundesliga;28-021;1998;29;;0;;;;;;;;;;;0;;;;Matches
598;Mahmoud Dahoud;de GER;MF,FW;Eintracht Frankfurt;de Bundesliga;30-106;1996;7;;7;;;;;;;;;;;9;;;;Matches
599;David Daiber;pt POR;FW;Bayern Munich;de Bundesliga;19-097;2007;0.3;;0;;;;;;;;;;;0;;;;Matches
600;Ameen Al-Dakhil;be BEL;DF;Stuttgart;de Bundesliga;24-042;2002;4.2;;3;;;;;;;;;;;5;;;;Matches
601;Thijs Dallinga;nl NED;FW;Bologna;it Serie A;25-257;2000;8.7;;4;;;;;;;;;;;1;;;;Matches
602;Diogo Dalot;pt POR;MF,DF;Manchester Utd;eng Premier League;27-030;1999;25;;26;;;;;;;;;;;24;;;;Matches
603;Muhammed Damar;de GER;MF,FW;Hoffenheim;de Bundesliga;22-008;2004;3.1;;3;;;;;;;;;;;1;;;;Matches
604;Mikkel Damsgaard;dk DEN;MF;Brentford;eng Premier League;25-288;2000;18;;26;;;;;;;;;;;18;;;;Matches
605;Arnaut Danjuma;nl NED;MF,FW;Valencia;es La Liga;29-076;1997;17.5;;10;;;;;;;;;;;1;;;;Matches
606;Kévin Danois;fr FRA;MF;Auxerre;fr Ligue 1;21-293;2004;26.5;;33;;;;;;;;;;;32;;;;Matches
607;Kevin Danso;at AUT;DF;Tottenham Hotspur;eng Premier League;27-210;1998;10.6;;9;;;;;;;;;;;13;;;;Matches
608;Dante;br BRA;DF;Nice;fr Ligue 1;42-181;1983;8.4;;5;;;;;;;;;;;10;;;;Matches
609;Bence Dárdai;hu HUN;MF;Wolfsburg;de Bundesliga;20-083;2006;0.4;;1;;;;;;;;;;;1;;;;Matches
610;Aiman Dardari;lu LUX;MF;Augsburg;de Bundesliga;21-027;2005;0.4;;0;;;;;;;;;;;0;;;;Matches
611;Sergi Darder;es ESP;MF;Mallorca;es La Liga;32-116;1993;23.3;;10;;;;;;;;;;;18;;;;Matches
612;Karl Darlow;wls WAL;GK;Leeds United;eng Premier League;35-191;1990;16;;0;;;;;;;;;;;0;;;;Matches
613;Matteo Darmian;it ITA;DF,MF;Inter;it Serie A;36-136;1989;1.2;;0;;;;;;;;;;;1;;;;Matches
614;David Datro Fofana;ci CIV;FW;Strasbourg;fr Ligue 1;23-116;2002;1.4;;1;;;;;;;;;;;1;;;;Matches
615;Juan David Cabal;co COL;MF;Juventus;it Serie A;25-099;2001;3.3;;5;;;;;;;;;;;4;;;;Matches
616;Jonathan David;ca CAN;FW;Juventus;it Serie A;26-093;2000;16.9;;8;;;;;;;;;;;6;;;;Matches
617;Alphonso Davies;ca CAN;DF;Bayern Munich;de Bundesliga;25-166;2000;4.4;;6;;;;;;;;;;;3;;;;Matches
618;Ben Davies;wls WAL;DF;Tottenham Hotspur;eng Premier League;32-358;1993;1.5;;4;;;;;;;;;;;1;;;;Matches
619;Davinchi;es ESP;DF;Getafe;es La Liga;18-183;2007;5;;11;;;;;;;;;;;4;;;;Matches
620;Keinan Davis;eng ENG;FW;Udinese;it Serie A;28-063;1998;21;;5;;;;;;;;;;;1;;;;Matches
621;Kevin De Bruyne;be BEL;MF;Napoli;it Serie A;34-293;1991;9.7;;5;;;;;;;;;;;5;;;;Matches
622;Mathys De Carvalho;fr FRA;MF;Lyon;fr Ligue 1;20-351;2005;3.2;;5;;;;;;;;;;;3;;;;Matches
623;Maxim De Cuyper;be BEL;DF,MF;Brighton;eng Premier League;25-116;2000;12.8;;9;;;;;;;;;;;9;;;;Matches
624;Charles De Ketelaere;be BEL;MF,FW;Atalanta;it Serie A;25-038;2001;20.1;;11;;;;;;;;;;;3;;;;Matches
625;Jeffrey De Lange;nl NED;GK;Marseille;fr Ligue 1;28-016;1998;4;;0;;;;;;;;;;;0;;;;Matches
626;Manuel De Luca;it ITA;FW;Cremonese;it Serie A;27-274;1998;0.2;;0;;;;;;;;;;;0;;;;Matches
627;Théo De Percin;mq MTQ;GK;Auxerre;fr Ligue 1;25-074;2001;4.4;;0;;;;;;;;;;;0;;;;Matches
628;Lorenzo De Silvestri;it ITA;DF;Bologna;it Serie A;37-329;1988;3.5;;0;;;;;;;;;;;4;;;;Matches
629;Thibault De Smet;be BEL;DF;Paris FC;fr Ligue 1;27-316;1998;11.7;;11;;;;;;;;;;;10;;;;Matches
630;Koni De Winter;be BEL;DF;Milan;it Serie A;23-309;2002;19.2;;18;;;;;;;;;;;13;;;;Matches
631;Alessandro Deiola;it ITA;MF,DF;Cagliari;it Serie A;30-259;1995;12.8;;19;;;;;;;;;;;12;;;;Matches
632;Romain Del Castillo;fr FRA;MF,FW;Brest;fr Ligue 1;30-019;1996;23.9;;31;;;;;;;;;;;22;;;;Matches
633;Enrico Del Prato;it ITA;DF;Parma;it Serie A;26-158;1999;28.1;;17;;;;;;;;;;;22;;;;Matches
634;Thomas Delaine;fr FRA;MF,DF;Le Havre;fr Ligue 1;34-024;1992;2.2;;0;;;;;;;;;;;3;;;;Matches
635;Liam Delap;eng ENG;FW;Chelsea;eng Premier League;23-068;2003;9;;3;;;;;;;;;;;1;;;;Matches
636;Fisayo Dele-Bashiru;ng NGA;MF;Lazio;it Serie A;25-070;2001;10;;12;;;;;;;;;;;3;;;;Matches
637;Olivier Deman;be BEL;DF,MF;Werder Bremen;de Bundesliga;26-011;2000;8.9;;13;;;;;;;;;;;6;;;;Matches
638;Pape Demba Diop;sn SEN;MF;Toulouse;fr Ligue 1;22-225;2003;11.3;;17;;;;;;;;;;;26;;;;Matches
639;Ali Dembélé;fr FRA;DF;Torino;it Serie A;22-102;2004;0.2;;0;;;;;;;;;;;0;;;;Matches
640;Ousmane Dembélé;fr FRA;FW;Paris Saint-Germain;fr Ligue 1;28-337;1997;9.3;;2;;;;;;;;;;;0;;;;Matches
641;Jessy Deminguet;fr FRA;MF;Metz;fr Ligue 1;28-100;1998;18.6;;19;;;;;;;;;;;17;;;;Matches
642;Ermedin Demirović;ba BIH;FW;Stuttgart;de Bundesliga;28-023;1998;13.7;;8;;;;;;;;;;;2;;;;Matches
643;Rav van den Berg;nl NED;DF;Köln;de Bundesliga;21-284;2004;12.6;;8;;;;;;;;;;;14;;;;Matches
644;Sepp van den Berg;nl NED;DF;Brentford;eng Premier League;24-118;2001;26.6;;6;;;;;;;;;;;24;;;;Matches
645;Branco van den Boomen;nl NED;MF;Angers;fr Ligue 1;30-270;1995;8.8;;8;;;;;;;;;;;4;;;;Matches
646;Leander Dendoncker;be BEL;MF;Oviedo;es La Liga;31-002;1995;14.8;;25;;;;;;;;;;;11;;;;Matches
647;Daniel Denoon;ch SUI;DF;Pisa;it Serie A;22-079;2004;1.4;;2;;;;;;;;;;;1;;;;Matches
648;Nelson Deossa;co COL;MF;Real Betis;es La Liga;26-070;2000;6.9;;7;;;;;;;;;;;5;;;;Matches
649;Rémy Descamps;fr FRA;GK;Lyon;fr Ligue 1;29-296;1996;5;;0;;;;;;;;;;;0;;;;Matches
650;Bahmed Deuff;mr MTN;MF;Nantes;fr Ligue 1;20-035;2006;2.6;;2;;;;;;;;;;;2;;;;Matches
651;Justin Devenny;nir NIR;MF,FW;Crystal Palace;eng Premier League;22-188;2003;6.7;;8;;;;;;;;;;;0;;;;Matches
652;Tidiane Devernois;fr FRA;MF;Auxerre;fr Ligue 1;18-181;2007;0.1;;0;;;;;;;;;;;0;;;;Matches
653;Kiernan Dewsbury-Hall;eng ENG;MF;Everton;eng Premier League;27-223;1998;23.3;;21;;;;;;;;;;;11;;;;Matches
654;Michele Di Gregorio;it ITA;GK;Juventus;it Serie A;28-264;1997;24.5;;0;;;;;;;;;;;0;;;;Matches
655;Giovanni Di Lorenzo;it ITA;DF,MF;Napoli;it Serie A;32-256;1993;22.3;;26;;;;;;;;;;;9;;;;Matches
656;Alessandro Di Pardo;it ITA;DF,MF;Cagliari;it Serie A;26-273;1999;0.6;;1;;;;;;;;;;;0;;;;Matches
657;Boulaye Dia;sn SEN;FW,MF;Lazio;it Serie A;29-152;1996;11.6;;7;;;;;;;;;;;2;;;;Matches
658;Ibrahim Diabaté;ci CIV;FW;Alavés;es La Liga;26-151;1999;2;;0;;;;;;;;;;;1;;;;Matches
659;Bambo Diaby;sn SEN;DF;Elche;es La Liga;28-121;1997;1.1;;0;;;;;;;;;;;1;;;;Matches
660;Mouctar Diakhaby;gn GUI;DF;Valencia;es La Liga;29-119;1996;6;;6;;;;;;;;;;;9;;;;Matches
661;Bafodé Diakité;fr FRA;DF;Bournemouth;eng Premier League;25-101;2001;14.2;;15;;;;;;;;;;;10;;;;Matches
662;Amad Diallo;ci CIV;MF;Manchester Utd;eng Premier League;23-280;2002;22.1;;21;;;;;;;;;;;13;;;;Matches
663;Habib Diallo;sn SEN;FW;Metz;fr Ligue 1;30-303;1995;20.5;;5;;;;;;;;;;;2;;;;Matches
664;Zoumana Diallo;fr FRA;FW;Nice;fr Ligue 1;21-074;2005;0.1;;0;;;;;;;;;;;0;;;;Matches
665;Grady Diangana;cd COD;MF;Elche;es La Liga;27-363;1998;8.5;;5;;;;;;;;;;;4;;;;Matches
666;Assane Diao;sn SEN;MF;Como;it Serie A;20-222;2005;6.7;;0;;;;;;;;;;;2;;;;Matches
667;Soriba Diaoune;fr FRA;MF;Lille;fr Ligue 1;18-246;2007;2.1;;2;;;;;;;;;;;1;;;;Matches
668;Habib Diarra;sn SEN;MF;Sunderland;eng Premier League;22-104;2004;13.2;;6;;;;;;;;;;;3;;;;Matches
669;Moussa Diarra;ml MLI;DF;Alavés;es La Liga;25-158;2000;2.4;;2;;;;;;;;;;;1;;;;Matches
670;Rúben Dias;pt POR;DF;Manchester City;eng Premier League;28-338;1997;22.8;;6;;;;;;;;;;;22;;;;Matches
671;Krépin Diatta;sn SEN;MF,DF;Monaco;fr Ligue 1;27-051;1999;10.3;;16;;;;;;;;;;;15;;;;Matches
672;Mory Diaw;sn SEN;GK;Le Havre;fr Ligue 1;32-299;1993;24.5;;0;;;;;;;;;;;2;;;;Matches
673;Brahim Díaz;ma MAR;FW,MF;Real Madrid;es La Liga;26-257;1999;9.4;;8;;;;;;;;;;;1;;;;Matches
674;Daniel Díaz;es ESP;FW;Real Sociedad;es La Liga;19-299;2006;0.2;;0;;;;;;;;;;;0;;;;Matches
675;Julio Diaz;es ESP;DF;Atlético Madrid;es La Liga;21-097;2005;1.9;;1;;;;;;;;;;;0;;;;Matches
676;Junior Diaz;ci CIV;DF;Brest;fr Ligue 1;22-268;2003;15.2;;15;;;;;;;;;;;22;;;;Matches
677;Luis Díaz;co COL;MF;Bayern Munich;de Bundesliga;29-094;1997;24.3;;13;;;;;;;;;;;13;;;;Matches
678;Pedro Díaz;es ESP;MF,FW;Rayo Vallecano;es La Liga;27-316;1998;16.7;;21;;;;;;;;;;;4;;;;Matches
679;Tyler Dibling;eng ENG;MF;Everton;eng Premier League;20-036;2006;4;;3;;;;;;;;;;;6;;;;Matches
680;Nouha Dicko;ml MLI;FW,MF;Paris FC;fr Ligue 1;33-338;1992;0.8;;0;;;;;;;;;;;0;;;;Matches
681;Bamba Dieng;sn SEN;FW;Lorient;fr Ligue 1;26-025;2000;10;;2;;;;;;;;;;;1;;;;Matches
682;Eric Dier;eng ENG;DF;Monaco;fr Ligue 1;32-092;1994;7.5;;2;;;;;;;;;;;10;;;;Matches
683;Lucas Digne;fr FRA;DF;Aston Villa;eng Premier League;32-271;1993;18.2;;23;;;;;;;;;;;11;;;;Matches
684;Kevin Diks;id IDN;DF;Gladbach;de Bundesliga;29-193;1996;24.4;;29;;;;;;;;;;;21;;;;Matches
685;Federico Dimarco;it ITA;MF;Inter;it Serie A;28-158;1997;26.4;;30;;;;;;;;;;;27;;;;Matches
686;Stole Dimitrievski;mk MKD;GK;Valencia;es La Liga;32-113;1993;13;;0;;;;;;;;;;;0;;;;Matches
687;Junior Dina Ebimbe;cm CMR;MF;Brest;fr Ligue 1;25-147;2000;9.4;;8;;;;;;;;;;;3;;;;Matches
688;Eren Dinkçi;de GER;MF,FW;Heidenheim;de Bundesliga;24-125;2001;8.9;;10;;;;;;;;;;;3;;;;Matches
689;Eren Dinkçi;de GER;MF;Freiburg;de Bundesliga;24-125;2001;2.8;;4;;;;;;;;;;;4;;;;Matches
690;Sinaly Diomande;ci CIV;DF;Auxerre;fr Ligue 1;25-008;2001;18.7;;13;;;;;;;;;;;30;;;;Matches
691;Yan Diomandé;ci CIV;FW,MF;RB Leipzig;de Bundesliga;19-154;2006;22.7;;15;;;;;;;;;;;14;;;;Matches
692;Issa Diop;ma MAR;DF;Fulham;eng Premier League;29-098;1997;6.6;;2;;;;;;;;;;;4;;;;Matches
693;Sérigné Diop;sn SEN;FW;Brest;fr Ligue 1;20-340;2005;0.1;;0;;;;;;;;;;;0;;;;Matches
694;Sofiane Diop;ma MAR;MF,FW;Nice;fr Ligue 1;25-312;2000;19.5;;7;;;;;;;;;;;15;;;;Matches
695;Andy Diouf;fr FRA;MF;Inter;it Serie A;22-335;2003;2.6;;3;;;;;;;;;;;1;;;;Matches
696;Andy Diouf;fr FRA;MF;Lens;fr Ligue 1;22-335;2003;1;;0;;;;;;;;;;;0;;;;Matches
697;El Hadji Malick Diouf;sn SEN;DF,MF;West Ham United;eng Premier League;21-110;2004;24.3;;14;;;;;;;;;;;28;;;;Matches
698;Yehvann Diouf;sn SEN;GK;Nice;fr Ligue 1;26-152;1999;21;;0;;;;;;;;;;;1;;;;Matches
699;Assane Dioussé;sn SEN;MF;Auxerre;fr Ligue 1;28-209;1997;2.4;;1;;;;;;;;;;;6;;;;Matches
700;Axel Disasi;fr FRA;DF;West Ham United;eng Premier League;28-037;1998;8;;3;;;;;;;;;;;4;;;;Matches
701;Matías Dituro;ar ARG;GK;Elche;es La Liga;38-344;1987;15;;0;;;;;;;;;;;1;;;;Matches
702;Djené;tg TOG;DF,MF;Getafe;es La Liga;34-107;1991;24.6;;20;;;;;;;;;;;31;;;;Matches
703;Harouna Djibrin;cm CMR;MF;Angers;fr Ligue 1;19-163;2006;3.7;;4;;;;;;;;;;;5;;;;Matches
704;Berat Djimsiti;al ALB;DF;Atalanta;it Serie A;33-057;1993;24.2;;24;;;;;;;;;;;24;;;;Matches
705;Marko Dmitrović;rs SRB;GK;Espanyol;es La Liga;34-083;1992;31;;2;;;;;;;;;;;0;;;;Matches
706;Henrick Do Marcolino;fr FRA;FW;Rennes;fr Ligue 1;20-027;2006;0;;1;;;;;;;;;;;2;;;;Matches
707;Ritsu Doan;jp JPN;MF;Eintracht Frankfurt;de Bundesliga;27-305;1998;23.9;;20;;;;;;;;;;;15;;;;Matches
708;Dodô;br BRA;DF,MF;Fiorentina;it Serie A;27-151;1998;28.8;;15;;;;;;;;;;;24;;;;Matches
709;Danilho Doekhi;nl NED;DF;Union Berlin;de Bundesliga;27-291;1998;29;;28;;;;;;;;;;;35;;;;Matches
710;Matt Doherty;ie IRL;DF,MF;Wolves;eng Premier League;34-091;1992;7.8;;7;;;;;;;;;;;7;;;;Matches
711;Josh Doig;sct SCO;DF;Sassuolo;it Serie A;23-334;2002;20.5;;20;;;;;;;;;;;22;;;;Matches
712;Jeremy Doku;be BEL;MF,FW;Manchester City;eng Premier League;23-325;2002;14.5;;11;;;;;;;;;;;9;;;;Matches
713;Tyrhys Dolan;eng ENG;MF;Espanyol;es La Liga;24-110;2001;22.5;;31;;;;;;;;;;;14;;;;Matches
714;Marc Domenech;es ESP;MF;Mallorca;es La Liga;20-106;2006;2.4;;2;;;;;;;;;;;0;;;;Matches
715;Benjamín Domínguez;ar ARG;MF;Bologna;it Serie A;22-210;2003;5.4;;2;;;;;;;;;;;2;;;;Matches
716;Carlos Dominguez;es ESP;DF;Celta Vigo;es La Liga;25-065;2001;6.8;;8;;;;;;;;;;;5;;;;Matches
717;Nicolás Domínguez;ar ARG;MF;Nottingham Forest;eng Premier League;27-293;1998;10.5;;22;;;;;;;;;;;4;;;;Matches
718;Jean-Luc Dompé;fr FRA;FW,MF;Hamburger SV;de Bundesliga;30-248;1995;12.6;;5;;;;;;;;;;;0;;;;Matches
719;John Donald;es ESP;DF,MF;Elche;es La Liga;25-230;2000;5.4;;8;;;;;;;;;;;7;;;;Matches
720;Gianluigi Donnarumma;it ITA;GK;Manchester City;eng Premier League;27-051;1999;28;;0;;;;;;;;;;;1;;;;Matches
721;Romelle Donovan;eng ENG;FW;Brentford;eng Premier League;19-138;2006;0.5;;0;;;;;;;;;;;0;;;;Matches
722;Patrick Dorgu;dk DEN;MF;Manchester Utd;eng Premier League;21-173;2004;14.8;;30;;;;;;;;;;;14;;;;Matches
723;Niklas Dorsch;de GER;MF;Heidenheim;de Bundesliga;28-092;1998;20.5;;27;;;;;;;;;;;14;;;;Matches
724;Alberto Dossena;it ITA;DF;Cagliari;it Serie A;27-186;1998;6;;7;;;;;;;;;;;4;;;;Matches
725;Lohann Doucet;bf BFA;MF;Paris FC;fr Ligue 1;23-215;2002;1.3;;0;;;;;;;;;;;0;;;;Matches
726;Fodé Doucouré;ml MLI;MF,FW;Le Havre;fr Ligue 1;25-073;2001;10;;18;;;;;;;;;;;6;;;;Matches
727;Sékou Doucoure;fr FRA;DF;Nantes;fr Ligue 1;20-356;2005;0.5;;0;;;;;;;;;;;3;;;;Matches
728;Désiré Doué;fr FRA;FW,MF;Paris Saint-Germain;fr Ligue 1;20-318;2005;11.1;;15;;;;;;;;;;;8;;;;Matches
729;Guela Doué;ci CIV;DF,MF;Strasbourg;fr Ligue 1;23-182;2002;19.9;;35;;;;;;;;;;;25;;;;Matches
730;Ismaël Doukouré;fr FRA;DF,MF;Strasbourg;fr Ligue 1;22-267;2003;19.5;;10;;;;;;;;;;;21;;;;Matches
731;Kamory Doumbia;ml MLI;MF;Brest;fr Ligue 1;23-058;2003;16.8;;28;;;;;;;;;;;18;;;;Matches
732;Anastasios Douvikas;gr GRE;FW;Como;it Serie A;26-258;1999;20.2;;9;;;;;;;;;;;4;;;;Matches
733;Artem Dovbyk;ua UKR;FW;Roma;it Serie A;28-300;1997;4.3;;3;;;;;;;;;;;0;;;;Matches
734;Max Dowman;eng ENG;MF;Arsenal;eng Premier League;16-107;2009;0.9;;2;;;;;;;;;;;0;;;;Matches
735;Damion Downs;us USA;FW;Hamburger SV;de Bundesliga;21-285;2004;5.6;;2;;;;;;;;;;;0;;;;Matches
736;Radu Drăgușin;ro ROU;DF;Tottenham Hotspur;eng Premier League;24-073;2002;5.7;;3;;;;;;;;;;;15;;;;Matches
737;Joél Drakes-Thomas;eng ENG;MF;Crystal Palace;eng Premier League;16-312;2009;0.1;;1;;;;;;;;;;;0;;;;Matches
738;Domingos Duarte;pt POR;DF;Getafe;es La Liga;31-038;1995;26.7;;11;;;;;;;;;;;27;;;;Matches
739;Martin Dúbravka;sk SVK;GK;Burnley;eng Premier League;37-092;1989;32;;1;;;;;;;;;;;0;;;;Matches
740;Denzel Dumfries;nl NED;MF;Inter;it Serie A;29-364;1996;12.3;;8;;;;;;;;;;;7;;;;Matches
741;Lewis Dunk;eng ENG;DF;Brighton;eng Premier League;34-147;1991;28.5;;21;;;;;;;;;;;29;;;;Matches
742;Maxime Dupé;fr FRA;GK;Nice;fr Ligue 1;33-044;1993;8;;0;;;;;;;;;;;0;;;;Matches
743;Pablo Durán;es ESP;FW,MF;Celta Vigo;es La Liga;24-327;2001;13;;9;;;;;;;;;;;3;;;;Matches
744;Hugo Duro;es ESP;FW;Valencia;es La Liga;26-158;1999;18.3;;7;;;;;;;;;;;3;;;;Matches
745;Rafiu Durosinmi;ng NGA;FW;Pisa;it Serie A;23-106;2003;4.5;;0;;;;;;;;;;;1;;;;Matches
746;Paulo Dybala;ar ARG;FW,MF;Roma;it Serie A;32-153;1993;11.7;;5;;;;;;;;;;;3;;;;Matches
747;Edin Džeko;ba BIH;FW;Fiorentina;it Serie A;40-031;1986;2.7;;1;;;;;;;;;;;1;;;;Matches
748;Adam Dźwigała;pl POL;DF;St Pauli;de Bundesliga;30-204;1995;13;;26;;;;;;;;;;;21;;;;Matches
749;Aron Dønnum;no NOR;MF;Toulouse;fr Ligue 1;27-362;1998;23.3;;23;;;;;;;;;;;25;;;;Matches
750;George Earthy;eng ENG;MF;West Ham United;eng Premier League;21-224;2004;0.1;;0;;;;;;;;;;;0;;;;Matches
751;Younes Ebnoutalib;de GER;FW;Eintracht Frankfurt;de Bundesliga;22-216;2003;1.4;;0;;;;;;;;;;;1;;;;Matches
752;Simon Ebonog;cm CMR;MF;Le Havre;fr Ligue 1;21-244;2004;16.9;;20;;;;;;;;;;;18;;;;Matches
753;Enzo Ebosse;cm CMR;DF;Hellas Verona;it Serie A;27-037;1999;2.4;;1;;;;;;;;;;;0;;;;Matches
754;Enzo Ebosse;cm CMR;DF;Torino;it Serie A;27-037;1999;6.4;;3;;;;;;;;;;;6;;;;Matches
755;Claudio Echeverri;ar ARG;MF,FW;Girona;es La Liga;20-105;2006;3.7;;5;;;;;;;;;;;1;;;;Matches
756;Claudio Echeverri;ar ARG;MF;Leverkusen;de Bundesliga;20-105;2006;1.5;;1;;;;;;;;;;;1;;;;Matches
757;Éderson;br BRA;MF;Atalanta;it Serie A;26-284;1999;20.7;;28;;;;;;;;;;;22;;;;Matches
758;Noah Edjouma;fr FRA;FW;Toulouse;fr Ligue 1;20-195;2005;2.8;;3;;;;;;;;;;;3;;;;Matches
759;Noah Edjouma;fr FRA;MF;Lille;fr Ligue 1;20-195;2005;1;;4;;;;;;;;;;;0;;;;Matches
760;Andrias Edmundsson;fo FRO;DF;Hellas Verona;it Serie A;25-120;2000;8.7;;11;;;;;;;;;;;16;;;;Matches
761;Odsonne Édouard;fr FRA;FW;Crystal Palace;eng Premier League;28-091;1998;0;;1;;;;;;;;;;;0;;;;Matches
762;Odsonne Édouard;fr FRA;FW;Lens;fr Ligue 1;28-091;1998;17.1;;4;;;;;;;;;;;1;;;;Matches
763;Tom Edozie;eng ENG;MF;Wolves;eng Premier League;19-334;2006;0.1;;0;;;;;;;;;;;0;;;;Matches
764;Yannick Eduardo;cz CZE;FW;Hoffenheim;de Bundesliga;20-084;2006;0;;0;;;;;;;;;;;0;;;;Matches
765;Alysson Edward;br BRA;MF;Aston Villa;eng Premier League;19-347;2006;0.5;;0;;;;;;;;;;;1;;;;Matches
766;Marcus Edwards;eng ENG;MF,FW;Burnley;eng Premier League;27-135;1998;10.9;;5;;;;;;;;;;;3;;;;Matches
767;CJ Egan-Riley;eng ENG;DF,MF;Marseille;fr Ligue 1;23-105;2003;6.9;;7;;;;;;;;;;;2;;;;Matches
768;Maximilian Eggestein;de GER;MF;Freiburg;de Bundesliga;29-130;1996;29;;32;;;;;;;;;;;28;;;;Matches
769;Kingsley Ehizibue;nl NED;MF,DF;Udinese;it Serie A;30-327;1995;15.7;;24;;;;;;;;;;;11;;;;Matches
770;Ovie Ejaria;eng ENG;MF;Oviedo;es La Liga;28-150;1997;2;;2;;;;;;;;;;;2;;;;Matches
771;Chidera Ejuke;ng NGA;MF,FW;Sevilla;es La Liga;28-105;1998;7.7;;9;;;;;;;;;;;5;;;;Matches
772;Hjalmar Ekdal;se SWE;DF;Burnley;eng Premier League;27-178;1998;14.1;;14;;;;;;;;;;;10;;;;Matches
773;Jeff Ekhator;it ITA;FW;Genoa;it Serie A;19-157;2006;7.3;;7;;;;;;;;;;;1;;;;Matches
774;Hugo Ekitike;fr FRA;FW;Liverpool;eng Premier League;23-301;2002;20;;7;;;;;;;;;;;4;;;;Matches
775;Jurgen Ekkelenkamp;nl NED;MF;Udinese;it Serie A;26-012;2000;21.7;;24;;;;;;;;;;;17;;;;Matches
776;Jacques Ekomie;ga GAB;DF;Angers;fr Ligue 1;22-241;2003;20.6;;27;;;;;;;;;;;28;;;;Matches
777;Caleb Ekuban;gh GHA;FW,MF;Genoa;it Serie A;32-025;1994;10.1;;1;;;;;;;;;;;5;;;;Matches
778;Anthony Elanga;se SWE;FW,MF;Newcastle United;eng Premier League;23-355;2002;13.6;;11;;;;;;;;;;;3;;;;Matches
779;Daniel Elfadli;ly LBY;DF;Hamburger SV;de Bundesliga;29-011;1997;13.8;;14;;;;;;;;;;;20;;;;Matches
780;Unai Elgezabal;es ESP;DF,MF;Levante;es La Liga;32-357;1993;10.6;;4;;;;;;;;;;;4;;;;Matches
781;Melker Ellborg;se SWE;GK;Sunderland;eng Premier League;22-330;2003;3;;0;;;;;;;;;;;0;;;;Matches
782;Mikael Ellertsson;is ISL;MF;Genoa;it Serie A;24-037;2002;25.7;;25;;;;;;;;;;;14;;;;Matches
783;Harvey Elliott;eng ENG;FW,MF;Liverpool;eng Premier League;23-013;2003;0;;0;;;;;;;;;;;0;;;;Matches
784;Harvey Elliott;eng ENG;MF;Aston Villa;eng Premier League;23-013;2003;1.2;;0;;;;;;;;;;;0;;;;Matches
785;Elif Elmas;mk MKD;MF;Napoli;it Serie A;26-205;1999;17.3;;12;;;;;;;;;;;5;;;;Matches
786;Nesta Elphege;fr FRA;FW;Parma;it Serie A;25-098;2001;1.2;;0;;;;;;;;;;;0;;;;Matches
787;Aritz Elustondo;es ESP;DF;Real Sociedad;es La Liga;32-020;1994;5.6;;5;;;;;;;;;;;8;;;;Matches
788;Nico Elvedi;ch SUI;DF;Gladbach;de Bundesliga;29-199;1996;29;;30;;;;;;;;;;;31;;;;Matches
789;Breel Embolo;ch SUI;FW;Rennes;fr Ligue 1;29-062;1997;17.4;;11;;;;;;;;;;;4;;;;Matches
790;Emanuel Emegha;nl NED;FW;Strasbourg;fr Ligue 1;23-073;2003;4.8;;0;;;;;;;;;;;0;;;;Matches
791;Emersonn;br BRA;FW;Toulouse;fr Ligue 1;21-275;2004;15.1;;8;;;;;;;;;;;7;;;;Matches
792;Julio Enciso;py PAR;MF,FW;Strasbourg;fr Ligue 1;22-084;2004;16.6;;8;;;;;;;;;;;5;;;;Matches
793;Wataru Endo;jp JPN;DF;Liverpool;eng Premier League;33-067;1993;1.9;;3;;;;;;;;;;;0;;;;Matches
794;Endrick;br BRA;FW;Real Madrid;es La Liga;19-270;2006;0.1;;0;;;;;;;;;;;0;;;;Matches
795;Endrick;br BRA;FW,MF;Lyon;fr Ligue 1;19-270;2006;9.1;;5;;;;;;;;;;;2;;;;Matches
796;Yannik Engelhardt;de GER;MF;Gladbach;de Bundesliga;25-069;2001;22.6;;21;;;;;;;;;;;28;;;;Matches
797;Christian Eriksen;dk DEN;MF;Wolfsburg;de Bundesliga;34-062;1992;22.1;;18;;;;;;;;;;;14;;;;Matches
798;Aarón Escandell;es ESP;GK;Oviedo;es La Liga;30-202;1995;31;;0;;;;;;;;;;;0;;;;Matches
799;Xavi Espart;es ESP;DF;Barcelona;es La Liga;18-331;2007;1;;1;;;;;;;;;;;5;;;;Matches
800;Carlos Espí;es ESP;FW;Levante;es La Liga;20-267;2005;8.3;;3;;;;;;;;;;;4;;;;Matches
801;Alfonso Espino;uy URU;DF,MF;Rayo Vallecano;es La Liga;34-102;1992;12.8;;23;;;;;;;;;;;13;;;;Matches
802;Francesco Esposito;it ITA;FW;Inter;it Serie A;20-293;2005;14.3;;4;;;;;;;;;;;5;;;;Matches
803;Sebastiano Esposito;it ITA;FW,MF;Cagliari;it Serie A;23-289;2002;24.4;;28;;;;;;;;;;;13;;;;Matches
804;Romain Esse;eng ENG;MF;Crystal Palace;eng Premier League;20-339;2005;0.5;;1;;;;;;;;;;;0;;;;Matches
805;Samuel Essende;cd COD;MF,FW;Augsburg;de Bundesliga;28-084;1998;4.6;;2;;;;;;;;;;;1;;;;Matches
806;Dario Essugo;pt POR;MF;Chelsea;eng Premier League;21-034;2005;0.1;;1;;;;;;;;;;;0;;;;Matches
807;Marco Esteban;es ESP;DF;Oviedo;es La Liga;20-106;2006;0.5;;0;;;;;;;;;;;0;;;;Matches
808;Maxime Estève;fr FRA;DF;Burnley;eng Premier League;23-326;2002;27.7;;23;;;;;;;;;;;32;;;;Matches
809;Tomás Esteves;pt POR;DF,MF;Pisa;it Serie A;24-014;2002;0.2;;0;;;;;;;;;;;0;;;;Matches
810;Nahuel Estévez;ar ARG;MF;Parma;it Serie A;30-154;1995;10.9;;9;;;;;;;;;;;5;;;;Matches
811;Pervis Estupiñán;ec ECU;MF;Milan;it Serie A;28-086;1998;9.9;;8;;;;;;;;;;;10;;;;Matches
812;Karl Etta Eyong;cm CMR;FW;Villarreal;es La Liga;22-185;2003;2.8;;2;;;;;;;;;;;0;;;;Matches
813;Karl Etta Eyong;cm CMR;FW;Levante;es La Liga;22-185;2003;15;;11;;;;;;;;;;;4;;;;Matches
814;Evanilson;br BRA;FW;Bournemouth;eng Premier League;26-193;1999;25.4;;3;;;;;;;;;;;3;;;;Matches
815;Edu Expósito;es ESP;MF;Espanyol;es La Liga;29-259;1996;21.8;;22;;;;;;;;;;;18;;;;Matches
816;Eberechi Eze;eng ENG;MF,FW;Arsenal;eng Premier League;27-292;1998;16.2;;12;;;;;;;;;;;8;;;;Matches
817;Eberechi Eze;eng ENG;MF;Crystal Palace;eng Premier League;27-292;1998;0.9;;1;;;;;;;;;;;0;;;;Matches
818;Abde Ezzalzouli;ma MAR;MF,FW;Real Betis;es La Liga;24-121;2001;18.3;;23;;;;;;;;;;;11;;;;Matches
819;Giovanni Fabbian;it ITA;MF;Bologna;it Serie A;23-093;2003;7.8;;4;;;;;;;;;;;5;;;;Matches
820;Giovanni Fabbian;it ITA;MF;Fiorentina;it Serie A;23-093;2003;3.4;;0;;;;;;;;;;;1;;;;Matches
821;Alieu Fadera;gm GAM;FW;Sassuolo;it Serie A;24-165;2001;10.4;;19;;;;;;;;;;;5;;;;Matches
822;Wout Faes;be BEL;DF;Monaco;fr Ligue 1;28-014;1998;9.3;;8;;;;;;;;;;;12;;;;Matches
823;Nicolò Fagioli;it ITA;MF;Fiorentina;it Serie A;25-064;2001;24;;24;;;;;;;;;;;15;;;;Matches
824;Romain Faivre;fr FRA;MF,FW;Auxerre;fr Ligue 1;27-277;1998;4.6;;3;;;;;;;;;;;2;;;;Matches
825;Omar Falah;es ESP;DF;Oviedo;es La Liga;22-220;2003;0.2;;0;;;;;;;;;;;0;;;;Matches
826;Wladimiro Falcone;it ITA;GK;Lecce;it Serie A;31-005;1995;32;;2;;;;;;;;;;;0;;;;Matches
827;Ansu Fati;es ESP;MF,FW;Monaco;fr Ligue 1;23-168;2002;8.9;;8;;;;;;;;;;;2;;;;Matches
828;Abdoulaye Faye;sn SEN;DF;Lorient;fr Ligue 1;21-207;2004;11.4;;17;;;;;;;;;;;23;;;;Matches
829;Jacopo Fazzini;it ITA;MF,FW;Fiorentina;it Serie A;23-032;2003;5.9;;7;;;;;;;;;;;5;;;;Matches
830;Aleix Febas;es ESP;MF;Elche;es La Liga;30-074;1996;29.5;;39;;;;;;;;;;;23;;;;Matches
831;Mattia Felici;it ITA;MF;Cagliari;it Serie A;25-000;2001;4.6;;6;;;;;;;;;;;5;;;;Matches
832;Luiz Felipe;it ITA;DF;Rayo Vallecano;es La Liga;29-026;1997;5.2;;8;;;;;;;;;;;7;;;;Matches
833;Pedro Felipe;br BRA;DF;Sassuolo;it Serie A;21-329;2004;0;;0;;;;;;;;;;;0;;;;Matches
834;Frank Feller;de GER;GK;Heidenheim;de Bundesliga;22-100;2004;1;;0;;;;;;;;;;;0;;;;Matches
835;Robin Fellhauer;de GER;MF;Augsburg;de Bundesliga;28-086;1998;26.6;;40;;;;;;;;;;;20;;;;Matches
836;Kiko Femenía;es ESP;DF,MF;Getafe;es La Liga;35-074;1991;20.4;;21;;;;;;;;;;;34;;;;Matches
837;Evan Ferguson;ie IRL;FW;Roma;it Serie A;21-180;2004;8.6;;4;;;;;;;;;;;1;;;;Matches
838;Lewis Ferguson;sct SCO;MF;Bologna;it Serie A;26-236;1999;13.4;;12;;;;;;;;;;;9;;;;Matches
839;Bruno Fernandes;pt POR;MF;Manchester Utd;eng Premier League;31-221;1994;28;;31;;;;;;;;;;;16;;;;Matches
840;Mateus Fernandes;pt POR;MF;West Ham United;eng Premier League;21-281;2004;27.5;;55;;;;;;;;;;;30;;;;Matches
841;Dro Fernández;es ESP;MF;Barcelona;es La Liga;18-095;2008;1;;0;;;;;;;;;;;0;;;;Matches
842;Dro Fernández;es ESP;MF;Paris Saint-Germain;fr Ligue 1;18-095;2008;2.6;;0;;;;;;;;;;;5;;;;Matches
843;Enzo Fernández;ar ARG;MF;Chelsea;eng Premier League;25-090;2001;28.6;;23;;;;;;;;;;;16;;;;Matches
844;Ezequiél Fernández;ar ARG;MF;Leverkusen;de Bundesliga;23-266;2002;10.7;;16;;;;;;;;;;;13;;;;Matches
845;Manu Fernández;es ESP;DF;Celta Vigo;es La Liga;24-359;2001;7.9;;9;;;;;;;;;;;6;;;;Matches
846;Pelayo Fernandez;es ESP;DF;Rayo Vallecano;es La Liga;22-353;2003;0.5;;0;;;;;;;;;;;0;;;;Matches
847;Roberto Férnandez;es ESP;FW;Espanyol;es La Liga;23-288;2002;21.7;;2;;;;;;;;;;;5;;;;Matches
848;Thiago Fernández;ar ARG;MF;Oviedo;es La Liga;22-014;2004;5.1;;3;;;;;;;;;;;3;;;;Matches
849;Toni Fernández;es ESP;FW;Barcelona;es La Liga;17-276;2008;0.5;;0;;;;;;;;;;;0;;;;Matches
850;Matias Fernandez-Pardo;be BEL;MF,FW;Lille;fr Ligue 1;21-073;2005;21.4;;13;;;;;;;;;;;8;;;;Matches
851;Álvaro Fidalgo;mx MEX;MF;Real Betis;es La Liga;29-008;1997;4.9;;3;;;;;;;;;;;2;;;;Matches
852;Seydou Fini;it ITA;FW;Genoa;it Serie A;19-319;2006;0.4;;0;;;;;;;;;;;0;;;;Matches
853;Max Finkgräfe;de GER;DF;RB Leipzig;de Bundesliga;22-021;2004;1.6;;5;;;;;;;;;;;4;;;;Matches
854;Junior Firpo;do DOM;DF;Real Betis;es La Liga;29-238;1996;7.5;;13;;;;;;;;;;;8;;;;Matches
855;Jonathan Fischer;dk DEN;GK;Metz;fr Ligue 1;24-159;2001;25.2;;0;;;;;;;;;;;0;;;;Matches
856;Kilian Fischer;de GER;DF;Wolfsburg;de Bundesliga;25-187;2000;8.9;;13;;;;;;;;;;;12;;;;Matches
857;Mark Flekken;nl NED;GK;Leverkusen;de Bundesliga;32-308;1993;19.7;;0;;;;;;;;;;;0;;;;Matches
858;Zian Flemming;nl NED;FW;Burnley;eng Premier League;27-259;1998;14.2;;6;;;;;;;;;;;5;;;;Matches
859;Jack Fletcher;eng ENG;MF;Manchester Utd;eng Premier League;19-029;2007;1.2;;1;;;;;;;;;;;1;;;;Matches
860;Tyler Fletcher;sct SCO;MF;Manchester Utd;eng Premier League;19-029;2007;0;;0;;;;;;;;;;;0;;;;Matches
861;Romano Floriani;it ITA;MF,DF;Cremonese;it Serie A;23-080;2003;10.2;;10;;;;;;;;;;;5;;;;Matches
862;Phil Foden;eng ENG;MF;Manchester City;eng Premier League;25-324;2000;20.3;;13;;;;;;;;;;;9;;;;Matches
863;Malick Fofana;be BEL;MF,FW;Lyon;fr Ligue 1;21-017;2005;8.1;;5;;;;;;;;;;;3;;;;Matches
864;Rayan Fofana;fr FRA;FW;Lens;fr Ligue 1;20-064;2006;7.8;;3;;;;;;;;;;;1;;;;Matches
865;Sadik Fofana;tg TOG;MF;Lecce;it Serie A;22-336;2003;0.9;;2;;;;;;;;;;;0;;;;Matches
866;Seko Fofana;ci CIV;MF;Rennes;fr Ligue 1;30-345;1995;7.3;;2;;;;;;;;;;;3;;;;Matches
867;Wesley Fofana;fr FRA;DF;Chelsea;eng Premier League;25-121;2000;15.2;;11;;;;;;;;;;;27;;;;Matches
868;Youssouf Fofana;fr FRA;MF;Milan;it Serie A;27-097;1999;20.5;;17;;;;;;;;;;;13;;;;Matches
869;Jonas Föhrenbach;de GER;DF,MF;Heidenheim;de Bundesliga;30-081;1996;20.8;;18;;;;;;;;;;;27;;;;Matches
870;Francesco Folino;it ITA;DF;Cremonese;it Serie A;24-084;2002;7.6;;4;;;;;;;;;;;1;;;;Matches
871;Michael Folorunsho;it ITA;MF,FW;Cagliari;it Serie A;28-069;1998;19;;8;;;;;;;;;;;8;;;;Matches
872;Nicolas Fonseca;uy URU;MF;Oviedo;es La Liga;27-180;1998;7.5;;18;;;;;;;;;;;13;;;;Matches
873;Álex Forés;es ESP;FW;Oviedo;es La Liga;25-005;2001;3.3;;0;;;;;;;;;;;1;;;;Matches
874;Pablo Fornals;es ESP;MF;Real Betis;es La Liga;30-054;1996;26.8;;25;;;;;;;;;;;28;;;;Matches
875;Héctor Fort;es ESP;DF,MF;Elche;es La Liga;19-258;2006;3.6;;2;;;;;;;;;;;4;;;;Matches
876;Niccolò Fortini;it ITA;MF;Fiorentina;it Serie A;20-063;2006;6;;9;;;;;;;;;;;4;;;;Matches
877;Lyle Foster;za RSA;FW,MF;Burnley;eng Premier League;25-226;2000;14.5;;10;;;;;;;;;;;4;;;;Matches
878;Dimitri Foulquier;fr FRA;DF;Valencia;es La Liga;33-025;1993;12.8;;9;;;;;;;;;;;8;;;;Matches
879;Juan Foyth;ar ARG;DF;Villarreal;es La Liga;28-095;1998;10.4;;13;;;;;;;;;;;15;;;;Matches
880;Alejandro Francés;es ESP;DF;Girona;es La Liga;23-259;2002;8.1;;11;;;;;;;;;;;10;;;;Matches
881;Przemysław Frankowski;pl POL;MF,DF;Rennes;fr Ligue 1;31-005;1995;13.4;;25;;;;;;;;;;;9;;;;Matches
882;Davide Frattesi;it ITA;MF;Inter;it Serie A;26-177;1999;5.7;;6;;;;;;;;;;;3;;;;Matches
883;Oscar Fraulo;dk DEN;MF;Gladbach;de Bundesliga;22-132;2003;0.5;;0;;;;;;;;;;;1;;;;Matches
884;Tyler Fredricson;eng ENG;DF;Manchester Utd;eng Premier League;21-053;2005;0;;0;;;;;;;;;;;0;;;;Matches
885;Alex Freeman;us USA;DF;Villarreal;es La Liga;21-251;2004;0.7;;2;;;;;;;;;;;2;;;;Matches
886;Morten Frendrup;dk DEN;MF;Genoa;it Serie A;25-010;2001;29.2;;60;;;;;;;;;;;34;;;;Matches
887;Martin Frese;dk DEN;MF,DF;Hellas Verona;it Serie A;28-103;1998;22.1;;40;;;;;;;;;;;23;;;;Matches
888;Remo Freuler;ch SUI;MF;Bologna;it Serie A;34-002;1992;18.9;;29;;;;;;;;;;;12;;;;Matches
889;Marco Friedl;at AUT;DF;Werder Bremen;de Bundesliga;28-032;1998;25.8;;21;;;;;;;;;;;32;;;;Matches
890;Marvin Friedrich;de GER;DF;Gladbach;de Bundesliga;30-125;1995;1.7;;3;;;;;;;;;;;1;;;;Matches
891;Jeremie Frimpong;nl NED;DF,MF;Liverpool;eng Premier League;25-128;2000;9.1;;8;;;;;;;;;;;6;;;;Matches
892;Jorge de Frutos;es ESP;FW,MF;Rayo Vallecano;es La Liga;29-056;1997;22.7;;13;;;;;;;;;;;7;;;;Matches
893;Chris Führich;de GER;MF;Stuttgart;de Bundesliga;28-098;1998;15;;7;;;;;;;;;;;2;;;;Matches
894;Joel Fujita;jp JPN;MF;St Pauli;de Bundesliga;24-060;2002;26.1;;29;;;;;;;;;;;30;;;;Matches
895;Niclas Füllkrug;de GER;FW;West Ham United;eng Premier League;33-067;1993;4.5;;1;;;;;;;;;;;2;;;;Matches
896;Niclas Füllkrug;de GER;FW;Milan;it Serie A;33-067;1993;6;;2;;;;;;;;;;;3;;;;Matches
897;Matteo Gabbia;it ITA;DF;Milan;it Serie A;26-178;1999;22.1;;10;;;;;;;;;;;12;;;;Matches
898;Tiago Gabriel;pt POR;DF;Lecce;it Serie A;21-112;2004;30.8;;37;;;;;;;;;;;44;;;;Matches
899;Gianluca Gaetano;it ITA;MF,FW;Cagliari;it Serie A;25-347;2000;15.6;;12;;;;;;;;;;;14;;;;Matches
900;Roberto Gagliardini;it ITA;MF;Hellas Verona;it Serie A;32-010;1994;20.3;;33;;;;;;;;;;;51;;;;Matches
901;Cody Gakpo;nl NED;MF,FW;Liverpool;eng Premier League;26-345;1999;24.8;;13;;;;;;;;;;;9;;;;Matches
902;Javi Galán;es ESP;DF;Osasuna;es La Liga;31-149;1994;13.7;;25;;;;;;;;;;;23;;;;Matches
903;Javi Galán;es ESP;DF;Atlético Madrid;es La Liga;31-149;1994;1.5;;2;;;;;;;;;;;1;;;;Matches
904;Iñigo Ruiz de Galarreta;es ESP;MF;Athletic Club;es La Liga;32-254;1993;20.2;;26;;;;;;;;;;;17;;;;Matches
905;Conor Gallagher;eng ENG;MF;Tottenham Hotspur;eng Premier League;26-070;2000;7.4;;6;;;;;;;;;;;11;;;;Matches
906;Conor Gallagher;eng ENG;MF;Atlético Madrid;es La Liga;26-070;2000;7.5;;12;;;;;;;;;;;11;;;;Matches
907;Antonino Gallo;it ITA;DF;Lecce;it Serie A;26-102;2000;28;;35;;;;;;;;;;;14;;;;Matches
908;Idrissa Gana Gueye;sn SEN;MF;Everton;eng Premier League;36-203;1989;21.3;;21;;;;;;;;;;;28;;;;Matches
909;Ignatius Ganago;cm CMR;FW;Nantes;fr Ligue 1;27-060;1999;5.2;;2;;;;;;;;;;;0;;;;Matches
910;Omri Gandelman;il ISR;MF,FW;Lecce;it Serie A;25-336;2000;9.2;;5;;;;;;;;;;;3;;;;Matches
911;Ismaëlo Ganiou;fr FRA;DF;Lens;fr Ligue 1;21-034;2005;16.8;;17;;;;;;;;;;;19;;;;Matches
912;Ben Gannon-Doak;sct SCO;MF;Bournemouth;eng Premier League;20-157;2005;0.7;;0;;;;;;;;;;;1;;;;Matches
913;Facundo Garcés;my MAS;DF;Alavés;es La Liga;26-224;1999;8.8;;8;;;;;;;;;;;7;;;;Matches
914;Aleix García;es ESP;MF;Leverkusen;de Bundesliga;28-293;1997;25.3;;16;;;;;;;;;;;19;;;;Matches
915;Álvaro García;es ESP;MF,FW;Rayo Vallecano;es La Liga;33-172;1992;22.8;;15;;;;;;;;;;;14;;;;Matches
916;Andrés García;es ESP;DF;Aston Villa;eng Premier League;23-069;2003;0.5;;1;;;;;;;;;;;0;;;;Matches
917;Eder García;es ESP;FW;Athletic Club;es La Liga;22-103;2004;0.4;;0;;;;;;;;;;;0;;;;Matches
918;Eric García;es ESP;DF,MF;Barcelona;es La Liga;25-098;2001;26;;40;;;;;;;;;;;42;;;;Matches
919;Fran Garcia;es ESP;DF,MF;Real Madrid;es La Liga;26-246;1999;7.5;;9;;;;;;;;;;;4;;;;Matches
920;Gonzalo García;es ESP;FW;Real Madrid;es La Liga;22-024;2004;7.6;;7;;;;;;;;;;;2;;;;Matches
921;Hugo García;es ESP;MF;Celta Vigo;es La Liga;19-168;2006;0.1;;0;;;;;;;;;;;0;;;;Matches
922;Joan García;es ESP;GK;Barcelona;es La Liga;24-348;2001;25;;3;;;;;;;;;;;0;;;;Matches
923;Pablo Garcia;es ESP;MF;Real Betis;es La Liga;19-308;2006;4.3;;5;;;;;;;;;;;3;;;;Matches
924;Rubén García;es ESP;MF,FW;Osasuna;es La Liga;32-277;1993;19.7;;26;;;;;;;;;;;13;;;;Matches
925;Ulisses Garcia;ch SUI;MF,DF;Marseille;fr Ligue 1;30-096;1996;2.3;;2;;;;;;;;;;;0;;;;Matches
926;Ulisses Garcia;ch SUI;DF;Sassuolo;it Serie A;30-096;1996;6.3;;7;;;;;;;;;;;5;;;;Matches
927;Víctor García;es ESP;MF,FW;Levante;es La Liga;28-213;1997;8.7;;8;;;;;;;;;;;6;;;;Matches
928;Alejandro Garnacho;ar ARG;MF;Chelsea;eng Premier League;21-290;2004;12.7;;11;;;;;;;;;;;4;;;;Matches
929;James Garner;eng ENG;MF,DF;Everton;eng Premier League;25-035;2001;31.9;;55;;;;;;;;;;;51;;;;Matches
930;Erawan Garnier;th THA;DF;Lens;fr Ligue 1;20-102;2006;0.1;;1;;;;;;;;;;;0;;;;Matches
931;Federico Gatti;it ITA;DF;Juventus;it Serie A;27-297;1998;10.9;;8;;;;;;;;;;;11;;;;Matches
932;Federico Gattoni;ar ARG;DF;Sevilla;es La Liga;27-060;1999;0.1;;0;;;;;;;;;;;0;;;;Matches
933;Gavi;es ESP;MF;Barcelona;es La Liga;21-255;2004;1.7;;2;;;;;;;;;;;1;;;;Matches
934;Jusuf Gazibegović;ba BIH;DF;Köln;de Bundesliga;26-037;2000;0.3;;0;;;;;;;;;;;0;;;;Matches
935;Paulo Gazzaniga;ar ARG;GK;Girona;es La Liga;34-105;1992;27.5;;1;;;;;;;;;;;0;;;;Matches
936;Jean-Philippe Gbamin;ci CIV;DF,MF;Metz;fr Ligue 1;30-204;1995;24.3;;25;;;;;;;;;;;22;;;;Matches
937;Yann Gboho;fr FRA;MF,FW;Toulouse;fr Ligue 1;25-093;2001;26.8;;12;;;;;;;;;;;12;;;;Matches
938;David de Gea;es ESP;GK;Fiorentina;it Serie A;35-161;1990;32;;0;;;;;;;;;;;0;;;;Matches
939;Lutsharel Geertruida;nl NED;DF,MF;Sunderland;eng Premier League;25-273;2000;15.8;;20;;;;;;;;;;;17;;;;Matches
940;Valentin Gendrey;fr FRA;DF;Hoffenheim;de Bundesliga;25-300;2000;0.7;;0;;;;;;;;;;;1;;;;Matches
941;Tyrique George;eng ENG;FW;Chelsea;eng Premier League;20-072;2006;1.6;;2;;;;;;;;;;;0;;;;Matches
942;Tyrique George;eng ENG;MF;Everton;eng Premier League;20-072;2006;1.4;;0;;;;;;;;;;;1;;;;Matches
943;Yannick Gerhardt;de GER;MF;Wolfsburg;de Bundesliga;32-035;1994;11.2;;8;;;;;;;;;;;9;;;;Matches
944;Willem Geubbels;fr FRA;FW;Paris FC;fr Ligue 1;24-244;2001;8.9;;1;;;;;;;;;;;4;;;;Matches
945;Ismaël Gharbi;tn TUN;MF;Augsburg;de Bundesliga;22-007;2004;1;;1;;;;;;;;;;;0;;;;Matches
946;Mourad El Ghezouani;ma MAR;FW;Elche;es La Liga;27-325;1998;0.6;;3;;;;;;;;;;;0;;;;Matches
947;Rachid Ghezzal;dz ALG;MF,FW;Lyon;fr Ligue 1;33-343;1992;2.5;;4;;;;;;;;;;;1;;;;Matches
948;Daniele Ghilardi;it ITA;DF;Roma;it Serie A;23-101;2003;10.4;;12;;;;;;;;;;;17;;;;Matches
949;Andrea Ghion;it ITA;MF;Sassuolo;it Serie A;26-053;2000;0.1;;1;;;;;;;;;;;0;;;;Matches
950;Dimitris Giannoulis;gr GRE;MF;Augsburg;de Bundesliga;30-182;1995;18.1;;19;;;;;;;;;;;19;;;;Matches
951;Morgan Gibbs-White;eng ENG;MF;Nottingham Forest;eng Premier League;26-080;2000;30.2;;12;;;;;;;;;;;10;;;;Matches
952;Bryan Gil;es ESP;MF;Girona;es La Liga;25-065;2001;15.2;;18;;;;;;;;;;;9;;;;Matches
953;Mario Gila;es ESP;DF;Lazio;it Serie A;25-231;2000;24.7;;33;;;;;;;;;;;24;;;;Matches
954;Billy Gilmour;sct SCO;MF;Napoli;it Serie A;24-310;2001;7.8;;6;;;;;;;;;;;10;;;;Matches
955;Benedikt Gimber;de GER;DF;Heidenheim;de Bundesliga;29-057;1997;16;;21;;;;;;;;;;;15;;;;Matches
956;Santiago Giménez;mx MEX;FW;Milan;it Serie A;24-364;2001;7.4;;4;;;;;;;;;;;1;;;;Matches
957;Gvidas Gineitis;lt LTU;MF;Torino;it Serie A;22-002;2004;15.3;;23;;;;;;;;;;;20;;;;Matches
958;Matthias Ginter;de GER;DF;Freiburg;de Bundesliga;32-088;1994;27.9;;12;;;;;;;;;;;21;;;;Matches
959;Giovane;br BRA;FW,MF;Hellas Verona;it Serie A;22-144;2003;17;;9;;;;;;;;;;;5;;;;Matches
960;Giovane;br BRA;FW;Napoli;it Serie A;22-144;2003;2.3;;0;;;;;;;;;;;0;;;;Matches
961;Olivier Giroud;fr FRA;FW;Lille;fr Ligue 1;39-199;1986;16.7;;7;;;;;;;;;;;4;;;;Matches
962;Jamie Gittens;eng ENG;MF;Chelsea;eng Premier League;21-252;2004;5.5;;4;;;;;;;;;;;2;;;;Matches
963;Robert Glatzel;de GER;FW;Hamburger SV;de Bundesliga;32-099;1994;4.4;;0;;;;;;;;;;;0;;;;Matches
964;Serge Gnabry;de GER;MF;Bayern Munich;de Bundesliga;30-277;1995;13.5;;10;;;;;;;;;;;4;;;;Matches
965;Wilfried Gnonto;it ITA;FW;Leeds United;eng Premier League;22-163;2003;4.5;;10;;;;;;;;;;;3;;;;Matches
966;Giorgi Gocholeishvili;ge GEO;MF;Hamburger SV;de Bundesliga;25-062;2001;10;;14;;;;;;;;;;;6;;;;Matches
967;Martial Godo;ci CIV;MF;Strasbourg;fr Ligue 1;23-034;2003;13.9;;13;;;;;;;;;;;12;;;;Matches
968;Maxima Goffi;fr FRA;DF;Lille;fr Ligue 1;18-084;2008;0.4;;1;;;;;;;;;;;0;;;;Matches
969;Saba Goglichidze;ge GEO;DF;Udinese;it Serie A;21-296;2004;4.7;;8;;;;;;;;;;;8;;;;Matches
970;Edoardo Goldaniga;it ITA;DF;Como;it Serie A;32-166;1993;0.2;;0;;;;;;;;;;;0;;;;Matches
971;Aleksandr Golovin;ru RUS;MF;Monaco;fr Ligue 1;29-322;1996;16.4;;16;;;;;;;;;;;19;;;;Matches
972;André Gomes;pt POR;MF;Lille;fr Ligue 1;32-261;1993;0.1;;0;;;;;;;;;;;0;;;;Matches
973;Angel Gomes;eng ENG;MF;Marseille;fr Ligue 1;25-229;2000;9.9;;5;;;;;;;;;;;4;;;;Matches
974;Angel Gomes;eng ENG;MF,FW;Wolves;eng Premier League;25-229;2000;3.8;;4;;;;;;;;;;;1;;;;Matches
975;João Gomes;br BRA;MF;Wolves;eng Premier League;25-064;2001;26.5;;60;;;;;;;;;;;31;;;;Matches
976;Rodrigo Gomes;pt POR;MF,FW;Wolves;eng Premier League;22-284;2003;7;;14;;;;;;;;;;;8;;;;Matches
977;Toti Gomes;pt POR;DF;Wolves;eng Premier League;27-091;1999;11.5;;7;;;;;;;;;;;9;;;;Matches
978;Diego Gómez;py PAR;MF,FW;Brighton;eng Premier League;23-021;2003;22.4;;48;;;;;;;;;;;17;;;;Matches
979;Joe Gomez;eng ENG;DF;Liverpool;eng Premier League;28-329;1997;5.8;;6;;;;;;;;;;;8;;;;Matches
980;Moi Gómez;es ESP;MF;Osasuna;es La Liga;31-298;1994;10.9;;6;;;;;;;;;;;9;;;;Matches
981;Sergio Gómez;es ESP;DF;Real Sociedad;es La Liga;25-225;2000;24.9;;46;;;;;;;;;;;28;;;;Matches
982;Unai Gómez;es ESP;MF,FW;Athletic Club;es La Liga;22-327;2003;7;;5;;;;;;;;;;;2;;;;Matches
983;Valentín Gómez;ar ARG;DF;Real Betis;es La Liga;22-295;2003;16.8;;24;;;;;;;;;;;19;;;;Matches
984;Tidiam Gomis;fr FRA;FW;RB Leipzig;de Bundesliga;19-252;2006;3.7;;2;;;;;;;;;;;0;;;;Matches
985;Rafael Gonçalves;pt POR;MF;Strasbourg;fr Ligue 1;21-058;2005;3;;7;;;;;;;;;;;2;;;;Matches
986;Nicolás González;es ESP;MF;Manchester City;eng Premier League;24-104;2002;15.3;;26;;;;;;;;;;;22;;;;Matches
987;Nicolás González;ar ARG;MF,DF;Atlético Madrid;es La Liga;28-011;1998;14.8;;14;;;;;;;;;;;11;;;;Matches
988;Nicolás González;ar ARG;FW,MF;Juventus;it Serie A;28-011;1998;0.2;;0;;;;;;;;;;;0;;;;Matches
989;Urko González;es ESP;MF;Espanyol;es La Liga;25-028;2001;23.2;;27;;;;;;;;;;;22;;;;Matches
990;Urko González;es ESP;DF,MF;Real Sociedad;es La Liga;25-028;2001;0.1;;0;;;;;;;;;;;0;;;;Matches
991;Anthony Gordon;eng ENG;FW;Newcastle United;eng Premier League;25-052;2001;19.9;;13;;;;;;;;;;;3;;;;Matches
992;Leon Goretzka;de GER;MF;Bayern Munich;de Bundesliga;31-070;1995;17.2;;13;;;;;;;;;;;22;;;;Matches
993;Andoni Gorosabel;es ESP;DF;Athletic Club;es La Liga;29-256;1996;9.6;;17;;;;;;;;;;;8;;;;Matches
994;Jon Gorrotxategi;es ESP;MF;Real Sociedad;es La Liga;24-074;2002;21.2;;26;;;;;;;;;;;29;;;;Matches
995;Olaf Gorter;nl NED;MF;Lecce;it Serie A;21-076;2005;0.3;;1;;;;;;;;;;;0;;;;Matches
996;Alimami Gory;ml MLI;MF,DF;Paris FC;fr Ligue 1;29-230;1996;8.6;;9;;;;;;;;;;;8;;;;Matches
997;Robin Gosens;de GER;DF,MF;Fiorentina;it Serie A;31-286;1994;17.1;;12;;;;;;;;;;;14;;;;Matches
998;Mikel Goti;es ESP;MF;Real Sociedad;es La Liga;23-329;2002;0.8;;1;;;;;;;;;;;0;;;;Matches
999;Mario Götze;de GER;MF;Eintracht Frankfurt;de Bundesliga;33-318;1992;8.8;;6;;;;;;;;;;;4;;;;Matches
1000;Amine Gouiri;dz ALG;FW,MF;Marseille;fr Ligue 1;26-060;2000;11.8;;7;;;;;;;;;;;3;;;;Matches
1001;Lucas Gourna-Douath;fr FRA;MF;Le Havre;fr Ligue 1;22-255;2003;10.9;;6;;;;;;;;;;;12;;;;Matches
1002;Tiago Gouveia;pt POR;MF;Nice;fr Ligue 1;24-303;2001;5.9;;3;;;;;;;;;;;9;;;;Matches
1003;Jeffrey Gouweleeuw;nl NED;DF;Augsburg;de Bundesliga;34-281;1991;4.8;;6;;;;;;;;;;;8;;;;Matches
1004;Kamil Grabara;pl POL;GK;Wolfsburg;de Bundesliga;27-099;1999;29;;1;;;;;;;;;;;0;;;;Matches
1005;Jonathan Gradit;fr FRA;DF;Lens;fr Ligue 1;33-144;1992;9;;12;;;;;;;;;;;16;;;;Matches
1006;Alberto Grassi;it ITA;MF;Cremonese;it Serie A;31-041;1995;14.7;;8;;;;;;;;;;;26;;;;Matches
1007;Ryan Gravenberch;nl NED;MF;Liverpool;eng Premier League;23-336;2002;28.5;;31;;;;;;;;;;;38;;;;Matches
1008;Archie Gray;eng ENG;MF,DF;Tottenham Hotspur;eng Premier League;20-036;2006;15.9;;8;;;;;;;;;;;17;;;;Matches
1009;Jack Grealish;eng ENG;MF;Everton;eng Premier League;30-219;1995;18.1;;15;;;;;;;;;;;11;;;;Matches
1010;Mason Greenwood;eng ENG;MF;Marseille;fr Ligue 1;24-198;2001;23.1;;9;;;;;;;;;;;4;;;;Matches
1011;Michael Gregoritsch;at AUT;FW;Augsburg;de Bundesliga;31-364;1994;7.1;;4;;;;;;;;;;;2;;;;Matches
1012;Dominik Greif;sk SVK;GK;Lyon;fr Ligue 1;29-011;1997;24;;0;;;;;;;;;;;0;;;;Matches
1013;Antoine Griezmann;fr FRA;FW;Atlético Madrid;es La Liga;35-027;1991;11.6;;7;;;;;;;;;;;3;;;;Matches
1014;Vincenzo Grifo;it ITA;MF;Freiburg;de Bundesliga;33-010;1993;15.1;;4;;;;;;;;;;;13;;;;Matches
1015;Álex Grimaldo;es ESP;MF;Leverkusen;de Bundesliga;30-209;1995;23;;20;;;;;;;;;;;13;;;;Matches
1016;Pascal Groß;de GER;MF;Dortmund;de Bundesliga;34-306;1991;6.8;;6;;;;;;;;;;;5;;;;Matches
1017;Pascal Groß;de GER;MF;Brighton;eng Premier League;34-306;1991;12.2;;13;;;;;;;;;;;8;;;;Matches
1018;Brajan Gruda;de GER;MF,FW;RB Leipzig;de Bundesliga;21-321;2004;5.7;;7;;;;;;;;;;;0;;;;Matches
1019;Brajan Gruda;de GER;MF;Brighton;eng Premier League;21-321;2004;8;;5;;;;;;;;;;;2;;;;Matches
1020;Ilia Gruev;bg BUL;MF;Leeds United;eng Premier League;25-346;2000;14.6;;13;;;;;;;;;;;14;;;;Matches
1021;Marco Grüll;at AUT;MF,FW;Werder Bremen;de Bundesliga;27-285;1998;21.2;;18;;;;;;;;;;;13;;;;Matches
1022;Albert Grønbaek;dk DEN;MF;Hamburger SV;de Bundesliga;24-329;2001;0.9;;1;;;;;;;;;;;3;;;;Matches
1023;Albert Grønbaek;dk DEN;MF;Genoa;it Serie A;24-329;2001;1.1;;2;;;;;;;;;;;0;;;;Matches
1024;Nemanja Gudelj;rs SRB;DF,MF;Sevilla;es La Liga;34-152;1991;22.7;;22;;;;;;;;;;;19;;;;Matches
1025;Gabriel Gudmundsson;se SWE;DF,MF;Leeds United;eng Premier League;26-353;1999;27.2;;44;;;;;;;;;;;23;;;;Matches
1026;Gonçalo Guedes;pt POR;MF;Real Sociedad;es La Liga;29-139;1996;20.1;;15;;;;;;;;;;;4;;;;Matches
1027;Marc Guéhi;eng ENG;DF;Crystal Palace;eng Premier League;25-278;2000;20;;19;;;;;;;;;;;24;;;;Matches
1028;Marc Guéhi;eng ENG;DF;Manchester City;eng Premier League;25-278;2000;9;;8;;;;;;;;;;;17;;;;Matches
1029;Mattéo Guendouzi;fr FRA;MF;Lazio;it Serie A;27-003;1999;15.9;;8;;;;;;;;;;;11;;;;Matches
1030;Javier Guerra;es ESP;MF;Valencia;es La Liga;22-339;2003;17.3;;12;;;;;;;;;;;20;;;;Matches
1031;Raphaël Guerreiro;pt POR;MF;Bayern Munich;de Bundesliga;32-116;1993;7;;7;;;;;;;;;;;1;;;;Matches
1032;Daniel Guerrero;es ESP;MF;Real Betis;es La Liga;20-265;2005;0;;0;;;;;;;;;;;0;;;;Matches
1033;Ismaël Guerti;fr FRA;FW;Metz;fr Ligue 1;21-261;2004;0.3;;1;;;;;;;;;;;1;;;;Matches
1034;Evann Guessand;ci CIV;MF;Crystal Palace;eng Premier League;24-290;2001;3.3;;2;;;;;;;;;;;2;;;;Matches
1035;Evann Guessand;ci CIV;MF;Aston Villa;eng Premier League;24-290;2001;6.5;;9;;;;;;;;;;;3;;;;Matches
1036;Ander Guevara;es ESP;MF;Alavés;es La Liga;28-284;1997;6.6;;8;;;;;;;;;;;9;;;;Matches
1037;Idrissa Guèye;sn SEN;FW;Udinese;it Serie A;19-213;2006;2.5;;2;;;;;;;;;;;1;;;;Matches
1038;Idrissa Guèye;sn SEN;FW;Metz;fr Ligue 1;19-213;2006;1.5;;2;;;;;;;;;;;0;;;;Matches
1039;Pape Gueye;sn SEN;MF;Villarreal;es La Liga;27-083;1999;19.6;;20;;;;;;;;;;;30;;;;Matches
1040;Morgan Guilavogui;gn GUI;MF;Lens;fr Ligue 1;28-038;1998;5.5;;10;;;;;;;;;;;3;;;;Matches
1041;Frederic Guilbert;fr FRA;DF;Nantes;fr Ligue 1;31-114;1994;2.1;;5;;;;;;;;;;;4;;;;Matches
1042;Luis Guilherme;br BRA;FW;West Ham United;eng Premier League;20-067;2006;1.4;;1;;;;;;;;;;;0;;;;Matches
1043;Bruno Guimarães;br BRA;MF;Newcastle United;eng Premier League;28-152;1997;22.4;;35;;;;;;;;;;;13;;;;Matches
1044;Daouda Guindo;ml MLI;DF;Brest;fr Ligue 1;23-185;2002;14.1;;25;;;;;;;;;;;19;;;;Matches
1045;Bahereba Guirassy;fr FRA;FW,MF;Nantes;fr Ligue 1;19-231;2006;8.9;;13;;;;;;;;;;;5;;;;Matches
1046;Serhou Guirassy;gn GUI;FW;Dortmund;de Bundesliga;30-036;1996;22.1;;1;;;;;;;;;;;0;;;;Matches
1047;Marc Guiu;es ESP;FW;Sunderland;eng Premier League;20-103;2006;0.2;;0;;;;;;;;;;;0;;;;Matches
1048;Marc Guiu;es ESP;FW;Chelsea;eng Premier League;20-103;2006;2.6;;0;;;;;;;;;;;0;;;;Matches
1049;Péter Gulácsi;hu HUN;GK;RB Leipzig;de Bundesliga;35-346;1990;21.3;;0;;;;;;;;;;;0;;;;Matches
1050;Arda Güler;tr TUR;MF;Real Madrid;es La Liga;21-051;2005;21.6;;27;;;;;;;;;;;7;;;;Matches
1051;Gerard Gumbau;es ESP;MF;Rayo Vallecano;es La Liga;31-120;1994;9.5;;11;;;;;;;;;;;7;;;;Matches
1052;Angus Gunn;sct SCO;GK;Nottingham Forest;eng Premier League;30-085;1996;0.5;;0;;;;;;;;;;;0;;;;Matches
1053;Christian Günter;de GER;DF;Freiburg;de Bundesliga;33-048;1993;14.5;;9;;;;;;;;;;;8;;;;Matches
1054;Jon Guridi;es ESP;MF,FW;Alavés;es La Liga;31-048;1995;8.9;;11;;;;;;;;;;;4;;;;Matches
1055;Gorka Guruzeta;es ESP;FW;Athletic Club;es La Liga;29-217;1996;20.2;;3;;;;;;;;;;;9;;;;Matches
1056;Malo Gusto;fr FRA;DF;Chelsea;eng Premier League;22-333;2003;20.3;;22;;;;;;;;;;;23;;;;Matches
1057;Linus Güther;de GER;MF;Union Berlin;de Bundesliga;16-009;2010;0.1;;0;;;;;;;;;;;0;;;;Matches
1058;Miguel Gutiérrez;es ESP;MF,DF;Napoli;it Serie A;24-264;2001;12.1;;16;;;;;;;;;;;6;;;;Matches
1059;Albert Guðmundsson;is ISL;FW,MF;Fiorentina;it Serie A;28-306;1997;21.7;;4;;;;;;;;;;;2;;;;Matches
1060;Joško Gvardiol;hr CRO;DF;Manchester City;eng Premier League;24-084;2002;14.5;;13;;;;;;;;;;;14;;;;Matches
1061;Viktor Gyökeres;se SWE;FW;Arsenal;eng Premier League;27-317;1998;22;;5;;;;;;;;;;;1;;;;Matches
1062;Erling Haaland;no NOR;FW;Manchester City;eng Premier League;25-270;2000;27.8;;7;;;;;;;;;;;4;;;;Matches
1063;Janik Haberer;de GER;MF;Union Berlin;de Bundesliga;32-015;1994;17.6;;17;;;;;;;;;;;10;;;;Matches
1064;Robin Hack;de GER;MF;Gladbach;de Bundesliga;27-233;1998;2.8;;1;;;;;;;;;;;1;;;;Matches
1065;Amadou Haidara;ml MLI;MF;Lens;fr Ligue 1;28-076;1998;1.5;;0;;;;;;;;;;;2;;;;Matches
1066;Albian Hajdari;xk KVX;DF;Hoffenheim;de Bundesliga;22-334;2003;22.3;;34;;;;;;;;;;;30;;;;Matches
1067;Achraf Hakimi;ma MAR;DF;Paris Saint-Germain;fr Ligue 1;27-164;1998;13.1;;10;;;;;;;;;;;10;;;;Matches
1068;Lewis Hall;eng ENG;DF;Newcastle United;eng Premier League;21-221;2004;20.5;;26;;;;;;;;;;;26;;;;Matches
1069;Adil Hamdani;fr FRA;MF;Lyon;fr Ligue 1;17-086;2009;0.3;;0;;;;;;;;;;;0;;;;Matches
1070;Pierre-Yves Hamel;fr FRA;FW;Paris FC;fr Ligue 1;32-073;1994;0.9;;0;;;;;;;;;;;1;;;;Matches
1071;Andreas Hanche-Olsen;no NOR;DF;Mainz 05;de Bundesliga;29-090;1997;9.5;;5;;;;;;;;;;;13;;;;Matches
1072;Dávid Hancko;sk SVK;DF;Atlético Madrid;es La Liga;28-125;1997;23.5;;26;;;;;;;;;;;18;;;;Matches
1073;Florent Hanin;dz ALG;DF,MF;Angers;fr Ligue 1;36-072;1990;8.6;;8;;;;;;;;;;;12;;;;Matches
1074;Isak Hansen-Aarøen;no NOR;MF;Werder Bremen;de Bundesliga;21-238;2004;0;;2;;;;;;;;;;;0;;;;Matches
1075;Taichi Hara;jp JPN;FW;St Pauli;de Bundesliga;26-347;1999;0.3;;0;;;;;;;;;;;0;;;;Matches
1076;Hákon Haraldsson;is ISL;MF;Lille;fr Ligue 1;23-007;2003;22.6;;10;;;;;;;;;;;11;;;;Matches
1077;Conrad Harder;dk DEN;FW;RB Leipzig;de Bundesliga;21-010;2005;8.9;;5;;;;;;;;;;;7;;;;Matches
1078;Jack Harrison;eng ENG;FW,MF;Fiorentina;it Serie A;29-148;1996;7.1;;1;;;;;;;;;;;1;;;;Matches
1079;Jack Harrison;eng ENG;FW;Leeds United;eng Premier League;29-148;1996;3;;2;;;;;;;;;;;4;;;;Matches
1080;Abdou Harroui;nl NED;MF,FW;Hellas Verona;it Serie A;28-094;1998;8.7;;14;;;;;;;;;;;1;;;;Matches
1081;Quilindschy Hartman;nl NED;DF;Burnley;eng Premier League;24-154;2001;17.6;;22;;;;;;;;;;;24;;;;Matches
1082;Haissem Hassan;eg EGY;MF,FW;Oviedo;es La Liga;24-068;2002;18.2;;21;;;;;;;;;;;6;;;;Matches
1083;Hans Hateboer;nl NED;DF,MF;Rennes;fr Ligue 1;32-098;1994;0.2;;0;;;;;;;;;;;0;;;;Matches
1084;Hans Hateboer;nl NED;DF,MF;Lyon;fr Ligue 1;32-098;1994;7.4;;9;;;;;;;;;;;8;;;;Matches
1085;Jorrel Hato;nl NED;DF;Chelsea;eng Premier League;20-041;2006;8.2;;13;;;;;;;;;;;10;;;;Matches
1086;Kjetil Haug;no NOR;GK;Toulouse;fr Ligue 1;27-309;1998;0.3;;0;;;;;;;;;;;0;;;;Matches
1087;Kai Havertz;de GER;MF,FW;Arsenal;eng Premier League;26-310;1999;3.5;;3;;;;;;;;;;;0;;;;Matches
1088;Ayden Heaven;eng ENG;DF;Manchester Utd;eng Premier League;19-207;2006;7.3;;9;;;;;;;;;;;1;;;;Matches
1089;Jan Paul van Hecke;nl NED;DF;Brighton;eng Premier League;25-313;2000;29.7;;25;;;;;;;;;;;33;;;;Matches
1090;Hwang Hee-chan;kr KOR;FW,MF;Wolves;eng Premier League;30-081;1996;13;;3;;;;;;;;;;;7;;;;Matches
1091;Torbjørn Heggem;no NOR;DF;Bologna;it Serie A;27-095;1999;21;;13;;;;;;;;;;;21;;;;Matches
1092;Gauthier Hein;fr FRA;MF;Metz;fr Ligue 1;29-253;1996;21.1;;6;;;;;;;;;;;7;;;;Matches
1093;Dominique Heintz;de GER;DF;Köln;de Bundesliga;32-245;1993;4.2;;1;;;;;;;;;;;5;;;;Matches
1094;George Hemmings;eng ENG;MF;Aston Villa;eng Premier League;19-044;2007;0.3;;0;;;;;;;;;;;0;;;;Matches
1095;Dean Henderson;eng ENG;GK;Crystal Palace;eng Premier League;29-036;1997;30;;0;;;;;;;;;;;1;;;;Matches
1096;Jordan Henderson;eng ENG;MF;Brentford;eng Premier League;35-304;1990;20.2;;13;;;;;;;;;;;16;;;;Matches
1097;Ramon Hendriks;nl NED;DF;Stuttgart;de Bundesliga;24-273;2001;18;;10;;;;;;;;;;;17;;;;Matches
1098;Benjamin Henrichs;de GER;DF;RB Leipzig;de Bundesliga;29-053;1997;2.5;;4;;;;;;;;;;;4;;;;Matches
1099;Luis Henrique;br BRA;MF;Inter;it Serie A;24-124;2001;16.2;;15;;;;;;;;;;;7;;;;Matches
1100;Rico Henry;jm JAM;DF;Brentford;eng Premier League;28-283;1997;14.8;;11;;;;;;;;;;;7;;;;Matches
1101;Pharell Hensel;de GER;MF;Wolfsburg;de Bundesliga;19-039;2007;0.8;;1;;;;;;;;;;;0;;;;Matches
1102;Mads Hermansen;dk DEN;GK;West Ham United;eng Premier League;25-280;2000;12;;0;;;;;;;;;;;0;;;;Matches
1103;Mario Hermoso;es ESP;DF;Roma;it Serie A;30-303;1995;18;;15;;;;;;;;;;;27;;;;Matches
1104;Lucas Hernández;fr FRA;DF;Paris Saint-Germain;fr Ligue 1;30-062;1996;14.9;;8;;;;;;;;;;;17;;;;Matches
1105;Hernani;br BRA;MF;Parma;it Serie A;32-021;1994;0.8;;0;;;;;;;;;;;1;;;;Matches
1106;Jorge Herrando;es ESP;DF;Osasuna;es La Liga;25-048;2001;16.1;;13;;;;;;;;;;;20;;;;Matches
1107;Sergio Herrera;es ESP;GK;Osasuna;es La Liga;32-316;1993;31;;0;;;;;;;;;;;0;;;;Matches
1108;Yangel Herrera;ve VEN;MF;Girona;es La Liga;28-093;1998;1.2;;1;;;;;;;;;;;1;;;;Matches
1109;Yangel Herrera;ve VEN;MF;Real Sociedad;es La Liga;28-093;1998;3.4;;3;;;;;;;;;;;1;;;;Matches
1110;Charles Herrmann;de GER;FW;Gladbach;de Bundesliga;20-086;2006;0.1;;0;;;;;;;;;;;1;;;;Matches
1111;Daniel Heuer Fernandes;pt POR;GK;Hamburger SV;de Bundesliga;33-155;1992;29;;0;;;;;;;;;;;0;;;;Matches
1112;Aaron Hickey;sct SCO;DF;Brentford;eng Premier League;23-311;2002;6.7;;6;;;;;;;;;;;7;;;;Matches
1113;Santiago Hidalgo;ar ARG;FW,MF;Toulouse;fr Ligue 1;21-059;2005;11.4;;13;;;;;;;;;;;6;;;;Matches
1114;Isak Hien;se SWE;DF;Atalanta;it Serie A;27-094;1999;19.5;;31;;;;;;;;;;;22;;;;Matches
1115;Asier Hierro;es ESP;FW;Athletic Club;es La Liga;20-346;2005;0.4;;0;;;;;;;;;;;0;;;;Matches
1116;Omar El Hilali;ma MAR;DF;Espanyol;es La Liga;22-217;2003;25.3;;44;;;;;;;;;;;31;;;;Matches
1117;James Hill;eng ENG;DF;Bournemouth;eng Premier League;24-097;2002;17.4;;14;;;;;;;;;;;29;;;;Matches
1118;Rémi Himbert;fr FRA;FW;Lyon;fr Ligue 1;18-047;2008;1.5;;3;;;;;;;;;;;0;;;;Matches
1119;Piero Hincapié;ec ECU;DF;Arsenal;eng Premier League;24-098;2002;16.7;;21;;;;;;;;;;;20;;;;Matches
1120;Piero Hincapié;ec ECU;DF;Leverkusen;de Bundesliga;24-098;2002;1;;0;;;;;;;;;;;2;;;;Matches
1121;Jack Hinshelwood;eng ENG;MF;Brighton;eng Premier League;21-006;2005;13.9;;11;;;;;;;;;;;6;;;;Matches
1122;Adam Hložek;cz CZE;FW,MF;Hoffenheim;de Bundesliga;23-266;2002;0.3;;0;;;;;;;;;;;0;;;;Matches
1123;Ki-Jana Hoever;nl NED;MF,DF;Wolves;eng Premier League;24-089;2002;4.7;;11;;;;;;;;;;;5;;;;Matches
1124;Nicolas Höfler;de GER;MF;Freiburg;de Bundesliga;36-039;1990;0.9;;1;;;;;;;;;;;1;;;;Matches
1125;Jonas Hofmann;de GER;MF;Leverkusen;de Bundesliga;33-277;1992;10.8;;10;;;;;;;;;;;2;;;;Matches
1126;Malthe Hojholt;dk DEN;MF;Pisa;it Serie A;25-001;2001;7.7;;7;;;;;;;;;;;7;;;;Matches
1127;Lucas Höler;de GER;FW,MF;Freiburg;de Bundesliga;31-281;1994;18.8;;8;;;;;;;;;;;9;;;;Matches
1128;Benedict Hollerbach;de GER;FW,MF;Mainz 05;de Bundesliga;24-335;2001;9.7;;8;;;;;;;;;;;1;;;;Matches
1129;Emil Holm;se SWE;DF;Bologna;it Serie A;25-339;2000;7.3;;13;;;;;;;;;;;7;;;;Matches
1130;Emil Holm;se SWE;MF;Juventus;it Serie A;25-339;2000;1.4;;2;;;;;;;;;;;0;;;;Matches
1131;Franck Honorat;fr FRA;MF,FW;Gladbach;de Bundesliga;29-249;1996;19.1;;10;;;;;;;;;;;4;;;;Matches
1132;Mathias Honsak;at AUT;MF,FW;Heidenheim;de Bundesliga;29-118;1996;12.8;;12;;;;;;;;;;;16;;;;Matches
1133;Ali Houary;ma MAR;MF;Elche;es La Liga;20-255;2005;1.4;;2;;;;;;;;;;;1;;;;Matches
1134;Andreas Hountondji;bj BEN;FW,MF;St Pauli;de Bundesliga;23-280;2002;8.3;;0;;;;;;;;;;;0;;;;Matches
1135;Harry Howell;eng ENG;MF;Brighton;eng Premier League;17-362;2008;1;;0;;;;;;;;;;;0;;;;Matches
1136;Lukáš Hrádecký;fi FIN;GK;Monaco;fr Ligue 1;36-144;1989;11;;1;;;;;;;;;;;0;;;;Matches
1137;Robin Hranáč;cz CZE;DF;Hoffenheim;de Bundesliga;26-078;2000;24.1;;14;;;;;;;;;;;19;;;;Matches
1138;Timo Hübers;de GER;DF;Köln;de Bundesliga;29-271;1996;7.5;;9;;;;;;;;;;;10;;;;Matches
1139;Callum Hudson-Odoi;eng ENG;MF;Nottingham Forest;eng Premier League;25-161;2000;20.5;;7;;;;;;;;;;;8;;;;Matches
1140;Will Hughes;eng ENG;MF;Crystal Palace;eng Premier League;31-000;1995;15.2;;15;;;;;;;;;;;14;;;;Matches
1141;Dean Huijsen;es ESP;DF;Real Madrid;es La Liga;21-003;2005;18.6;;14;;;;;;;;;;;16;;;;Matches
1142;Trai Hume;nir NIR;DF,MF;Sunderland;eng Premier League;24-030;2002;28.8;;41;;;;;;;;;;;21;;;;Matches
1143;Bashir Humphreys;eng ENG;DF,MF;Burnley;eng Premier League;23-033;2003;14.7;;16;;;;;;;;;;;8;;;;Matches
1144;Denis Huseinbasic;ba BIH;MF;Köln;de Bundesliga;24-288;2001;8.1;;9;;;;;;;;;;;5;;;;Matches
1145;Omari Hutchinson;eng ENG;MF;Nottingham Forest;eng Premier League;22-169;2003;15;;8;;;;;;;;;;;8;;;;Matches
1146;Kwon Hyeokkyu;kr KOR;MF;Nantes;fr Ligue 1;25-035;2001;8.4;;6;;;;;;;;;;;6;;;;Matches
1147;Elseid Hysaj;al ALB;DF;Lazio;it Serie A;32-056;1994;1.8;;0;;;;;;;;;;;2;;;;Matches
1148;Hong Hyunseok;kr KOR;MF;Nantes;fr Ligue 1;26-305;1999;3.2;;7;;;;;;;;;;;2;;;;Matches
1149;Lucas Høgsberg;dk DEN;DF;Strasbourg;fr Ligue 1;19-298;2006;14.9;;7;;;;;;;;;;;9;;;;Matches
1150;Pierre Højbjerg;dk DEN;MF;Marseille;fr Ligue 1;30-255;1995;25.4;;19;;;;;;;;;;;22;;;;Matches
1151;Oscar Højlund;dk DEN;MF;Eintracht Frankfurt;de Bundesliga;21-103;2005;9.8;;15;;;;;;;;;;;6;;;;Matches
1152;Rasmus Højlund;dk DEN;FW;Napoli;it Serie A;23-072;2003;24.9;;1;;;;;;;;;;;0;;;;Matches
1153;Edoardo Iannoni;it ITA;MF;Sassuolo;it Serie A;25-006;2001;2.9;;3;;;;;;;;;;;3;;;;Matches
1154;Pablo Ibáñez;es ESP;MF;Alavés;es La Liga;27-209;1998;20.9;;26;;;;;;;;;;;19;;;;Matches
1155;Arijon Ibrahimović;de GER;MF;Heidenheim;de Bundesliga;20-127;2005;20.9;;15;;;;;;;;;;;19;;;;Matches
1156;Riyad Idrissi;it ITA;MF,DF;Cagliari;it Serie A;20-308;2005;8.7;;15;;;;;;;;;;;9;;;;Matches
1157;Stanis Idumbo;be BEL;MF;Sevilla;es La Liga;20-292;2005;0.5;;0;;;;;;;;;;;0;;;;Matches
1158;Stanis Idumbo;be BEL;MF;Monaco;fr Ligue 1;20-292;2005;1.9;;3;;;;;;;;;;;0;;;;Matches
1159;Jay Idzes;id IDN;DF;Sassuolo;it Serie A;25-319;2000;31;;14;;;;;;;;;;;37;;;;Matches
1160;Hamza Igamane;ma MAR;FW;Lille;fr Ligue 1;23-166;2002;4.8;;4;;;;;;;;;;;2;;;;Matches
1161;Iglesias;es ESP;DF,MF;Getafe;es La Liga;27-288;1998;28.4;;61;;;;;;;;;;;22;;;;Matches
1162;Borja Iglesias;es ESP;FW;Celta Vigo;es La Liga;33-090;1993;17.3;;4;;;;;;;;;;;0;;;;Matches
1163;Igor;br BRA;DF;West Ham United;eng Premier League;28-069;1998;1.2;;0;;;;;;;;;;;1;;;;Matches
1164;Jonathan Ikone;fr FRA;MF,FW;Paris FC;fr Ligue 1;27-350;1998;9.5;;10;;;;;;;;;;;4;;;;Matches
1165;George Ilenikhena;ng NGA;FW;Monaco;fr Ligue 1;19-244;2006;4.3;;0;;;;;;;;;;;0;;;;Matches
1166;Andrej Ilic;rs SRB;FW;Union Berlin;de Bundesliga;26-014;2000;21.1;;2;;;;;;;;;;;1;;;;Matches
1167;Ivan Ilić;rs SRB;MF;Torino;it Serie A;25-031;2001;4.6;;5;;;;;;;;;;;5;;;;Matches
1168;Luka Ilić;rs SRB;MF,FW;Oviedo;es La Liga;26-289;1999;7.9;;4;;;;;;;;;;;7;;;;Matches
1169;Samuel Iling-Junior;eng ENG;MF;Pisa;it Serie A;22-195;2003;1.2;;2;;;;;;;;;;;0;;;;Matches
1170;Emirhan İlkhan;tr TUR;MF;Torino;it Serie A;21-320;2004;7.6;;14;;;;;;;;;;;11;;;;Matches
1171;Ciro Immobile;it ITA;FW;Paris FC;fr Ligue 1;36-056;1990;5.8;;0;;;;;;;;;;;0;;;;Matches
1172;Ciro Immobile;it ITA;FW;Bologna;it Serie A;36-056;1990;2.1;;0;;;;;;;;;;;0;;;;Matches
1173;Samuele Inácio;it ITA;FW;Dortmund;de Bundesliga;18-015;2008;0.5;;1;;;;;;;;;;;0;;;;Matches
1174;Cyriaque Irié;bf BFA;MF;Freiburg;de Bundesliga;20-301;2005;3.7;;6;;;;;;;;;;;3;;;;Matches
1175;Tim Iroegbunam;eng ENG;MF;Everton;eng Premier League;22-291;2003;12.5;;37;;;;;;;;;;;19;;;;Matches
1176;Jackson Irvine;au AUS;MF;St Pauli;de Bundesliga;33-041;1993;13.1;;11;;;;;;;;;;;23;;;;Matches
1177;Andy Irving;sct SCO;MF;West Ham United;eng Premier League;25-339;2000;1.8;;4;;;;;;;;;;;1;;;;Matches
1178;Isaac;br BRA;FW;Hellas Verona;it Serie A;22-022;2004;0.2;;0;;;;;;;;;;;0;;;;Matches
1179;Alexander Isak;se SWE;FW;Liverpool;eng Premier League;26-208;1999;5.8;;5;;;;;;;;;;;0;;;;Matches
1180;Gustav Isaksen;dk DEN;FW;Lazio;it Serie A;24-363;2001;15.9;;7;;;;;;;;;;;7;;;;Matches
1181;Isco;es ESP;FW,MF;Real Betis;es La Liga;33-361;1992;0.3;;0;;;;;;;;;;;0;;;;Matches
1182;Wilson Isidor;ht HAI;FW;Sunderland;eng Premier League;25-233;2000;11.9;;6;;;;;;;;;;;0;;;;Matches
1183;Ardian Ismajli;al ALB;DF;Torino;it Serie A;29-199;1996;19.2;;11;;;;;;;;;;;34;;;;Matches
1184;Franco Israel;uy URU;GK;Torino;it Serie A;25-360;2000;9;;0;;;;;;;;;;;0;;;;Matches
1185;Hiroki Ito;jp JPN;DF;Bayern Munich;de Bundesliga;26-340;1999;6.3;;0;;;;;;;;;;;8;;;;Matches
1186;Alex Iwobi;ng NGA;MF;Fulham;eng Premier League;29-349;1996;24.7;;15;;;;;;;;;;;14;;;;Matches
1187;Urko Izeta;es ESP;FW;Athletic Club;es La Liga;26-200;1999;1.9;;0;;;;;;;;;;;0;;;;Matches
1188;Jairo Izquierdo;es ESP;DF,FW;Elche;es La Liga;32-177;1993;0.3;;0;;;;;;;;;;;0;;;;Matches
1189;Nicolas Jackson;sn SEN;FW;Bayern Munich;de Bundesliga;24-301;2001;7.4;;2;;;;;;;;;;;4;;;;Matches
1190;Jérémy Jacquet;fr FRA;DF;Rennes;fr Ligue 1;20-278;2005;18.6;;17;;;;;;;;;;;22;;;;Matches
1191;Ricky Jade-Jones;eng ENG;FW;St Pauli;de Bundesliga;24-297;2001;3.7;;2;;;;;;;;;;;1;;;;Matches
1192;Lee Jae-sung;kr KOR;MF,FW;Mainz 05;de Bundesliga;33-250;1992;23.8;;20;;;;;;;;;;;23;;;;Matches
1193;Kristijan Jakić;hr CRO;MF,DF;Augsburg;de Bundesliga;28-338;1997;16.9;;23;;;;;;;;;;;14;;;;Matches
1194;Karl Jakob Hein;ee EST;GK;Werder Bremen;de Bundesliga;24-004;2002;2;;0;;;;;;;;;;;0;;;;Matches
1195;Daniel James;wls WAL;FW;Leeds United;eng Premier League;28-158;1997;4.6;;4;;;;;;;;;;;1;;;;Matches
1196;Reece James;eng ENG;DF,MF;Chelsea;eng Premier League;26-130;1999;21.1;;32;;;;;;;;;;;31;;;;Matches
1197;Vitaly Janelt;de GER;MF;Brentford;eng Premier League;27-342;1998;14;;16;;;;;;;;;;;26;;;;Matches
1198;Mathis Jangeal;fr FRA;FW;Paris Saint-Germain;fr Ligue 1;17-297;2008;0.1;;0;;;;;;;;;;;0;;;;Matches
1199;Isak Jansson;se SWE;FW,MF;Nice;fr Ligue 1;24-076;2002;6.5;;7;;;;;;;;;;;4;;;;Matches
1200;Adnan Januzaj;be BEL;MF,FW;Sevilla;es La Liga;31-071;1995;3.6;;4;;;;;;;;;;;1;;;;Matches
1201;Luca Jaquez;ch SUI;DF;Stuttgart;de Bundesliga;22-319;2003;7.1;;5;;;;;;;;;;;8;;;;Matches
1202;Ardon Jashari;ch SUI;MF;Milan;it Serie A;23-261;2002;5.3;;8;;;;;;;;;;;5;;;;Matches
1203;Bakery Jatta;gm GAM;MF;Hamburger SV;de Bundesliga;27-315;1998;7.7;;6;;;;;;;;;;;5;;;;Matches
1204;Mikel Jauregizar;es ESP;MF;Athletic Club;es La Liga;22-155;2003;26.9;;40;;;;;;;;;;;45;;;;Matches
1205;Gaby Jean;fr FRA;DF;Lecce;it Serie A;26-057;2000;0.2;;0;;;;;;;;;;;0;;;;Matches
1206;Finn Jeltsch;de GER;DF;Stuttgart;de Bundesliga;19-274;2006;16.2;;13;;;;;;;;;;;18;;;;Matches
1207;Castrop Jens;kr KOR;MF;Gladbach;de Bundesliga;22-262;2003;15.8;;25;;;;;;;;;;;13;;;;Matches
1208;Mathias Jensen;dk DEN;MF;Brentford;eng Premier League;30-106;1996;19.4;;20;;;;;;;;;;;14;;;;Matches
1209;Oliver Jensen;dk DEN;MF;Parma;it Serie A;24-038;2002;19.7;;7;;;;;;;;;;;17;;;;Matches
1210;Moritz Jenz;de GER;DF;Wolfsburg;de Bundesliga;26-352;1999;19.8;;22;;;;;;;;;;;12;;;;Matches
1211;Gabriel Jesus;br BRA;FW;Arsenal;eng Premier League;29-014;1997;3.6;;0;;;;;;;;;;;1;;;;Matches
1212;Igor Jesus;br BRA;FW;Nottingham Forest;eng Premier League;25-051;2001;21;;11;;;;;;;;;;;2;;;;Matches
1213;Juan Jesus;br BRA;DF;Napoli;it Serie A;34-311;1991;18.1;;20;;;;;;;;;;;26;;;;Matches
1214;Álex Jiménez;es ESP;DF,MF;Bournemouth;eng Premier League;20-344;2005;22.7;;40;;;;;;;;;;;25;;;;Matches
1215;Álex Jiménez;es ESP;DF;Milan;it Serie A;20-344;2005;0.5;;0;;;;;;;;;;;0;;;;Matches
1216;David Jiménez;es ESP;DF;Real Madrid;es La Liga;22-034;2004;0.8;;1;;;;;;;;;;;0;;;;Matches
1217;Raúl Jiménez;mx MEX;FW;Fulham;eng Premier League;34-347;1991;22.1;;17;;;;;;;;;;;7;;;;Matches
1218;Jamaldeen Jimoh;eng ENG;MF;Aston Villa;eng Premier League;19-197;2006;0.1;;0;;;;;;;;;;;0;;;;Matches
1219;João Pedro;br BRA;FW,MF;Chelsea;eng Premier League;24-203;2001;26.6;;15;;;;;;;;;;;5;;;;Matches
1220;Joelinton;br BRA;MF;Newcastle United;eng Premier League;29-246;1996;19.7;;18;;;;;;;;;;;26;;;;Matches
1221;Jofre;es ESP;MF;Espanyol;es La Liga;24-304;2001;8.9;;5;;;;;;;;;;;5;;;;Matches
1222;Þórir Jóhann Helgason;is ISL;MF;Lecce;it Serie A;25-201;2000;1.4;;0;;;;;;;;;;;2;;;;Matches
1223;Ísak Jóhannesson;is ISL;MF;Köln;de Bundesliga;23-025;2003;17.2;;12;;;;;;;;;;;6;;;;Matches
1224;John;br BRA;GK;Nottingham Forest;eng Premier League;30-063;1996;4.9;;0;;;;;;;;;;;0;;;;Matches
1225;Dennis Johnsen;no NOR;MF,FW;Cremonese;it Serie A;28-059;1998;4.3;;2;;;;;;;;;;;0;;;;Matches
1226;Brennan Johnson;wls WAL;MF,FW;Tottenham Hotspur;eng Premier League;24-329;2001;6.8;;9;;;;;;;;;;;2;;;;Matches
1227;Brennan Johnson;wls WAL;MF,FW;Crystal Palace;eng Premier League;24-329;2001;7.7;;4;;;;;;;;;;;1;;;;Matches
1228;Karl-Johan Johnsson;se SWE;GK;Strasbourg;fr Ligue 1;36-079;1990;1;;0;;;;;;;;;;;0;;;;Matches
1229;Sam Johnstone;eng ENG;GK;Wolves;eng Premier League;33-023;1993;12;;1;;;;;;;;;;;0;;;;Matches
1230;Curtis Jones;eng ENG;MF;Liverpool;eng Premier League;25-077;2001;15.6;;16;;;;;;;;;;;8;;;;Matches
1231;Frenkie de Jong;nl NED;MF;Barcelona;es La Liga;28-340;1997;16.7;;16;;;;;;;;;;;17;;;;Matches
1232;Joan Jordán;es ESP;MF;Sevilla;es La Liga;31-285;1994;0.3;;0;;;;;;;;;;;0;;;;Matches
1233;Josan;es ESP;MF,DF;Elche;es La Liga;36-135;1989;5.4;;5;;;;;;;;;;;4;;;;Matches
1234;Mateo Joseph;es ESP;MF,FW;Mallorca;es La Liga;22-180;2003;18.9;;19;;;;;;;;;;;13;;;;Matches
1235;Lazar Jovanović;rs SRB;FW;Stuttgart;de Bundesliga;19-138;2006;0.4;;0;;;;;;;;;;;0;;;;Matches
1236;Juanmi;es ESP;FW,MF;Getafe;es La Liga;32-332;1993;2;;0;;;;;;;;;;;0;;;;Matches
1237;Abdulai Juma Bah;sl SLE;DF;Nice;fr Ligue 1;20-006;2006;17.8;;16;;;;;;;;;;;21;;;;Matches
1238;Anthony Jung;de GER;DF;Freiburg;de Bundesliga;34-165;1991;5.4;;0;;;;;;;;;;;8;;;;Matches
1239;Eli Junior Kroupi;fr FRA;MF,FW;Bournemouth;eng Premier League;19-298;2006;13.8;;6;;;;;;;;;;;8;;;;Matches
1240;Luiz Lúcio Reis Júnior;br BRA;GK;Villarreal;es La Liga;25-093;2001;28;;0;;;;;;;;;;;1;;;;Matches
1241;Hamed Junior Traorè;ci CIV;MF;Bournemouth;eng Premier League;26-060;2000;0.2;;0;;;;;;;;;;;0;;;;Matches
1242;Hamed Junior Traorè;ci CIV;MF;Marseille;fr Ligue 1;26-060;2000;4.9;;5;;;;;;;;;;;4;;;;Matches
1243;Vinicius Júnior;br BRA;FW,MF;Real Madrid;es La Liga;25-279;2000;25.5;;15;;;;;;;;;;;2;;;;Matches
1244;Josip Juranović;hr CRO;MF;Union Berlin;de Bundesliga;30-244;1995;2.3;;3;;;;;;;;;;;0;;;;Matches
1245;James Justin;eng ENG;DF,MF;Leeds United;eng Premier League;28-053;1998;15.1;;23;;;;;;;;;;;19;;;;Matches
1246;Ferran Jutglà;es ESP;FW,MF;Celta Vigo;es La Liga;27-075;1999;14.2;;2;;;;;;;;;;;7;;;;Matches
1247;Filip Jørgensen;dk DEN;GK;Chelsea;eng Premier League;24-001;2002;2.9;;0;;;;;;;;;;;1;;;;Matches
1248;Martijn Kaars;nl NED;FW;St Pauli;de Bundesliga;27-043;1999;12.1;;5;;;;;;;;;;;0;;;;Matches
1249;Mohamed Kaba;gn GUI;MF;Nantes;fr Ligue 1;24-172;2001;7.8;;12;;;;;;;;;;;9;;;;Matches
1250;Mohamed Kaba;gn GUI;MF;Lecce;it Serie A;24-172;2001;7;;7;;;;;;;;;;;4;;;;Matches
1251;Ozan Kabak;tr TUR;DF;Hoffenheim;de Bundesliga;26-023;2000;14.5;;15;;;;;;;;;;;22;;;;Matches
1252;Almugera Kabar;de GER;DF;Dortmund;de Bundesliga;19-315;2006;0.2;;1;;;;;;;;;;;0;;;;Matches
1253;Christian Kabasele;be BEL;DF;Udinese;it Serie A;35-052;1991;21;;10;;;;;;;;;;;28;;;;Matches
1254;Anton Kade;de GER;MF,FW;Augsburg;de Bundesliga;22-090;2004;14.5;;9;;;;;;;;;;;9;;;;Matches
1255;Ferdi Kadioglu;tr TUR;DF,MF;Brighton;eng Premier League;26-192;1999;28.8;;38;;;;;;;;;;;20;;;;Matches
1256;Florian Kainz;at AUT;MF;Köln;de Bundesliga;33-175;1992;2.9;;2;;;;;;;;;;;3;;;;Matches
1257;Sasa Kalajdzic;at AUT;FW,MF;Wolves;eng Premier League;28-284;1997;0.2;;0;;;;;;;;;;;1;;;;Matches
1258;Arnaud Kalimuendo;fr FRA;FW;Nottingham Forest;eng Premier League;24-087;2002;1.1;;1;;;;;;;;;;;0;;;;Matches
1259;Arnaud Kalimuendo;fr FRA;FW,MF;Eintracht Frankfurt;de Bundesliga;24-087;2002;11.4;;2;;;;;;;;;;;2;;;;Matches
1260;Pierre Kalulu;fr FRA;DF,MF;Juventus;it Serie A;25-316;2000;30.5;;29;;;;;;;;;;;21;;;;Matches
1261;Justin-Noël Kalumba;fr FRA;FW;Mallorca;es La Liga;21-113;2004;0.4;;0;;;;;;;;;;;0;;;;Matches
1262;Justin-Noël Kalumba;fr FRA;FW,MF;Angers;fr Ligue 1;21-113;2004;2.5;;3;;;;;;;;;;;1;;;;Matches
1263;Daichi Kamada;jp JPN;MF;Crystal Palace;eng Premier League;29-255;1996;16.6;;28;;;;;;;;;;;10;;;;Matches
1264;Warren Kamanzi;no NOR;MF;Toulouse;fr Ligue 1;25-157;2000;8.2;;10;;;;;;;;;;;7;;;;Matches
1265;Abu Kamara;eng ENG;MF;Getafe;es La Liga;22-270;2003;2.2;;2;;;;;;;;;;;3;;;;Matches
1266;Bingourou Kamara;sn SEN;GK;Lorient;fr Ligue 1;29-178;1996;3;;0;;;;;;;;;;;0;;;;Matches
1267;Boubacar Kamara;fr FRA;MF;Aston Villa;eng Premier League;26-145;1999;15.7;;16;;;;;;;;;;;15;;;;Matches
1268;Glen Kamara;fi FIN;MF;Rennes;fr Ligue 1;30-171;1995;0.6;;0;;;;;;;;;;;0;;;;Matches
1269;Hassane Kamara;ci CIV;MF,DF;Udinese;it Serie A;32-043;1994;16.2;;16;;;;;;;;;;;23;;;;Matches
1270;Noham Kamara;fr FRA;DF;Lyon;fr Ligue 1;19-085;2007;0;;0;;;;;;;;;;;0;;;;Matches
1271;Jakub Kamiński;pl POL;MF,FW;Köln;de Bundesliga;23-316;2002;28.7;;25;;;;;;;;;;;21;;;;Matches
1272;Kevin Kampl;si SVN;MF;RB Leipzig;de Bundesliga;35-190;1990;0;;0;;;;;;;;;;;0;;;;Matches
1273;Harry Kane;eng ENG;FW,MF;Bayern Munich;de Bundesliga;32-263;1993;22.9;;12;;;;;;;;;;;7;;;;Matches
1274;Lee Kang-in;kr KOR;MF,FW;Paris Saint-Germain;fr Ligue 1;25-057;2001;13.6;;7;;;;;;;;;;;1;;;;Matches
1275;Steeve Kango;fr FRA;DF;Lyon;fr Ligue 1;19-129;2006;0.9;;1;;;;;;;;;;;0;;;;Matches
1276;Mohamadou Kanté;fr FRA;MF;West Ham United;eng Premier League;20-209;2005;0.4;;3;;;;;;;;;;;0;;;;Matches
1277;Adam Karabec;cz CZE;MF,FW;Lyon;fr Ligue 1;22-289;2003;10.1;;3;;;;;;;;;;;1;;;;Matches
1278;Atakan Karazor;tr TUR;MF;Stuttgart;de Bundesliga;29-186;1996;19.2;;23;;;;;;;;;;;11;;;;Matches
1279;Dermane Karim;tg TOG;MF;Lorient;fr Ligue 1;22-112;2003;13.9;;14;;;;;;;;;;;10;;;;Matches
1280;Lennart Karl;de GER;MF;Bayern Munich;de Bundesliga;18-054;2008;13.4;;14;;;;;;;;;;;9;;;;Matches
1281;Jesper Karlström;se SWE;MF;Udinese;it Serie A;30-300;1995;31.3;;31;;;;;;;;;;;35;;;;Matches
1282;Jon Karrikaburu;es ESP;FW;Real Sociedad;es La Liga;23-210;2002;1.5;;1;;;;;;;;;;;0;;;;Matches
1283;Grigoris Kastanos;cy CYP;MF;Hellas Verona;it Serie A;28-077;1998;0.5;;3;;;;;;;;;;;3;;;;Matches
1284;Silas Katompa;cd COD;FW;Mainz 05;de Bundesliga;27-193;1998;3.7;;0;;;;;;;;;;;0;;;;Matches
1285;Panos Katseris;gr GRE;MF,DF;Lorient;fr Ligue 1;24-286;2001;3.6;;4;;;;;;;;;;;9;;;;Matches
1286;Mikkel Kaufmann;dk DEN;FW;Heidenheim;de Bundesliga;25-104;2001;5.9;;2;;;;;;;;;;;1;;;;Matches
1287;Sota Kawasaki;jp JPN;MF,DF;Mainz 05;de Bundesliga;24-261;2001;3.4;;5;;;;;;;;;;;3;;;;Matches
1288;Michael Kayode;it ITA;DF;Brentford;eng Premier League;21-281;2004;30.2;;43;;;;;;;;;;;35;;;;Matches
1289;Moise Kean;it ITA;FW;Fiorentina;it Serie A;26-048;2000;22.6;;4;;;;;;;;;;;7;;;;Matches
1290;Michael Keane;eng ENG;DF;Everton;eng Premier League;33-096;1993;23.7;;21;;;;;;;;;;;34;;;;Matches
1291;Ilan Kebbal;dz ALG;MF,FW;Paris FC;fr Ligue 1;27-282;1998;22;;15;;;;;;;;;;;6;;;;Matches
1292;Yassine Kechta;ma MAR;MF;Le Havre;fr Ligue 1;24-051;2002;12.6;;16;;;;;;;;;;;16;;;;Matches
1293;Thilo Kehrer;de GER;DF;Monaco;fr Ligue 1;29-208;1996;22;;30;;;;;;;;;;;28;;;;Matches
1294;Mandela Keita;be BEL;MF;Parma;it Serie A;23-342;2002;27.9;;40;;;;;;;;;;;37;;;;Matches
1295;Yannik Keitel;de GER;DF;Augsburg;de Bundesliga;26-061;2000;1.8;;3;;;;;;;;;;;1;;;;Matches
1296;Caoimhín Kelleher;ie IRL;GK;Brentford;eng Premier League;27-145;1998;31;;0;;;;;;;;;;;1;;;;Matches
1297;Thomas Keller;de GER;DF;Heidenheim;de Bundesliga;26-255;1999;2.1;;1;;;;;;;;;;;0;;;;Matches
1298;Lloyd Kelly;eng ENG;DF;Juventus;it Serie A;27-193;1998;27.5;;28;;;;;;;;;;;13;;;;Matches
1299;Aljoscha Kemlein;de GER;MF;Union Berlin;de Bundesliga;21-258;2004;17.6;;21;;;;;;;;;;;16;;;;Matches
1300;Marc-Oliver Kempf;de GER;DF;Como;it Serie A;31-079;1995;21.6;;7;;;;;;;;;;;8;;;;Matches
1301;Luca Kerber;de GER;MF;Heidenheim;de Bundesliga;24-038;2002;7;;10;;;;;;;;;;;3;;;;Matches
1302;Milos Kerkez;hu HUN;DF;Liverpool;eng Premier League;22-161;2003;22.5;;26;;;;;;;;;;;13;;;;Matches
1303;Kevin;br BRA;MF;Fulham;eng Premier League;23-103;2003;10.1;;8;;;;;;;;;;;9;;;;Matches
1304;Reda Khadra;de GER;FW;Le Havre;fr Ligue 1;24-287;2001;2.5;;4;;;;;;;;;;;0;;;;Matches
1305;Bilal El Khannouss;ma MAR;MF,FW;Stuttgart;de Bundesliga;21-342;2004;15.1;;20;;;;;;;;;;;8;;;;Matches
1306;Rani Khedira;tn TUN;MF;Union Berlin;de Bundesliga;32-080;1994;27.5;;34;;;;;;;;;;;34;;;;Matches
1307;Abdukodir Khusanov;uz UZB;DF;Manchester City;eng Premier League;22-047;2004;10.9;;15;;;;;;;;;;;20;;;;Matches
1308;Cassiano Kiala;de GER;DF;Bayern Munich;de Bundesliga;17-096;2009;0;;0;;;;;;;;;;;0;;;;Matches
1309;Kialonda;ao ANG;DF;Lecce;it Serie A;28-202;1997;20.3;;9;;;;;;;;;;;19;;;;Matches
1310;Kiké;es ESP;FW;Espanyol;es La Liga;36-143;1989;16;;7;;;;;;;;;;;3;;;;Matches
1311;Semih Kılıçsoy;tr TUR;FW;Cagliari;it Serie A;20-245;2005;10.8;;4;;;;;;;;;;;1;;;;Matches
1312;Max Kilman;eng ENG;DF;West Ham United;eng Premier League;28-329;1997;17.3;;8;;;;;;;;;;;6;;;;Matches
1313;Joshua Kimmich;de GER;MF;Bayern Munich;de Bundesliga;31-068;1995;21.8;;22;;;;;;;;;;;19;;;;Matches
1314;Joshua King;eng ENG;MF;Fulham;eng Premier League;19-104;2007;13.2;;10;;;;;;;;;;;3;;;;Matches
1315;Antonín Kinský;cz CZE;GK;Tottenham Hotspur;eng Premier League;23-035;2003;1;;0;;;;;;;;;;;0;;;;Matches
1316;Tim Kleindienst;de GER;FW;Gladbach;de Bundesliga;30-229;1995;0;;0;;;;;;;;;;;1;;;;Matches
1317;Lukas Klostermann;de GER;DF,MF;RB Leipzig;de Bundesliga;29-318;1996;0.1;;0;;;;;;;;;;;0;;;;Matches
1318;Justin Kluivert;nl NED;MF;Bournemouth;eng Premier League;26-347;1999;10.2;;7;;;;;;;;;;;4;;;;Matches
1319;Ruben Kluivert;nl NED;DF;Lyon;fr Ligue 1;24-331;2001;7.2;;7;;;;;;;;;;;8;;;;Matches
1320;Ansgar Knauff;de GER;MF,FW;Eintracht Frankfurt;de Bundesliga;24-097;2002;12.1;;9;;;;;;;;;;;8;;;;Matches
1321;Joe Knight;eng ENG;MF;Brighton;eng Premier League;20-208;2005;0;;0;;;;;;;;;;;0;;;;Matches
1322;Gregor Kobel;ch SUI;GK;Dortmund;de Bundesliga;28-132;1997;29;;0;;;;;;;;;;;0;;;;Matches
1323;Robin Koch;de GER;DF;Eintracht Frankfurt;de Bundesliga;29-274;1996;26.5;;19;;;;;;;;;;;35;;;;Matches
1324;Christian Kofane;cm CMR;FW;Leverkusen;de Bundesliga;19-265;2006;12.7;;7;;;;;;;;;;;2;;;;Matches
1325;Hervé Koffi;bf BFA;GK;Angers;fr Ligue 1;29-183;1996;25;;1;;;;;;;;;;;0;;;;Matches
1326;Enzo Koffi Vinette;fr FRA;DF;Le Havre;fr Ligue 1;20-044;2006;3.5;;9;;;;;;;;;;;7;;;;Matches
1327;Derrick Köhn;gh GHA;MF,DF;Union Berlin;de Bundesliga;27-072;1999;20.5;;21;;;;;;;;;;;8;;;;Matches
1328;Philipp Köhn;ch SUI;GK;Monaco;fr Ligue 1;28-015;1998;18;;0;;;;;;;;;;;1;;;;Matches
1329;Dominik Kohr;de GER;DF;Mainz 05;de Bundesliga;32-076;1994;21.9;;31;;;;;;;;;;;38;;;;Matches
1330;Koke;es ESP;MF;Atlético Madrid;es La Liga;34-099;1992;19.7;;23;;;;;;;;;;;17;;;;Matches
1331;Sead Kolašinac;ba BIH;DF;Atalanta;it Serie A;32-301;1993;11.1;;16;;;;;;;;;;;8;;;;Matches
1332;Luca Koleosho;it ITA;MF;Paris FC;fr Ligue 1;21-214;2004;3.4;;8;;;;;;;;;;;1;;;;Matches
1333;Luca Koleosho;it ITA;MF;Espanyol;es La Liga;21-214;2004;0.7;;1;;;;;;;;;;;1;;;;Matches
1334;Adam Kölle;de GER;DF;Heidenheim;de Bundesliga;19-354;2006;1;;1;;;;;;;;;;;1;;;;Matches
1335;Randal Kolo Muani;fr FRA;FW,MF;Tottenham Hotspur;eng Premier League;27-133;1998;14.7;;14;;;;;;;;;;;2;;;;Matches
1336;Timothée Kolodziejczak;fr FRA;DF;Paris FC;fr Ligue 1;34-198;1991;7.4;;6;;;;;;;;;;;7;;;;Matches
1337;Mert Kömür;de GER;MF,FW;Augsburg;de Bundesliga;20-274;2005;14.6;;11;;;;;;;;;;;7;;;;Matches
1338;Ibrahima Konaté;fr FRA;DF;Liverpool;eng Premier League;26-327;1999;28.6;;27;;;;;;;;;;;23;;;;Matches
1339;Samba Konaté;fr FRA;FW;RB Leipzig;de Bundesliga;17-049;2009;0;;0;;;;;;;;;;;0;;;;Matches
1340;Geoffrey Kondogbia;cf CTA;MF,DF;Marseille;fr Ligue 1;33-061;1993;6.5;;9;;;;;;;;;;;11;;;;Matches
1341;Ismaël Koné;ca CAN;MF;Sassuolo;it Serie A;23-315;2002;25.8;;15;;;;;;;;;;;10;;;;Matches
1342;Manu Koné;fr FRA;MF;Roma;it Serie A;24-335;2001;25.6;;26;;;;;;;;;;;19;;;;Matches
1343;Ransford Königsdörffer;gh GHA;FW,MF;Hamburger SV;de Bundesliga;24-216;2001;22.1;;1;;;;;;;;;;;4;;;;Matches
1344;Ezri Konsa;eng ENG;DF;Aston Villa;eng Premier League;28-176;1997;29.7;;7;;;;;;;;;;;22;;;;Matches
1345;Teun Koopmeiners;nl NED;DF,MF;Juventus;it Serie A;28-048;1998;18.2;;11;;;;;;;;;;;18;;;;Matches
1346;Ville Koski;fi FIN;DF;Alavés;es La Liga;24-080;2002;0.1;;1;;;;;;;;;;;1;;;;Matches
1347;Odilon Kossounou;ci CIV;DF;Atalanta;it Serie A;25-103;2001;10.1;;12;;;;;;;;;;;9;;;;Matches
1348;Filip Kostić;rs SRB;MF;Juventus;it Serie A;33-167;1992;5.3;;10;;;;;;;;;;;4;;;;Matches
1349;Charalampos Kostoulas;gr GRE;FW;Brighton;eng Premier League;18-322;2007;3.4;;6;;;;;;;;;;;1;;;;Matches
1350;Eddy Kouadio;ci CIV;DF;Fiorentina;it Serie A;19-322;2006;0.8;;3;;;;;;;;;;;0;;;;Matches
1351;Christian Kouamé;ci CIV;FW,MF;Fiorentina;it Serie A;28-132;1997;0.3;;1;;;;;;;;;;;1;;;;Matches
1352;Koffi Kouao;ci CIV;DF,MF;Metz;fr Ligue 1;27-332;1998;23.5;;44;;;;;;;;;;;26;;;;Matches
1353;Arsène Kouassi;bf BFA;MF;Lorient;fr Ligue 1;21-218;2004;24.9;;17;;;;;;;;;;;19;;;;Matches
1354;Christ-Owen Kouassi;fr FRA;DF;Lecce;it Serie A;23-002;2003;2.5;;6;;;;;;;;;;;1;;;;Matches
1355;Konstantinos Koulierakis;gr GRE;DF;Wolfsburg;de Bundesliga;22-140;2003;22.6;;19;;;;;;;;;;;32;;;;Matches
1356;Seny Koumbassa;fr FRA;DF;Toulouse;fr Ligue 1;18-301;2007;3.9;;5;;;;;;;;;;;4;;;;Matches
1357;Jules Koundé;fr FRA;DF;Barcelona;es La Liga;27-156;1998;21.5;;21;;;;;;;;;;;27;;;;Matches
1358;Lancinet Kourouma;gn GUI;FW;Girona;es La Liga;22-018;2004;0.5;;0;;;;;;;;;;;1;;;;Matches
1359;Hamza Koutoune;ma MAR;DF;Nice;fr Ligue 1;19-212;2006;0;;0;;;;;;;;;;;0;;;;Matches
1360;Mateo Kovačić;hr CRO;MF;Manchester City;eng Premier League;31-346;1994;0.2;;0;;;;;;;;;;;0;;;;Matches
1361;Goduine Koyalipou;cf CTA;FW;Angers;fr Ligue 1;26-061;2000;5.4;;2;;;;;;;;;;;1;;;;Matches
1362;Goduine Koyalipou;cf CTA;FW;Levante;es La Liga;26-061;2000;2.7;;3;;;;;;;;;;;1;;;;Matches
1363;Emil Krafth;se SWE;DF;Newcastle United;eng Premier League;31-258;1994;0.5;;0;;;;;;;;;;;0;;;;Matches
1364;Alex Král;cz CZE;MF;Union Berlin;de Bundesliga;27-333;1998;5.1;;5;;;;;;;;;;;2;;;;Matches
1365;Andrej Kramarić;hr CRO;MF,FW;Hoffenheim;de Bundesliga;34-302;1991;20.1;;4;;;;;;;;;;;6;;;;Matches
1366;Vladyslav Krapyvtsov;ua UKR;GK;Girona;es La Liga;20-296;2005;1.5;;0;;;;;;;;;;;0;;;;Matches
1367;Jean-Philippe Krasso;ci CIV;FW;Paris FC;fr Ligue 1;28-274;1997;12.1;;8;;;;;;;;;;;1;;;;Matches
1368;Tom Krauß;de GER;MF,DF;Köln;de Bundesliga;24-299;2001;18.1;;38;;;;;;;;;;;24;;;;Matches
1369;Ladislav Krejčí;cz CZE;DF,MF;Wolves;eng Premier League;26-362;1999;23.6;;15;;;;;;;;;;;29;;;;Matches
1370;Ladislav Krejčí;cz CZE;DF;Girona;es La Liga;26-362;1999;2;;0;;;;;;;;;;;1;;;;Matches
1371;Rasmus Kristensen;dk DEN;DF,MF;Eintracht Frankfurt;de Bundesliga;28-280;1997;15.8;;32;;;;;;;;;;;18;;;;Matches
1372;Thomas Kristensen;dk DEN;DF;Udinese;it Serie A;24-090;2002;21.9;;12;;;;;;;;;;;21;;;;Matches
1373;Nikola Krstović;me MNE;FW;Atalanta;it Serie A;26-012;2000;15.5;;9;;;;;;;;;;;3;;;;Matches
1374;Lukas Kübler;de GER;DF;Freiburg;de Bundesliga;33-230;1992;14.4;;21;;;;;;;;;;;23;;;;Matches
1375;Takefusa Kubo;jp JPN;MF;Real Sociedad;es La Liga;24-317;2001;13.5;;15;;;;;;;;;;;7;;;;Matches
1376;Mohammed Kudus;gh GHA;MF,FW;Tottenham Hotspur;eng Premier League;25-258;2000;17.1;;17;;;;;;;;;;;3;;;;Matches
1377;Nicolas-Gerrit Kühn;de GER;MF;Como;it Serie A;26-106;2000;7.2;;6;;;;;;;;;;;3;;;;Matches
1378;Sandro Kulenović;hr CRO;FW;Torino;it Serie A;26-134;1999;2.8;;2;;;;;;;;;;;1;;;;Matches
1379;Sael Kumbedi;fr FRA;DF,MF;Wolfsburg;de Bundesliga;21-022;2005;16.8;;28;;;;;;;;;;;13;;;;Matches
1380;Sael Kumbedi;fr FRA;DF;Lyon;fr Ligue 1;21-022;2005;0.7;;0;;;;;;;;;;;1;;;;Matches
1381;Marash Kumbulla;al ALB;DF;Mallorca;es La Liga;26-068;2000;4.9;;2;;;;;;;;;;;2;;;;Matches
1382;Jonah Kusi-Asare;se SWE;FW;Bayern Munich;de Bundesliga;18-287;2007;0.1;;0;;;;;;;;;;;0;;;;Matches
1383;Jonah Kusi-Asare;se SWE;FW;Fulham;eng Premier League;18-287;2007;0.4;;0;;;;;;;;;;;0;;;;Matches
1384;Khvicha Kvaratskhelia;ge GEO;FW;Paris Saint-Germain;fr Ligue 1;25-064;2001;13.6;;12;;;;;;;;;;;8;;;;Matches
1385;Giorgi Kvilitaia;ge GEO;FW;Metz;fr Ligue 1;32-198;1993;1.3;;2;;;;;;;;;;;0;;;;Matches
1386;Godson Kyeremeh;fr FRA;FW;Le Havre;fr Ligue 1;25-307;2000;4;;5;;;;;;;;;;;0;;;;Matches
1387;Adrián de la Fuente;es ESP;DF;Levante;es La Liga;27-050;1999;24.3;;15;;;;;;;;;;;38;;;;Matches
1388;Rémy Labeau Lascary;gp GLP;MF,FW;Brest;fr Ligue 1;23-045;2003;10.8;;9;;;;;;;;;;;4;;;;Matches
1389;Shea Lacey;eng ENG;FW;Manchester Utd;eng Premier League;19-003;2007;0.2;;0;;;;;;;;;;;0;;;;Matches
1390;Maxence Lacroix;fr FRA;DF;Crystal Palace;eng Premier League;26-011;2000;28.6;;33;;;;;;;;;;;39;;;;Matches
1391;Yoel Lago;es ESP;DF;Celta Vigo;es La Liga;22-023;2004;3.7;;4;;;;;;;;;;;4;;;;Matches
1392;Mayckel Lahdo;se SWE;FW,MF;Nantes;fr Ligue 1;23-108;2002;4.6;;2;;;;;;;;;;;0;;;;Matches
1393;Konrad Laimer;at AUT;DF;Bayern Munich;de Bundesliga;28-325;1997;18.8;;20;;;;;;;;;;;17;;;;Matches
1394;Kenny Lala;mg MAD;DF;Brest;fr Ligue 1;34-196;1991;26.7;;24;;;;;;;;;;;20;;;;Matches
1395;Senne Lammens;be BEL;GK;Manchester Utd;eng Premier League;23-284;2002;26;;1;;;;;;;;;;;0;;;;Matches
1396;Tariq Lamptey;gh GHA;MF;Fiorentina;it Serie A;25-199;2000;0.3;;2;;;;;;;;;;;0;;;;Matches
1397;Noa Lang;nl NED;FW,MF;Napoli;it Serie A;26-304;1999;7.4;;8;;;;;;;;;;;2;;;;Matches
1398;Aymeric Laporte;es ESP;DF;Athletic Club;es La Liga;31-325;1994;18.5;;13;;;;;;;;;;;20;;;;Matches
1399;Hugo Larsson;se SWE;MF;Eintracht Frankfurt;de Bundesliga;21-294;2004;17.5;;9;;;;;;;;;;;20;;;;Matches
1400;Jamaal Lascelles;eng ENG;DF;Newcastle United;eng Premier League;32-157;1993;0.2;;0;;;;;;;;;;;0;;;;Matches
1401;Toni Lato;es ESP;DF,MF;Mallorca;es La Liga;28-147;1997;5.2;;7;;;;;;;;;;;5;;;;Matches
1402;Josh Laurent;eng ENG;DF,MF;Burnley;eng Premier League;30-346;1995;17.6;;20;;;;;;;;;;;24;;;;Matches
1403;Armand Lauriente;fr FRA;FW;Sassuolo;it Serie A;27-134;1998;23.2;;9;;;;;;;;;;;6;;;;Matches
1404;Matteo Lavelli;it ITA;FW;Inter;it Serie A;19-130;2006;0.1;;0;;;;;;;;;;;0;;;;Matches
1405;Roméo Lavia;be BEL;MF;Chelsea;eng Premier League;22-101;2004;2.8;;4;;;;;;;;;;;5;;;;Matches
1406;Valentino Lazaro;at AUT;MF;Torino;it Serie A;30-024;1996;22.8;;25;;;;;;;;;;;22;;;;Matches
1407;Manuel Lazzari;it ITA;DF;Lazio;it Serie A;32-139;1993;8.1;;5;;;;;;;;;;;6;;;;Matches
1408;Andréa Le Borgne;fr FRA;MF;Como;it Serie A;19-264;2006;0;;0;;;;;;;;;;;0;;;;Matches
1409;Théo Le Bris;fr FRA;MF;Lorient;fr Ligue 1;23-198;2002;21;;28;;;;;;;;;;;17;;;;Matches
1410;Julien Le Cardinal;fr FRA;DF;Brest;fr Ligue 1;28-257;1997;3.6;;5;;;;;;;;;;;3;;;;Matches
1411;Enzo Le Fée;fr FRA;MF,FW;Sunderland;eng Premier League;26-073;2000;26.6;;44;;;;;;;;;;;25;;;;Matches
1412;Raphael Le Guen;fr FRA;DF;Brest;fr Ligue 1;19-228;2006;0.2;;0;;;;;;;;;;;2;;;;Matches
1413;Robin Le Normand;es ESP;DF;Atlético Madrid;es La Liga;29-157;1996;15.8;;14;;;;;;;;;;;10;;;;Matches
1414;Nicola Leali;it ITA;GK;Genoa;it Serie A;33-059;1993;19;;0;;;;;;;;;;;1;;;;Matches
1415;Rafael Leão;pt POR;FW;Milan;it Serie A;26-311;1999;17.5;;2;;;;;;;;;;;4;;;;Matches
1416;Pierre Lees-Melou;fr FRA;MF;Paris FC;fr Ligue 1;32-327;1993;17;;31;;;;;;;;;;;16;;;;Matches
1417;Pierre Lees-Melou;fr FRA;MF;Brest;fr Ligue 1;32-327;1993;2;;4;;;;;;;;;;;0;;;;Matches
1418;Jordan Lefort;mr MTN;DF;Angers;fr Ligue 1;32-251;1993;29;;26;;;;;;;;;;;41;;;;Matches
1419;Alexander Legendre;ec ECU;MF;Rennes;fr Ligue 1;17-360;2008;0.5;;0;;;;;;;;;;;0;;;;Matches
1420;Diogo Leite;pt POR;DF;Union Berlin;de Bundesliga;27-084;1999;16.8;;11;;;;;;;;;;;32;;;;Matches
1421;Maxim Leitsch;de GER;DF;Mainz 05;de Bundesliga;27-334;1998;1.8;;1;;;;;;;;;;;5;;;;Matches
1422;Florian Lejeune;fr FRA;DF;Rayo Vallecano;es La Liga;34-332;1991;30.9;;38;;;;;;;;;;;38;;;;Matches
1423;Youssef Lekhedim;es ESP;DF,MF;Alavés;es La Liga;20-192;2005;13.3;;8;;;;;;;;;;;12;;;;Matches
1424;Iñigo Lekue;es ESP;DF;Athletic Club;es La Liga;32-348;1993;6.3;;10;;;;;;;;;;;4;;;;Matches
1425;Thomas Lemar;fr FRA;MF;Girona;es La Liga;30-156;1995;11.8;;10;;;;;;;;;;;3;;;;Matches
1426;Félix Lemaréchal;fr FRA;MF,FW;Strasbourg;fr Ligue 1;22-253;2003;6.2;;6;;;;;;;;;;;3;;;;Matches
1427;Tim Lemperle;de GER;FW;Hoffenheim;de Bundesliga;24-071;2002;17.6;;14;;;;;;;;;;;6;;;;Matches
1428;Ruben Lendinez;es ESP;DF;Valencia;es La Liga;23-034;2003;0;;1;;;;;;;;;;;0;;;;Matches
1429;Clément Lenglet;fr FRA;DF;Atlético Madrid;es La Liga;30-304;1995;11;;6;;;;;;;;;;;12;;;;Matches
1430;Bernd Leno;de GER;GK;Fulham;eng Premier League;34-044;1992;32;;1;;;;;;;;;;;1;;;;Matches
1431;Donovan Léon;gf GUF;GK;Auxerre;fr Ligue 1;33-165;1992;24.5;;2;;;;;;;;;;;0;;;;Matches
1432;Esteban Lepaul;fr FRA;FW;Angers;fr Ligue 1;25-364;2000;1.9;;0;;;;;;;;;;;0;;;;Matches
1433;Esteban Lepaul;fr FRA;FW;Rennes;fr Ligue 1;25-364;2000;23;;5;;;;;;;;;;;3;;;;Matches
1434;Johann Lepenant;fr FRA;MF;Nantes;fr Ligue 1;23-177;2002;19.3;;41;;;;;;;;;;;18;;;;Matches
1435;Mehdi Léris;dz ALG;MF;Pisa;it Serie A;27-329;1998;17.5;;28;;;;;;;;;;;15;;;;Matches
1436;Jefferson Lerma;co COL;MF,DF;Crystal Palace;eng Premier League;31-174;1994;14.9;;14;;;;;;;;;;;17;;;;Matches
1437;Louis Leroux;fr FRA;MF,DF;Nantes;fr Ligue 1;20-084;2006;13.7;;17;;;;;;;;;;;4;;;;Matches
1438;Robert Lewandowski;pl POL;FW;Barcelona;es La Liga;37-239;1988;13.4;;3;;;;;;;;;;;2;;;;Matches
1439;Jamie Leweling;de GER;MF;Stuttgart;de Bundesliga;25-050;2001;21.7;;9;;;;;;;;;;;12;;;;Matches
1440;Rico Lewis;eng ENG;DF;Manchester City;eng Premier League;21-147;2004;3.5;;4;;;;;;;;;;;7;;;;Matches
1441;Keane Lewis-Potter;eng ENG;MF,DF;Brentford;eng Premier League;25-054;2001;15.9;;11;;;;;;;;;;;7;;;;Matches
1442;Myles Lewis-Skelly;eng ENG;DF;Arsenal;eng Premier League;19-203;2006;4.6;;5;;;;;;;;;;;3;;;;Matches
1443;Philipp Lienhart;at AUT;DF;Freiburg;de Bundesliga;29-280;1996;12;;11;;;;;;;;;;;12;;;;Matches
1444;Matthijs de Ligt;nl NED;DF;Manchester Utd;eng Premier League;26-248;1999;13;;13;;;;;;;;;;;11;;;;Matches
1445;Pedro Lima;br BRA;DF;Wolves;eng Premier League;19-290;2006;0;;0;;;;;;;;;;;0;;;;Matches
1446;Victor Lindelöf;se SWE;DF;Aston Villa;eng Premier League;31-274;1994;7.4;;2;;;;;;;;;;;4;;;;Matches
1447;Jesper Lindstrøm;dk DEN;MF;Wolfsburg;de Bundesliga;26-047;2000;4.2;;6;;;;;;;;;;;0;;;;Matches
1448;Luca Lipani;it ITA;MF;Sassuolo;it Serie A;20-334;2005;8.6;;14;;;;;;;;;;;9;;;;Matches
1449;Pol Lirola;es ESP;MF;Hellas Verona;it Serie A;28-247;1997;2.6;;3;;;;;;;;;;;1;;;;Matches
1450;Pol Lirola;es ESP;DF,MF;Marseille;fr Ligue 1;28-247;1997;0.4;;0;;;;;;;;;;;1;;;;Matches
1451;Adrián Liso;es ESP;FW,MF;Getafe;es La Liga;21-015;2005;17.5;;19;;;;;;;;;;;4;;;;Matches
1452;Joseph Liteta;zm ZAM;MF;Cagliari;it Serie A;20-054;2006;2.9;;2;;;;;;;;;;;8;;;;Matches
1453;Valentino Livramento;eng ENG;DF;Newcastle United;eng Premier League;23-156;2002;13.9;;14;;;;;;;;;;;2;;;;Matches
1454;Marin Ljubicic;hr CRO;FW;Union Berlin;de Bundesliga;24-048;2002;0.2;;0;;;;;;;;;;;0;;;;Matches
1455;Javier Llabrés;es ESP;MF;Mallorca;es La Liga;23-218;2002;1.9;;2;;;;;;;;;;;0;;;;Matches
1456;Diego Llorente;es ESP;DF;Real Betis;es La Liga;32-244;1993;9;;9;;;;;;;;;;;21;;;;Matches
1457;Marcos Llorente;es ESP;DF;Atlético Madrid;es La Liga;31-077;1995;20.7;;32;;;;;;;;;;;10;;;;Matches
1458;Gautier Lloris;fr FRA;DF;Le Havre;fr Ligue 1;30-273;1995;21.6;;21;;;;;;;;;;;40;;;;Matches
1459;Giovani Lo Celso;ar ARG;MF;Real Betis;es La Liga;30-008;1996;12.3;;11;;;;;;;;;;;5;;;;Matches
1460;Danny Loader;cm CMR;MF,FW;Auxerre;fr Ligue 1;25-232;2000;23.7;;17;;;;;;;;;;;8;;;;Matches
1461;Stanislav Lobotka;sk SVK;MF;Napoli;it Serie A;31-143;1994;22.5;;13;;;;;;;;;;;12;;;;Matches
1462;Manuel Locatelli;it ITA;MF;Juventus;it Serie A;28-099;1998;27.3;;55;;;;;;;;;;;33;;;;Matches
1463;Bradley Locko;fr FRA;DF;Brest;fr Ligue 1;23-346;2002;14.2;;28;;;;;;;;;;;9;;;;Matches
1464;Ruben Loftus-Cheek;eng ENG;MF,FW;Milan;it Serie A;30-084;1996;11.7;;7;;;;;;;;;;;4;;;;Matches
1465;Sean Longstaff;eng ENG;MF;Leeds United;eng Premier League;28-169;1997;10.6;;23;;;;;;;;;;;10;;;;Matches
1466;Ademola Lookman;ng NGA;FW,MF;Atalanta;it Serie A;28-179;1997;8.8;;3;;;;;;;;;;;3;;;;Matches
1467;Ademola Lookman;ng NGA;FW,MF;Atlético Madrid;es La Liga;28-179;1997;3.9;;1;;;;;;;;;;;1;;;;Matches
1468;Anthony Lopes;pt POR;GK;Nantes;fr Ligue 1;35-198;1990;27;;1;;;;;;;;;;;1;;;;Matches
1469;David López;es ESP;DF;Girona;es La Liga;36-190;1989;2.3;;1;;;;;;;;;;;0;;;;Matches
1470;David López;es ESP;DF;Mallorca;es La Liga;23-073;2003;6.3;;4;;;;;;;;;;;8;;;;Matches
1471;Diego López;es ESP;MF,FW;Valencia;es La Liga;23-339;2002;15.1;;10;;;;;;;;;;;11;;;;Matches
1472;Fer López;es ESP;MF;Wolves;eng Premier League;21-328;2004;2.6;;1;;;;;;;;;;;0;;;;Matches
1473;Fer López;es ESP;MF,FW;Celta Vigo;es La Liga;21-328;2004;7.1;;3;;;;;;;;;;;3;;;;Matches
1474;Fermin López;es ESP;MF;Barcelona;es La Liga;22-341;2003;16.1;;18;;;;;;;;;;;6;;;;Matches
1475;Hugo López;es ESP;MF;Villarreal;es La Liga;19-106;2007;0.6;;1;;;;;;;;;;;1;;;;Matches
1476;Javi López;es ESP;DF;Oviedo;es La Liga;24-023;2002;15;;20;;;;;;;;;;;14;;;;Matches
1477;Julien López;dz ALG;FW,MF;Paris FC;fr Ligue 1;34-047;1992;0.5;;0;;;;;;;;;;;1;;;;Matches
1478;Maxime Lopez;fr FRA;MF;Paris FC;fr Ligue 1;28-134;1997;20.2;;15;;;;;;;;;;;9;;;;Matches
1479;Pau López;es ESP;GK;Real Betis;es La Liga;31-125;1994;9;;1;;;;;;;;;;;0;;;;Matches
1480;Unai López;es ESP;MF;Rayo Vallecano;es La Liga;30-169;1995;14.5;;14;;;;;;;;;;;16;;;;Matches
1481;Dachi Lordkipanidze;ge GEO;MF;Cremonese;it Serie A;21-040;2005;0.3;;0;;;;;;;;;;;0;;;;Matches
1482;Lorran;br BRA;FW;Pisa;it Serie A;19-287;2006;1.2;;3;;;;;;;;;;;3;;;;Matches
1483;Iker Losada;es ESP;MF;Levante;es La Liga;24-259;2001;7.6;;8;;;;;;;;;;;8;;;;Matches
1484;Tom Louchet;fr FRA;MF;Nice;fr Ligue 1;22-348;2003;13.7;;15;;;;;;;;;;;9;;;;Matches
1485;Marius Louer;fr FRA;DF;Angers;fr Ligue 1;19-037;2007;3.3;;9;;;;;;;;;;;0;;;;Matches
1486;Sandi Lovrić;si SVN;MF;Udinese;it Serie A;28-020;1998;1.8;;4;;;;;;;;;;;4;;;;Matches
1487;Sandi Lovrić;si SVN;MF;Hellas Verona;it Serie A;28-020;1998;0.9;;2;;;;;;;;;;;0;;;;Matches
1488;Felipe Loyola;cl CHI;MF;Pisa;it Serie A;25-159;2000;4.4;;5;;;;;;;;;;;6;;;;Matches
1489;Pol Lozano;es ESP;MF;Espanyol;es La Liga;26-193;1999;21.7;;17;;;;;;;;;;;22;;;;Matches
1490;Sergio Lozano;es ESP;MF;Levante;es La Liga;27-024;1999;0.1;;1;;;;;;;;;;;0;;;;Matches
1491;Lucas;br BRA;MF,DF;Burnley;eng Premier League;25-024;2001;12.4;;19;;;;;;;;;;;14;;;;Matches
1492;Lorenzo Lucca;it ITA;FW;Napoli;it Serie A;25-219;2000;4.5;;0;;;;;;;;;;;0;;;;Matches
1493;Lorenzo Lucca;it ITA;FW;Nottingham Forest;eng Premier League;25-219;2000;1.3;;0;;;;;;;;;;;1;;;;Matches
1494;Jhon Lucumí;co COL;DF;Bologna;it Serie A;27-295;1998;20.4;;18;;;;;;;;;;;29;;;;Matches
1495;Oier Luengo;es ESP;DF;Oviedo;es La Liga;28-157;1997;2.5;;5;;;;;;;;;;;2;;;;Matches
1496;Florentino Luís;pt POR;MF;Burnley;eng Premier League;26-241;1999;19.3;;40;;;;;;;;;;;31;;;;Matches
1497;José Luis Gayà;es ESP;DF;Valencia;es La Liga;30-327;1995;22.7;;33;;;;;;;;;;;16;;;;Matches
1498;José Luis Morales;es ESP;MF;Levante;es La Liga;38-268;1987;3.8;;4;;;;;;;;;;;3;;;;Matches
1499;Douglas Luiz;br BRA;MF;Aston Villa;eng Premier League;27-343;1998;5.6;;9;;;;;;;;;;;4;;;;Matches
1500;Douglas Luiz;br BRA;MF;Nottingham Forest;eng Premier League;27-343;1998;3.5;;3;;;;;;;;;;;7;;;;Matches
1501;Romelu Lukaku;be BEL;FW;Napoli;it Serie A;32-339;1993;0.5;;0;;;;;;;;;;;0;;;;Matches
1502;Castello Lukeba;fr FRA;DF;RB Leipzig;de Bundesliga;23-121;2002;21.7;;11;;;;;;;;;;;30;;;;Matches
1503;Dodi Lukebakio;be BEL;MF;Sevilla;es La Liga;28-205;1997;2;;0;;;;;;;;;;;1;;;;Matches
1504;Saša Lukić;rs SRB;MF;Fulham;eng Premier League;29-247;1996;14.3;;21;;;;;;;;;;;11;;;;Matches
1505;Kristoffer Lund;us USA;DF,MF;Köln;de Bundesliga;23-338;2002;21.4;;23;;;;;;;;;;;27;;;;Matches
1506;Andriy Lunin;ua UKR;GK;Real Madrid;es La Liga;27-065;1999;3;;0;;;;;;;;;;;0;;;;Matches
1507;Sebastiano Luperto;it ITA;DF;Cremonese;it Serie A;29-223;1996;9;;6;;;;;;;;;;;5;;;;Matches
1508;Sebastiano Luperto;it ITA;DF;Cagliari;it Serie A;29-223;1996;19;;12;;;;;;;;;;;19;;;;Matches
1509;Mateus Lusuardi;br BRA;DF;Pisa;it Serie A;22-099;2004;2.2;;2;;;;;;;;;;;0;;;;Matches
1510;Zito Luvumbo;ao ANG;FW,MF;Mallorca;es La Liga;24-039;2002;3.1;;0;;;;;;;;;;;0;;;;Matches
1511;Zito Luvumbo;ao ANG;MF,FW;Cagliari;it Serie A;24-039;2002;3.7;;1;;;;;;;;;;;1;;;;Matches
1512;Babis Lykogiannis;gr GRE;DF;Bologna;it Serie A;32-177;1993;7;;10;;;;;;;;;;;6;;;;Matches
1513;Senne Lynen;be BEL;MF;Werder Bremen;de Bundesliga;27-057;1999;25.6;;21;;;;;;;;;;;56;;;;Matches
1514;Mathias Løvik;no NOR;MF;Parma;it Serie A;22-132;2003;5.2;;8;;;;;;;;;;;7;;;;Matches
1515;Ian Maatsen;nl NED;DF;Aston Villa;eng Premier League;24-038;2002;14.2;;27;;;;;;;;;;;13;;;;Matches
1516;Alexis Mac Allister;ar ARG;MF;Liverpool;eng Premier League;27-114;1998;24.5;;22;;;;;;;;;;;16;;;;Matches
1517;Deiver Machado;co COL;MF,DF;Nantes;fr Ligue 1;32-227;1993;6.8;;10;;;;;;;;;;;5;;;;Matches
1518;Deiver Machado;co COL;MF;Lens;fr Ligue 1;32-227;1993;3;;1;;;;;;;;;;;3;;;;Matches
1519;Koki Machida;jp JPN;DF;Hoffenheim;de Bundesliga;28-235;1997;0.5;;0;;;;;;;;;;;1;;;;Matches
1520;Lanroy Machine;fr FRA;FW;Angers;fr Ligue 1;20-186;2005;4.8;;3;;;;;;;;;;;0;;;;Matches
1521;Shuto Machino;jp JPN;FW,MF;Gladbach;de Bundesliga;26-199;1999;10.8;;4;;;;;;;;;;;3;;;;Matches
1522;Carlos Macià;es ESP;MF;Villarreal;es La Liga;17-228;2008;0.9;;0;;;;;;;;;;;2;;;;Matches
1523;Brian Madjo;lu LUX;FW;Metz;fr Ligue 1;17-095;2009;1.7;;0;;;;;;;;;;;0;;;;Matches
1524;Noni Madueke;eng ENG;FW,MF;Arsenal;eng Premier League;24-038;2002;10.5;;9;;;;;;;;;;;4;;;;Matches
1525;Pablo Maffeo;es ESP;DF;Mallorca;es La Liga;28-279;1997;23.6;;24;;;;;;;;;;;30;;;;Matches
1526;Gabriel Magalhães;br BRA;DF;Arsenal;eng Premier League;28-119;1997;25.1;;17;;;;;;;;;;;18;;;;Matches
1527;Soungoutou Magassa;fr FRA;MF;West Ham United;eng Premier League;22-191;2003;10.9;;23;;;;;;;;;;;17;;;;Matches
1528;Hugo Magnetti;fr FRA;MF;Brest;fr Ligue 1;27-322;1998;25.1;;38;;;;;;;;;;;39;;;;Matches
1529;Frank Magri;cm CMR;FW,MF;Toulouse;fr Ligue 1;26-225;1999;13.9;;3;;;;;;;;;;;3;;;;Matches
1530;Harry Maguire;eng ENG;DF;Manchester Utd;eng Premier League;33-043;1993;13.4;;9;;;;;;;;;;;9;;;;Matches
1531;Arne Maier;de GER;MF;Augsburg;de Bundesliga;27-099;1999;0;;1;;;;;;;;;;;1;;;;Matches
1532;Mike Maignan;fr FRA;GK;Milan;it Serie A;30-288;1995;30.6;;0;;;;;;;;;;;1;;;;Matches
1533;Linton Maina;de GER;MF,FW;Köln;de Bundesliga;26-298;1999;8.7;;6;;;;;;;;;;;1;;;;Matches
1534;Patrick Mainka;de GER;DF;Heidenheim;de Bundesliga;31-162;1994;29;;27;;;;;;;;;;;30;;;;Matches
1535;Kobbie Mainoo;eng ENG;MF;Manchester Utd;eng Premier League;20-363;2005;12.5;;11;;;;;;;;;;;7;;;;Matches
1536;Ainsley Maitland-Niles;eng ENG;DF,MF;Lyon;fr Ligue 1;28-231;1997;23.1;;31;;;;;;;;;;;28;;;;Matches
1537;Radosław Majecki;pl POL;GK;Brest;fr Ligue 1;26-152;1999;9.6;;0;;;;;;;;;;;0;;;;Matches
1538;Lovro Majer;hr CRO;MF;Wolfsburg;de Bundesliga;28-090;1998;14.7;;16;;;;;;;;;;;8;;;;Matches
1539;Hamidou Makalou;ml MLI;MF;Brest;fr Ligue 1;19-276;2006;2;;3;;;;;;;;;;;3;;;;Matches
1540;Jean-Victor Makengo;fr FRA;MF;Lorient;fr Ligue 1;27-309;1998;16.6;;13;;;;;;;;;;;13;;;;Matches
1541;Jordy Makengo;fr FRA;DF;Freiburg;de Bundesliga;24-257;2001;11.6;;9;;;;;;;;;;;9;;;;Matches
1542;Andrija Maksimović;rs SRB;FW;RB Leipzig;de Bundesliga;18-316;2007;1;;0;;;;;;;;;;;0;;;;Matches
1543;Said El Mala;de GER;FW,MF;Köln;de Bundesliga;19-234;2006;17.1;;10;;;;;;;;;;;4;;;;Matches
1544;Tyrell Malacia;nl NED;DF;Manchester Utd;eng Premier League;26-243;1999;0.1;;0;;;;;;;;;;;0;;;;Matches
1545;Julián Malatini;ar ARG;DF;Werder Bremen;de Bundesliga;24-321;2001;5.7;;6;;;;;;;;;;;6;;;;Matches
1546;Daniel Maldini;it ITA;FW;Lazio;it Serie A;24-188;2001;6.4;;9;;;;;;;;;;;3;;;;Matches
1547;Daniel Maldini;it ITA;MF;Atalanta;it Serie A;24-188;2001;2.9;;2;;;;;;;;;;;0;;;;Matches
1548;Youssef Maleh;ma MAR;MF;Cremonese;it Serie A;27-238;1998;8.7;;9;;;;;;;;;;;7;;;;Matches
1549;Youssef Maleh;ma MAR;MF;Lecce;it Serie A;27-238;1998;5.1;;4;;;;;;;;;;;7;;;;Matches
1550;Donyell Malen;nl NED;FW,MF;Aston Villa;eng Premier League;27-098;1999;7.3;;2;;;;;;;;;;;0;;;;Matches
1551;Donyell Malen;nl NED;FW;Roma;it Serie A;27-098;1999;10.7;;1;;;;;;;;;;;1;;;;Matches
1552;Ruslan Malinovskyi;ua UKR;MF;Genoa;it Serie A;32-348;1993;23.1;;18;;;;;;;;;;;16;;;;Matches
1553;Lennard Maloney;us USA;DF,MF;Mainz 05;de Bundesliga;26-191;1999;5;;8;;;;;;;;;;;7;;;;Matches
1554;Pape Mamadou Sy;sn SEN;GK;Metz;fr Ligue 1;28-350;1997;3.8;;0;;;;;;;;;;;0;;;;Matches
1555;Giorgi Mamardashvili;ge GEO;GK;Liverpool;eng Premier League;25-200;2000;7;;0;;;;;;;;;;;0;;;;Matches
1556;Felix Mambimbi;ch SUI;FW,MF;Le Havre;fr Ligue 1;25-089;2001;5.8;;10;;;;;;;;;;;4;;;;Matches
1557;Aitor Mañas;es ESP;FW;Alavés;es La Liga;23-102;2003;0.8;;2;;;;;;;;;;;0;;;;Matches
1558;Gianluca Mancini;it ITA;DF;Roma;it Serie A;30-000;1996;28.6;;24;;;;;;;;;;;41;;;;Matches
1559;Reinildo Mandava;mz MOZ;DF;Sunderland;eng Premier League;32-086;1994;16.9;;18;;;;;;;;;;;25;;;;Matches
1560;Aïssa Mandi;dz ALG;DF;Lille;fr Ligue 1;34-177;1991;21.9;;19;;;;;;;;;;;36;;;;Matches
1561;Rolando Mandragora;it ITA;MF;Fiorentina;it Serie A;28-292;1997;23.1;;21;;;;;;;;;;;15;;;;Matches
1562;Filippo Mane;it ITA;DF;Dortmund;de Bundesliga;21-040;2005;1.5;;0;;;;;;;;;;;2;;;;Matches
1563;Mateus Mane;pt POR;MF;Wolves;eng Premier League;18-213;2007;14.6;;8;;;;;;;;;;;3;;;;Matches
1564;Orel Mangala;be BEL;MF;Lyon;fr Ligue 1;28-030;1998;2.6;;4;;;;;;;;;;;2;;;;Matches
1565;Bendito Mantato;eng ENG;MF;Manchester Utd;eng Premier League;18-082;2008;0.2;;0;;;;;;;;;;;0;;;;Matches
1566;Brad Mantsounga;cg CGO;DF;Nice;fr Ligue 1;18-223;2007;1;;3;;;;;;;;;;;0;;;;Matches
1567;Johan Manzambi;ch SUI;MF;Freiburg;de Bundesliga;20-185;2005;19.9;;11;;;;;;;;;;;26;;;;Matches
1568;Sekou Mara;fr FRA;FW;Auxerre;fr Ligue 1;23-261;2002;10.7;;6;;;;;;;;;;;2;;;;Matches
1569;Alessandro Marcandalli;it ITA;DF;Genoa;it Serie A;23-174;2002;23;;13;;;;;;;;;;;15;;;;Matches
1570;Marcão;br BRA;DF;Sevilla;es La Liga;29-316;1996;10.4;;4;;;;;;;;;;;4;;;;Matches
1571;Solly March;eng ENG;MF;Brighton;eng Premier League;31-271;1994;0.1;;0;;;;;;;;;;;0;;;;Matches
1572;Vincent Marchetti;fr FRA;MF;Paris FC;fr Ligue 1;28-287;1997;8.5;;12;;;;;;;;;;;4;;;;Matches
1573;Pablo Marí;es ESP;DF;Fiorentina;it Serie A;32-229;1993;9;;8;;;;;;;;;;;19;;;;Matches
1574;José María Giménez;uy URU;DF;Atlético Madrid;es La Liga;31-087;1995;12.9;;12;;;;;;;;;;;15;;;;Matches
1575;Mariano;do DOM;FW;Alavés;es La Liga;32-259;1993;3.2;;1;;;;;;;;;;;0;;;;Matches
1576;Luca Marianucci;it ITA;DF;Torino;it Serie A;21-268;2004;3.2;;4;;;;;;;;;;;6;;;;Matches
1577;Luca Marianucci;it ITA;DF;Napoli;it Serie A;21-268;2004;1.3;;2;;;;;;;;;;;1;;;;Matches
1578;Arkaitz Mariezkurrena;es ESP;FW;Real Sociedad;es La Liga;21-012;2005;0;;0;;;;;;;;;;;0;;;;Matches
1579;Marius Marin;ro ROU;MF;Pisa;it Serie A;27-230;1998;14.2;;26;;;;;;;;;;;14;;;;Matches
1580;Pablo Marín;es ESP;MF;Real Sociedad;es La Liga;22-288;2003;12.8;;13;;;;;;;;;;;6;;;;Matches
1581;Rafa Marín;es ESP;DF;Villarreal;es La Liga;23-333;2002;18;;17;;;;;;;;;;;20;;;;Matches
1582;João Mário Lopes;pt POR;DF;Bologna;it Serie A;26-104;2000;5.7;;2;;;;;;;;;;;7;;;;Matches
1583;João Mário Lopes;pt POR;MF;Juventus;it Serie A;26-104;2000;2.9;;3;;;;;;;;;;;3;;;;Matches
1584;Guillermo Maripán;cl CHI;DF;Torino;it Serie A;31-346;1994;22.6;;28;;;;;;;;;;;26;;;;Matches
1585;Omar Marmoush;eg EGY;FW,MF;Manchester City;eng Premier League;27-069;1999;6.4;;7;;;;;;;;;;;2;;;;Matches
1586;Tomas Marques;es ESP;MF;Barcelona;es La Liga;19-169;2006;0.1;;0;;;;;;;;;;;0;;;;Matches
1587;Marquinhos;br BRA;DF;Paris Saint-Germain;fr Ligue 1;31-338;1994;8.7;;9;;;;;;;;;;;6;;;;Matches
1588;Callum Marshall;nir NIR;FW;West Ham United;eng Premier League;21-140;2004;0.7;;0;;;;;;;;;;;2;;;;Matches
1589;Eric Martel;de GER;MF,DF;Köln;de Bundesliga;23-353;2002;24.5;;26;;;;;;;;;;;30;;;;Matches
1590;Aarón Martín;es ESP;MF,DF;Genoa;it Serie A;28-360;1997;21.5;;24;;;;;;;;;;;10;;;;Matches
1591;Carlos Martín;es ESP;MF,FW;Rayo Vallecano;es La Liga;23-360;2002;3.4;;5;;;;;;;;;;;0;;;;Matches
1592;Gerard Martín;es ESP;DF;Barcelona;es La Liga;24-050;2002;17.5;;22;;;;;;;;;;;23;;;;Matches
1593;Iván Martín;es ESP;MF;Girona;es La Liga;27-062;1999;23.3;;35;;;;;;;;;;;13;;;;Matches
1594;Jon Martin;es ESP;DF;Real Sociedad;es La Liga;19-359;2006;19;;12;;;;;;;;;;;32;;;;Matches
1595;Mario Martín;es ESP;MF,FW;Getafe;es La Liga;22-043;2004;18.5;;30;;;;;;;;;;;13;;;;Matches
1596;Gabriel Martinelli;br BRA;FW,MF;Arsenal;eng Premier League;24-303;2001;10.1;;7;;;;;;;;;;;0;;;;Matches
1597;Arnau Martinez;es ESP;DF,MF;Girona;es La Liga;22-357;2003;23.4;;32;;;;;;;;;;;31;;;;Matches
1598;Daniel Martinez;es ESP;DF;Atlético Madrid;es La Liga;21-347;2004;1;;0;;;;;;;;;;;1;;;;Matches
1599;Emiliano Martínez;ar ARG;GK;Aston Villa;eng Premier League;33-227;1992;26.5;;0;;;;;;;;;;;0;;;;Matches
1600;Joaquín Martínez Gauna;es ESP;MF,DF;Sevilla;es La Liga;22-282;2003;10.7;;13;;;;;;;;;;;4;;;;Matches
1601;Josep Martinez;es ESP;GK;Inter;it Serie A;27-325;1998;2;;0;;;;;;;;;;;0;;;;Matches
1602;Lautaro Martínez;ar ARG;FW;Inter;it Serie A;28-238;1997;21.6;;10;;;;;;;;;;;4;;;;Matches
1603;Lisandro Martínez;ar ARG;DF;Manchester Utd;eng Premier League;28-089;1998;10.7;;8;;;;;;;;;;;11;;;;Matches
1604;Pablo Martínez;es ESP;MF;Levante;es La Liga;28-054;1998;14.5;;7;;;;;;;;;;;17;;;;Matches
1605;Ramón Martínez;es ESP;DF;Sevilla;es La Liga;23-177;2002;1.1;;0;;;;;;;;;;;1;;;;Matches
1606;Toni Martínez;es ESP;FW;Alavés;es La Liga;28-291;1997;23.6;;12;;;;;;;;;;;4;;;;Matches
1607;Adam Marušić;me MNE;DF;Lazio;it Serie A;33-182;1992;27.2;;16;;;;;;;;;;;29;;;;Matches
1608;Omar Mascarell;gq EQG;MF,DF;Mallorca;es La Liga;33-074;1993;19.5;;23;;;;;;;;;;;29;;;;Matches
1609;Adam Masina;ma MAR;DF;Torino;it Serie A;32-105;1994;2.6;;4;;;;;;;;;;;5;;;;Matches
1610;Patrizio Masini;it ITA;MF;Genoa;it Serie A;25-080;2001;13.6;;35;;;;;;;;;;;26;;;;Matches
1611;Han-Noah Massengo;fr FRA;MF;Augsburg;de Bundesliga;24-284;2001;24.1;;16;;;;;;;;;;;33;;;;Matches
1612;Franco Mastantuono;ar ARG;MF,FW;Real Madrid;es La Liga;18-246;2007;8.7;;12;;;;;;;;;;;2;;;;Matches
1613;Arthur Masuaku;cd COD;DF;Sunderland;eng Premier League;32-161;1993;1.4;;2;;;;;;;;;;;2;;;;Matches
1614;Arthur Masuaku;cd COD;DF,MF;Lens;fr Ligue 1;32-161;1993;0;;1;;;;;;;;;;;0;;;;Matches
1615;Clinton Mata;ao ANG;DF;Lyon;fr Ligue 1;33-161;1992;26.5;;19;;;;;;;;;;;19;;;;Matches
1616;Igor Matanovic;hr CRO;FW;Freiburg;de Bundesliga;23-017;2003;13.7;;10;;;;;;;;;;;8;;;;Matches
1617;Pape Matar Sarr;sn SEN;MF;Tottenham Hotspur;eng Premier League;23-215;2002;15.1;;21;;;;;;;;;;;13;;;;Matches
1618;Jean-Philippe Mateta;fr FRA;FW;Crystal Palace;eng Premier League;28-293;1997;21.8;;4;;;;;;;;;;;6;;;;Matches
1619;Nemanja Matić;rs SRB;MF;Sassuolo;it Serie A;37-259;1988;25.4;;26;;;;;;;;;;;18;;;;Matches
1620;Rudy Matondo;fr FRA;MF;Auxerre;fr Ligue 1;18-035;2008;6.8;;7;;;;;;;;;;;7;;;;Matches
1621;Rudy Matondo;fr FRA;MF;Paris FC;fr Ligue 1;18-035;2008;4.1;;8;;;;;;;;;;;2;;;;Matches
1622;Chrislain Matsima;fr FRA;DF;Augsburg;de Bundesliga;23-337;2002;14;;9;;;;;;;;;;;29;;;;Matches
1623;Jean Mattéo Bahoya;fr FRA;MF,FW;Eintracht Frankfurt;de Bundesliga;20-345;2005;13.9;;12;;;;;;;;;;;11;;;;Matches
1624;Alan Matturro;uy URU;DF;Levante;es La Liga;21-188;2004;9.4;;12;;;;;;;;;;;6;;;;Matches
1625;Neal Maupay;fr FRA;FW,MF;Marseille;fr Ligue 1;29-246;1996;0;;0;;;;;;;;;;;0;;;;Matches
1626;Neal Maupay;fr FRA;FW;Sevilla;es La Liga;29-246;1996;5;;0;;;;;;;;;;;1;;;;Matches
1627;Konstantinos Mavropanos;gr GRE;DF;West Ham United;eng Premier League;28-127;1997;22.2;;19;;;;;;;;;;;38;;;;Matches
1628;Christian Mawissa;fr FRA;DF,MF;Monaco;fr Ligue 1;20-364;2005;8.3;;16;;;;;;;;;;;12;;;;Matches
1629;Eliezer Mayenda;es ESP;FW,MF;Sunderland;eng Premier League;20-344;2005;8.4;;3;;;;;;;;;;;1;;;;Matches
1630;Ezra Mayers;bb BRB;DF;West Ham United;eng Premier League;19-091;2007;1.3;;0;;;;;;;;;;;1;;;;Matches
1631;Borja Mayoral;es ESP;FW;Getafe;es La Liga;29-012;1997;11.6;;5;;;;;;;;;;;4;;;;Matches
1632;Senny Mayulu;fr FRA;MF,FW;Paris Saint-Germain;fr Ligue 1;19-335;2006;13.4;;23;;;;;;;;;;;6;;;;Matches
1633;Ibrahim Maza;dz ALG;MF;Leverkusen;de Bundesliga;20-144;2005;15.9;;20;;;;;;;;;;;15;;;;Matches
1634;Noussair Mazraoui;ma MAR;MF,DF;Manchester Utd;eng Premier League;28-154;1997;7.6;;10;;;;;;;;;;;8;;;;Matches
1635;Luca Mazzitelli;it ITA;MF;Cagliari;it Serie A;30-153;1995;8.5;;11;;;;;;;;;;;10;;;;Matches
1636;Pasquale Mazzocchi;it ITA;MF;Napoli;it Serie A;30-264;1995;2.6;;1;;;;;;;;;;;2;;;;Matches
1637;Nathan Mbala;;FW;Metz;fr Ligue 1;18-057;2008;2;;2;;;;;;;;;;;0;;;;Matches
1638;Samuel Mbangula;be BEL;MF,FW;Werder Bremen;de Bundesliga;22-091;2004;12;;10;;;;;;;;;;;3;;;;Matches
1639;Ethan Mbappé;fr FRA;MF,FW;Lille;fr Ligue 1;19-109;2006;4.7;;5;;;;;;;;;;;0;;;;Matches
1640;Kylian Mbappé;fr FRA;FW;Real Madrid;es La Liga;27-118;1998;24.7;;1;;;;;;;;;;;3;;;;Matches
1641;Ibrahim Mbaye;sn SEN;FW,MF;Paris Saint-Germain;fr Ligue 1;18-083;2008;9.4;;6;;;;;;;;;;;4;;;;Matches
1642;Malick Mbaye;sn SEN;MF;Metz;fr Ligue 1;22-011;2004;3.3;;8;;;;;;;;;;;3;;;;Matches
1643;Chancel Mbemba;cd COD;DF;Lille;fr Ligue 1;31-252;1994;9.6;;8;;;;;;;;;;;11;;;;Matches
1644;Bryan Mbeumo;cm CMR;MF,FW;Manchester Utd;eng Premier League;26-253;1999;24.5;;10;;;;;;;;;;;6;;;;Matches
1645;Michel Mboula;ga GAB;DF,MF;Metz;fr Ligue 1;22-352;2003;7.1;;9;;;;;;;;;;;12;;;;Matches
1646;Pathé Mboup;sn SEN;MF;Brest;fr Ligue 1;22-180;2003;10.4;;15;;;;;;;;;;;12;;;;Matches
1647;Moustapha Mbow;sn SEN;DF;Paris FC;fr Ligue 1;26-040;2000;27.2;;32;;;;;;;;;;;33;;;;Matches
1648;James Mcatee;eng ENG;MF;Nottingham Forest;eng Premier League;23-181;2002;2;;3;;;;;;;;;;;1;;;;Matches
1649;John McGinn;sct SCO;MF;Aston Villa;eng Premier League;31-181;1994;20.1;;16;;;;;;;;;;;12;;;;Matches
1650;Weston McKennie;us USA;MF;Juventus;it Serie A;27-232;1998;25.6;;17;;;;;;;;;;;21;;;;Matches
1651;Mark McKenzie;us USA;DF;Toulouse;fr Ligue 1;27-051;1999;23.7;;26;;;;;;;;;;;21;;;;Matches
1652;Dwight McNeil;eng ENG;MF;Everton;eng Premier League;26-146;1999;11.4;;12;;;;;;;;;;;7;;;;Matches
1653;Scott McTominay;sct SCO;MF;Napoli;it Serie A;29-130;1996;25;;11;;;;;;;;;;;20;;;;Matches
1654;Facundo Medina;ar ARG;DF;Marseille;fr Ligue 1;26-324;1999;11.2;;11;;;;;;;;;;;12;;;;Matches
1655;Jonas Meffert;de GER;MF;Hamburger SV;de Bundesliga;31-225;1994;1.6;;3;;;;;;;;;;;1;;;;Matches
1656;Henrik Meister;dk DEN;FW;Pisa;it Serie A;22-151;2003;15.3;;3;;;;;;;;;;;0;;;;Matches
1657;Bamo Meïté;ci CIV;DF;Lorient;fr Ligue 1;24-135;2001;19.8;;12;;;;;;;;;;;12;;;;Matches
1658;Kader Meïté;fr FRA;FW;Rennes;fr Ligue 1;18-188;2007;5.9;;2;;;;;;;;;;;1;;;;Matches
1659;Hannibal Mejbri;tn TUN;MF;Burnley;eng Premier League;23-086;2003;11;;13;;;;;;;;;;;7;;;;Matches
1660;Cléo Melieres;fr FRA;FW;Metz;fr Ligue 1;21-004;2005;0.3;;0;;;;;;;;;;;0;;;;Matches
1661;Nuno Mendes;pt POR;DF;Paris Saint-Germain;fr Ligue 1;23-302;2002;13.7;;20;;;;;;;;;;;14;;;;Matches
1662;Brais Méndez;es ESP;MF,FW;Real Sociedad;es La Liga;29-100;1997;17.2;;17;;;;;;;;;;;6;;;;Matches
1663;Rodrigo Mendoza;es ESP;MF,FW;Elche;es La Liga;21-033;2005;8.8;;9;;;;;;;;;;;5;;;;Matches
1664;Rodrigo Mendoza;es ESP;MF;Atlético Madrid;es La Liga;21-033;2005;3.2;;3;;;;;;;;;;;0;;;;Matches
1665;Antoine Mendy;sn SEN;DF;Nice;fr Ligue 1;21-325;2004;18.3;;28;;;;;;;;;;;13;;;;Matches
1666;Batista Mendy;fr FRA;MF;Sevilla;es La Liga;26-095;2000;17.6;;23;;;;;;;;;;;18;;;;Matches
1667;Ferland Mendy;fr FRA;DF;Real Madrid;es La Liga;30-313;1995;1.2;;1;;;;;;;;;;;1;;;;Matches
1668;Formose Mendy;sn SEN;DF;Lorient;fr Ligue 1;25-105;2001;1.5;;1;;;;;;;;;;;3;;;;Matches
1669;Nobel Mendy;sn SEN;DF;Rayo Vallecano;es La Liga;21-226;2004;16.2;;9;;;;;;;;;;;20;;;;Matches
1670;Paul Mendy;sn SEN;FW;Cagliari;it Serie A;19-106;2007;0.6;;0;;;;;;;;;;;0;;;;Matches
1671;Gideon Mensah;gh GHA;DF;Auxerre;fr Ligue 1;27-273;1998;21;;30;;;;;;;;;;;22;;;;Matches
1672;Khalis Merah;fr FRA;MF,FW;Lyon;fr Ligue 1;19-052;2007;9.3;;6;;;;;;;;;;;4;;;;Matches
1673;Alex Meret;it ITA;GK;Napoli;it Serie A;29-026;1997;9;;0;;;;;;;;;;;0;;;;Matches
1674;Mikel Merino;es ESP;MF,FW;Arsenal;eng Premier League;29-299;1996;11.2;;13;;;;;;;;;;;9;;;;Matches
1675;Quentin Merlin;fr FRA;MF,DF;Rennes;fr Ligue 1;23-336;2002;23.1;;29;;;;;;;;;;;24;;;;Matches
1676;Rafik Messali;fr FRA;MF;Toulouse;fr Ligue 1;22-354;2003;5.6;;6;;;;;;;;;;;12;;;;Matches
1677;Junior Messias;br BRA;MF;Genoa;it Serie A;34-339;1991;6.7;;7;;;;;;;;;;;5;;;;Matches
1678;Alejandro Mestanza;es ESP;MF;Getafe;es La Liga;21-131;2004;0.8;;1;;;;;;;;;;;0;;;;Matches
1679;Connor Metcalfe;au AUS;FW;St Pauli;de Bundesliga;26-163;1999;3.9;;6;;;;;;;;;;;4;;;;Matches
1680;Dayann Methalie;fr FRA;MF;Toulouse;fr Ligue 1;20-061;2006;18;;25;;;;;;;;;;;21;;;;Matches
1681;Karol Mets;ee EST;DF;St Pauli;de Bundesliga;32-336;1993;18.5;;22;;;;;;;;;;;19;;;;Matches
1682;Thomas Meunier;be BEL;DF;Lille;fr Ligue 1;34-217;1991;17.3;;16;;;;;;;;;;;16;;;;Matches
1683;Lucas Michal;fr FRA;MF;Metz;fr Ligue 1;20-300;2005;2.1;;0;;;;;;;;;;;0;;;;Matches
1684;Lucas Michal;fr FRA;FW;Monaco;fr Ligue 1;20-300;2005;0.7;;0;;;;;;;;;;;0;;;;Matches
1685;Georges Mikautadze;ge GEO;FW;Villarreal;es La Liga;25-168;2000;19.2;;3;;;;;;;;;;;5;;;;Matches
1686;Georges Mikautadze;ge GEO;FW;Lyon;fr Ligue 1;25-168;2000;2;;0;;;;;;;;;;;1;;;;Matches
1687;Wisdom Mike;de GER;FW;Bayern Munich;de Bundesliga;17-205;2008;0.3;;0;;;;;;;;;;;1;;;;Matches
1688;William Mikelbrencis;fr FRA;MF,DF;Hamburger SV;de Bundesliga;22-051;2004;13.4;;18;;;;;;;;;;;6;;;;Matches
1689;Daniel Mikołajewski;pl POL;FW;Parma;it Serie A;20-083;2006;0.2;;0;;;;;;;;;;;0;;;;Matches
1690;Antoni Milambo;nl NED;MF;Brentford;eng Premier League;21-014;2005;0.5;;1;;;;;;;;;;;0;;;;Matches
1691;Nikola Milenković;rs SRB;DF;Nottingham Forest;eng Premier League;28-187;1997;32;;16;;;;;;;;;;;26;;;;Matches
1692;Lewis Miley;eng ENG;MF,DF;Newcastle United;eng Premier League;19-351;2006;13.6;;15;;;;;;;;;;;17;;;;Matches
1693;Arkadiusz Milik;pl POL;FW;Juventus;it Serie A;32-048;1994;0.4;;0;;;;;;;;;;;0;;;;Matches
1694;Vanja Milinković-Savić;rs SRB;GK;Napoli;it Serie A;29-056;1997;23;;0;;;;;;;;;;;0;;;;Matches
1695;Éder Militão;br BRA;DF;Real Madrid;es La Liga;28-089;1998;12.2;;15;;;;;;;;;;;10;;;;Matches
1696;Luis Milla;es ESP;MF;Getafe;es La Liga;31-192;1994;29.5;;24;;;;;;;;;;;35;;;;Matches
1697;Pere Milla;es ESP;MF,FW;Espanyol;es La Liga;33-206;1992;18.3;;18;;;;;;;;;;;13;;;;Matches
1698;Lennon Miller;sct SCO;MF;Udinese;it Serie A;19-235;2006;7.8;;9;;;;;;;;;;;7;;;;Matches
1699;James Milner;eng ENG;MF;Brighton;eng Premier League;40-103;1986;8.1;;9;;;;;;;;;;;5;;;;Matches
1700;Veljko Milosavljević;rs SRB;DF;Bournemouth;eng Premier League;18-293;2007;4.1;;4;;;;;;;;;;;4;;;;Matches
1701;Jovan Milošević;rs SRB;FW;Werder Bremen;de Bundesliga;20-260;2005;3.6;;1;;;;;;;;;;;0;;;;Matches
1702;Kim Min-jae;kr KOR;DF;Bayern Munich;de Bundesliga;29-153;1996;14.3;;14;;;;;;;;;;;26;;;;Matches
1703;Yerry Mina;co COL;DF;Cagliari;it Serie A;31-206;1994;18.9;;15;;;;;;;;;;;20;;;;Matches
1704;Takumi Minamino;jp JPN;MF;Monaco;fr Ligue 1;31-091;1995;10.5;;3;;;;;;;;;;;3;;;;Matches
1705;Tyrone Mings;eng ENG;DF;Aston Villa;eng Premier League;33-035;1993;10.7;;2;;;;;;;;;;;8;;;;Matches
1706;Óscar Mingueza;es ESP;MF,DF;Celta Vigo;es La Liga;26-339;1999;18.8;;17;;;;;;;;;;;8;;;;Matches
1707;Yankuba Minteh;gm GAM;MF;Brighton;eng Premier League;21-269;2004;21.2;;28;;;;;;;;;;;13;;;;Matches
1708;Bojan Miovski;mk MKD;FW;Girona;es La Liga;26-297;1999;0.5;;0;;;;;;;;;;;0;;;;Matches
1709;Rafa Mir;es ESP;FW,MF;Elche;es La Liga;28-303;1997;19.3;;7;;;;;;;;;;;4;;;;Matches
1710;Juan Miranda;es ESP;DF;Bologna;it Serie A;26-088;2000;23.1;;21;;;;;;;;;;;28;;;;Matches
1711;Fabio Miretti;it ITA;MF;Juventus;it Serie A;22-257;2003;6.4;;9;;;;;;;;;;;4;;;;Matches
1712;Tyrick Mitchell;eng ENG;MF;Crystal Palace;eng Premier League;26-228;1999;30.6;;54;;;;;;;;;;;28;;;;Matches
1713;Kaoru Mitoma;jp JPN;MF,FW;Brighton;eng Premier League;28-332;1997;16;;9;;;;;;;;;;;8;;;;Matches
1714;Maximilian Mittelstädt;de GER;DF,MF;Stuttgart;de Bundesliga;29-030;1997;20.9;;37;;;;;;;;;;;32;;;;Matches
1715;Henrikh Mkhitaryan;am ARM;MF;Inter;it Serie A;37-086;1989;13.7;;24;;;;;;;;;;;15;;;;Matches
1716;Branimir Mlacic;hr CRO;DF;Udinese;it Serie A;19-036;2007;0.9;;2;;;;;;;;;;;1;;;;Matches
1717;Tadjidine Mmadi;fr FRA;FW;Marseille;fr Ligue 1;19-045;2007;0.2;;1;;;;;;;;;;;1;;;;Matches
1718;Rui Modesto;ao ANG;MF;Udinese;it Serie A;26-192;1999;1.3;;4;;;;;;;;;;;1;;;;Matches
1719;Luka Modrić;hr CRO;MF;Milan;it Serie A;40-220;1985;29;;25;;;;;;;;;;;34;;;;Matches
1720;Max Moerstedt;de GER;FW;Hoffenheim;de Bundesliga;20-092;2006;4.4;;3;;;;;;;;;;;0;;;;Matches
1721;Terem Moffi;ng NGA;FW;Nice;fr Ligue 1;26-327;1999;5.4;;1;;;;;;;;;;;0;;;;Matches
1722;Mostafa Mohamed;eg EGY;FW;Nantes;fr Ligue 1;28-140;1997;11.1;;5;;;;;;;;;;;6;;;;Matches
1723;Wael Mohya;de GER;MF;Gladbach;de Bundesliga;17-107;2008;4.1;;3;;;;;;;;;;;2;;;;Matches
1724;Johan Mojica;co COL;DF;Mallorca;es La Liga;33-239;1992;25.7;;28;;;;;;;;;;;19;;;;Matches
1725;Enzo Molebe;fr FRA;FW;Lyon;fr Ligue 1;18-211;2007;0.1;;0;;;;;;;;;;;0;;;;Matches
1726;Alberto Moleiro;es ESP;MF;Villarreal;es La Liga;22-199;2003;21.9;;15;;;;;;;;;;;9;;;;Matches
1727;Nahuel Molina;ar ARG;DF;Atlético Madrid;es La Liga;28-011;1998;12.6;;21;;;;;;;;;;;14;;;;Matches
1728;Jon Moncayola;es ESP;MF;Osasuna;es La Liga;27-339;1998;27.1;;20;;;;;;;;;;;22;;;;Matches
1729;Jano Monserrate;es ESP;MF;Atlético Madrid;es La Liga;20-079;2006;0.3;;2;;;;;;;;;;;0;;;;Matches
1730;Jorge Montes;es ESP;DF;Getafe;es La Liga;22-042;2004;0.3;;2;;;;;;;;;;;0;;;;Matches
1731;Lorenzo Montipò;it ITA;GK;Hellas Verona;it Serie A;30-056;1996;29;;0;;;;;;;;;;;0;;;;Matches
1732;Álvaro Morata;es ESP;FW;Como;it Serie A;33-176;1992;8.9;;8;;;;;;;;;;;1;;;;Matches
1733;Morato;br BRA;DF;Nottingham Forest;eng Premier League;24-291;2001;10.5;;16;;;;;;;;;;;8;;;;Matches
1734;Diego Morcillo;es ESP;FW;Alavés;es La Liga;22-303;2003;0.1;;0;;;;;;;;;;;0;;;;Matches
1735;Javi Morcillo;es ESP;MF;Atlético Madrid;es La Liga;20-033;2006;0.6;;1;;;;;;;;;;;1;;;;Matches
1736;Afonso Moreira;pt POR;MF,FW;Lyon;fr Ligue 1;21-029;2005;14.1;;17;;;;;;;;;;;9;;;;Matches
1737;Diego Moreira;be BEL;MF;Strasbourg;fr Ligue 1;21-254;2004;20.3;;22;;;;;;;;;;;16;;;;Matches
1738;Alberto Moreno;es ESP;DF;Como;it Serie A;33-286;1992;10.1;;9;;;;;;;;;;;4;;;;Matches
1739;Álex Moreno;es ESP;DF;Girona;es La Liga;32-313;1993;22.8;;19;;;;;;;;;;;21;;;;Matches
1740;Fabio Moreno Fell;de GER;FW;Mainz 05;de Bundesliga;25-317;2000;0.9;;0;;;;;;;;;;;0;;;;Matches
1741;Gerard Moreno;es ESP;FW;Villarreal;es La Liga;34-010;1992;11.5;;8;;;;;;;;;;;2;;;;Matches
1742;Matias Moreno;ar ARG;DF;Levante;es La Liga;22-205;2003;18;;21;;;;;;;;;;;27;;;;Matches
1743;Tete Morente;es ESP;MF;Elche;es La Liga;29-134;1996;5.5;;6;;;;;;;;;;;4;;;;Matches
1744;Tete Morente;es ESP;FW,MF;Lecce;it Serie A;29-134;1996;9.5;;9;;;;;;;;;;;3;;;;Matches
1745;Stefano Moreo;it ITA;FW,MF;Pisa;it Serie A;32-291;1993;20.5;;9;;;;;;;;;;;17;;;;Matches
1746;Mateu Morey;es ESP;DF,MF;Mallorca;es La Liga;26-046;2000;7;;8;;;;;;;;;;;5;;;;Matches
1747;Ilaix Moriba;gn GUI;MF;Celta Vigo;es La Liga;23-088;2003;21.7;;36;;;;;;;;;;;13;;;;Matches
1748;Manu Morlanes;es ESP;MF;Mallorca;es La Liga;27-095;1999;14.2;;21;;;;;;;;;;;14;;;;Matches
1749;Luca Moro;it ITA;FW;Sassuolo;it Serie A;25-082;2001;2.3;;4;;;;;;;;;;;2;;;;Matches
1750;Nikola Moro;hr CRO;MF;Bologna;it Serie A;28-036;1998;18;;7;;;;;;;;;;;16;;;;Matches
1751;Raúl Moro;es ESP;MF;Osasuna;es La Liga;23-133;2002;4;;0;;;;;;;;;;;0;;;;Matches
1752;Tyler Morton;eng ENG;MF;Lyon;fr Ligue 1;23-168;2002;24.5;;27;;;;;;;;;;;22;;;;Matches
1753;Daren Mosengo;fr FRA;MF;Le Havre;fr Ligue 1;19-249;2006;1.2;;0;;;;;;;;;;;1;;;;Matches
1754;Cristhian Mosquera;es ESP;DF;Arsenal;eng Premier League;21-294;2004;7.6;;16;;;;;;;;;;;8;;;;Matches
1755;Daniel Mosquera;co COL;FW;Hellas Verona;it Serie A;26-179;1999;6.6;;2;;;;;;;;;;;2;;;;Matches
1756;Yerson Mosquera;co COL;DF;Wolves;eng Premier League;24-350;2001;19.7;;32;;;;;;;;;;;17;;;;Matches
1757;Edoardo Motta;it ITA;GK;Lazio;it Serie A;21-094;2005;5;;0;;;;;;;;;;;0;;;;Matches
1758;Mason Mount;eng ENG;MF;Manchester Utd;eng Premier League;27-097;1999;9.1;;8;;;;;;;;;;;3;;;;Matches
1759;Samir El Mourabet;ma MAR;MF;Strasbourg;fr Ligue 1;20-193;2005;20;;33;;;;;;;;;;;25;;;;Matches
1760;Santiago Mouriño;uy URU;DF;Villarreal;es La Liga;24-063;2002;22.6;;54;;;;;;;;;;;25;;;;Matches
1761;Louis Mouton;fr FRA;MF;Angers;fr Ligue 1;23-318;2002;19.6;;25;;;;;;;;;;;12;;;;Matches
1762;Lionel Mpasi;cd COD;GK;Le Havre;fr Ligue 1;31-259;1994;3.5;;0;;;;;;;;;;;0;;;;Matches
1763;Tarik Muharemovic;ba BIH;DF;Sassuolo;it Serie A;23-048;2003;26.5;;22;;;;;;;;;;;38;;;;Matches
1764;Miro Muheim;ch SUI;MF,DF;Hamburger SV;de Bundesliga;28-024;1998;25.9;;34;;;;;;;;;;;27;;;;Matches
1765;Divine Mukasa;eng ENG;MF;Manchester City;eng Premier League;18-238;2007;0.3;;0;;;;;;;;;;;0;;;;Matches
1766;Ngal'Ayel Mukau;cd COD;MF;Lille;fr Ligue 1;21-165;2004;13.5;;14;;;;;;;;;;;8;;;;Matches
1767;Nordan Mukiele;fr FRA;MF;Rennes;fr Ligue 1;20-064;2006;0.9;;0;;;;;;;;;;;0;;;;Matches
1768;Nordi Mukiele;fr FRA;DF;Sunderland;eng Premier League;28-167;1997;24.9;;40;;;;;;;;;;;29;;;;Matches
1769;Romaine Mundle;eng ENG;MF;Sunderland;eng Premier League;22-358;2003;4.6;;4;;;;;;;;;;;1;;;;Matches
1770;Marshall Munetsi;zw ZIM;MF;Paris FC;fr Ligue 1;29-299;1996;8.6;;4;;;;;;;;;;;3;;;;Matches
1771;Marshall Munetsi;zw ZIM;MF,FW;Wolves;eng Premier League;29-299;1996;9.7;;13;;;;;;;;;;;5;;;;Matches
1772;Rodrigo Muniz;br BRA;FW;Fulham;eng Premier League;24-348;2001;7.4;;1;;;;;;;;;;;2;;;;Matches
1773;Believe Munongo;fr FRA;MF;Metz;fr Ligue 1;16-145;2009;3.7;;4;;;;;;;;;;;4;;;;Matches
1774;Aihen Muñoz;es ESP;DF;Real Sociedad;es La Liga;28-244;1997;7.7;;16;;;;;;;;;;;5;;;;Matches
1775;Daniel Muñoz;co COL;MF;Crystal Palace;eng Premier League;29-326;1996;20.8;;35;;;;;;;;;;;21;;;;Matches
1776;Iker Muñoz;es ESP;MF;Osasuna;es La Liga;23-163;2002;8.5;;7;;;;;;;;;;;11;;;;Matches
1777;Javier Muñoz;es ESP;MF,FW;Getafe;es La Liga;31-048;1995;5.4;;4;;;;;;;;;;;4;;;;Matches
1778;Víctor Muñoz;es ESP;MF,FW;Osasuna;es La Liga;22-278;2003;26.5;;13;;;;;;;;;;;10;;;;Matches
1779;Arijanet Muric;xk KVX;GK;Sassuolo;it Serie A;27-161;1998;31;;0;;;;;;;;;;;0;;;;Matches
1780;Murillo;br BRA;DF;Nottingham Forest;eng Premier League;23-287;2002;23.2;;23;;;;;;;;;;;28;;;;Matches
1781;Vedat Muriqi;xk KVX;FW;Mallorca;es La Liga;31-358;1994;27.8;;3;;;;;;;;;;;3;;;;Matches
1782;Alex Murphy;ie IRL;DF;Newcastle United;eng Premier League;21-296;2004;0;;0;;;;;;;;;;;0;;;;Matches
1783;Jacob Murphy;eng ENG;FW,MF;Newcastle United;eng Premier League;31-052;1995;14.8;;10;;;;;;;;;;;3;;;;Matches
1784;Salim Musah;de GER;FW;Werder Bremen;de Bundesliga;20-054;2006;0.8;;0;;;;;;;;;;;1;;;;Matches
1785;Yunus Musah;us USA;MF;Atalanta;it Serie A;23-139;2002;5;;4;;;;;;;;;;;4;;;;Matches
1786;Yunus Musah;us USA;MF;Milan;it Serie A;23-139;2002;1;;1;;;;;;;;;;;0;;;;Matches
1787;Jamal Musiala;de GER;MF;Bayern Munich;de Bundesliga;23-050;2003;4.6;;2;;;;;;;;;;;3;;;;Matches
1788;Juan Musso;ar ARG;GK;Atlético Madrid;es La Liga;31-346;1994;5;;0;;;;;;;;;;;0;;;;Matches
1789;Cheveyo Muy;nl NED;FW;Milan;it Serie A;19-120;2006;0.1;;0;;;;;;;;;;;0;;;;Matches
1790;Yvon Mvogo;ch SUI;GK;Lorient;fr Ligue 1;31-315;1994;26;;1;;;;;;;;;;;1;;;;Matches
1791;Joel Mvuka;no NOR;MF,DF;Lorient;fr Ligue 1;23-156;2002;6.2;;13;;;;;;;;;;;6;;;;Matches
1792;Junior Mwanga;fr FRA;DF,MF;Strasbourg;fr Ligue 1;22-341;2003;2.4;;5;;;;;;;;;;;0;;;;Matches
1793;Junior Mwanga;fr FRA;MF;Nantes;fr Ligue 1;22-341;2003;14;;14;;;;;;;;;;;8;;;;Matches
1794;Phillipp Mwene;at AUT;MF;Mainz 05;de Bundesliga;32-078;1994;18.7;;14;;;;;;;;;;;9;;;;Matches
1795;Vitaliy Mykolenko;ua UKR;DF;Everton;eng Premier League;26-323;1999;26.9;;19;;;;;;;;;;;24;;;;Matches
1796;Joakim Mæhle;dk DEN;MF,DF;Wolfsburg;de Bundesliga;28-332;1997;8.6;;14;;;;;;;;;;;14;;;;Matches
1797;David Møller Wolfe;no NOR;MF,DF;Wolves;eng Premier League;23-359;2002;9.4;;5;;;;;;;;;;;6;;;;Matches
1798;Obite N'Dicka;ci CIV;DF;Roma;it Serie A;26-240;1999;25.4;;14;;;;;;;;;;;30;;;;Matches
1799;Konan N'dri;ci CIV;FW,MF;Lecce;it Serie A;25-172;2000;4.8;;3;;;;;;;;;;;1;;;;Matches
1800;Stanley N'Soki;fr FRA;DF,MF;Union Berlin;de Bundesliga;27-008;1999;8.3;;6;;;;;;;;;;;18;;;;Matches
1801;Bilal Nadir;ma MAR;MF;Marseille;fr Ligue 1;22-140;2003;6.3;;9;;;;;;;;;;;4;;;;Matches
1802;Mahamadou Nagida;cm CMR;DF;Rennes;fr Ligue 1;20-293;2005;6.4;;9;;;;;;;;;;;15;;;;Matches
1803;Younes Namli;dk DEN;FW,MF;Le Havre;fr Ligue 1;31-301;1994;3.6;;5;;;;;;;;;;;5;;;;Matches
1804;Sebastian Nanasi;se SWE;MF;Strasbourg;fr Ligue 1;23-336;2002;6.9;;3;;;;;;;;;;;3;;;;Matches
1805;Nikolas Nartey;dk DEN;MF;Stuttgart;de Bundesliga;26-054;2000;12.1;;11;;;;;;;;;;;10;;;;Matches
1806;Noah Nartey;dk DEN;MF,FW;Lyon;fr Ligue 1;20-194;2005;6;;6;;;;;;;;;;;2;;;;Matches
1807;Natan;br BRA;DF;Real Betis;es La Liga;25-070;2001;26;;15;;;;;;;;;;;32;;;;Matches
1808;Pau Navarro;es ESP;DF;Villarreal;es La Liga;20-357;2005;17.5;;32;;;;;;;;;;;16;;;;Matches
1809;Roberto Navarro;es ESP;MF;Athletic Club;es La Liga;24-005;2002;10.2;;7;;;;;;;;;;;7;;;;Matches
1810;Corrie Ndaba;ie IRL;DF;Lecce;it Serie A;26-113;1999;6;;4;;;;;;;;;;;3;;;;Matches
1811;Michel Ndary Adopo;fr FRA;MF;Cagliari;it Serie A;25-272;2000;28.2;;25;;;;;;;;;;;25;;;;Matches
1812;Youssouf Ndayishimiye;bi BDI;MF;Nice;fr Ligue 1;27-172;1998;0.8;;0;;;;;;;;;;;2;;;;Matches
1813;Bara Ndiaye;sn SEN;MF;Bayern Munich;de Bundesliga;18-107;2007;0.1;;1;;;;;;;;;;;0;;;;Matches
1814;Iliman Ndiaye;sn SEN;MF;Everton;eng Premier League;26-042;2000;24.9;;35;;;;;;;;;;;13;;;;Matches
1815;Rassoul Ndiaye;sn SEN;MF;Le Havre;fr Ligue 1;24-127;2001;25;;24;;;;;;;;;;;14;;;;Matches
1816;Quentin Ndjantou Mbitcha;fr FRA;MF;Paris Saint-Germain;fr Ligue 1;18-268;2007;4;;1;;;;;;;;;;;2;;;;Matches
1817;Tanguy Ndombele;fr FRA;MF;Nice;fr Ligue 1;29-110;1996;2.1;;1;;;;;;;;;;;0;;;;Matches
1818;Cher Ndour;it ITA;MF;Fiorentina;it Serie A;21-264;2004;15.9;;9;;;;;;;;;;;11;;;;Matches
1819;Dan Ndoye;ch SUI;MF;Nottingham Forest;eng Premier League;25-174;2000;13;;11;;;;;;;;;;;10;;;;Matches
1820;Joseph Nduquidi;fr FRA;MF;Metz;fr Ligue 1;21-168;2004;0.1;;0;;;;;;;;;;;0;;;;Matches
1821;Paul Nebel;de GER;MF;Mainz 05;de Bundesliga;23-189;2002;18.5;;27;;;;;;;;;;;11;;;;Matches
1822;Kosta Nedeljković;rs SRB;DF;RB Leipzig;de Bundesliga;20-122;2005;2.8;;1;;;;;;;;;;;1;;;;Matches
1823;Loïc Nego;hu HUN;DF,MF;Le Havre;fr Ligue 1;35-092;1991;23.5;;29;;;;;;;;;;;29;;;;Matches
1824;Dan Neil;eng ENG;MF;Sunderland;eng Premier League;24-125;2001;0.2;;0;;;;;;;;;;;1;;;;Matches
1825;Reiss Nelson;eng ENG;FW,MF;Brentford;eng Premier League;26-128;1999;1.2;;2;;;;;;;;;;;0;;;;Matches
1826;Victor Nelsson;dk DEN;DF;Hellas Verona;it Serie A;27-185;1998;30.8;;31;;;;;;;;;;;60;;;;Matches
1827;David Neres;br BRA;FW,MF;Napoli;it Serie A;29-045;1997;10.2;;5;;;;;;;;;;;1;;;;Matches
1828;Martim Neto;pt POR;MF;Elche;es La Liga;23-093;2003;13.9;;9;;;;;;;;;;;2;;;;Matches
1829;Pedro Neto;pt POR;MF;Chelsea;eng Premier League;26-039;2000;25.5;;9;;;;;;;;;;;6;;;;Matches
1830;Luca Netz;de GER;MF,DF;Gladbach;de Bundesliga;22-337;2003;10.4;;10;;;;;;;;;;;7;;;;Matches
1831;Luca Netz;de GER;DF,MF;Nottingham Forest;eng Premier League;22-337;2003;0.6;;0;;;;;;;;;;;0;;;;Matches
1832;Manuel Neuer;de GER;GK;Bayern Munich;de Bundesliga;40-021;1986;20;;0;;;;;;;;;;;0;;;;Matches
1833;Florian Neuhaus;de GER;MF,FW;Gladbach;de Bundesliga;29-032;1997;10.3;;7;;;;;;;;;;;9;;;;Matches
1834;Cenny Neumann;de GER;DF;Köln;de Bundesliga;19-095;2007;0.8;;1;;;;;;;;;;;1;;;;Matches
1835;João Neves;pt POR;MF;Paris Saint-Germain;fr Ligue 1;21-202;2004;11.5;;12;;;;;;;;;;;4;;;;Matches
1836;Yvan Neyou;cm CMR;MF;Getafe;es La Liga;29-104;1997;0.7;;0;;;;;;;;;;;0;;;;Matches
1837;Jessic Ngankam;de GER;FW;Eintracht Frankfurt;de Bundesliga;25-271;2000;0.7;;0;;;;;;;;;;;0;;;;Matches
1838;Oumar Ngom;mr MTN;MF;Lecce;it Serie A;22-039;2004;5.2;;11;;;;;;;;;;;9;;;;Matches
1839;Cyril Ngonge;be BEL;FW;Torino;it Serie A;25-326;2000;11;;4;;;;;;;;;;;2;;;;Matches
1840;Cyril Ngonge;be BEL;MF;Espanyol;es La Liga;25-326;2000;3.9;;2;;;;;;;;;;;3;;;;Matches
1841;Mikayil Ngor Faye;sn SEN;MF,DF;Cremonese;it Serie A;21-277;2004;2.8;;6;;;;;;;;;;;5;;;;Matches
1842;Mikayil Ngor Faye;sn SEN;MF;Rennes;fr Ligue 1;21-277;2004;0.1;;0;;;;;;;;;;;0;;;;Matches
1843;Nathan Ngoy;be BEL;DF;Lille;fr Ligue 1;22-311;2003;22.7;;19;;;;;;;;;;;34;;;;Matches
1844;Bernard Nguene;cm CMR;FW;Nice;fr Ligue 1;19-256;2006;1.5;;1;;;;;;;;;;;3;;;;Matches
1845;Rio Ngumoha;eng ENG;MF;Liverpool;eng Premier League;17-231;2008;3.3;;1;;;;;;;;;;;1;;;;Matches
1846;Moussa Niakhate;sn SEN;DF;Lyon;fr Ligue 1;30-040;1996;25.7;;18;;;;;;;;;;;27;;;;Matches
1847;Abdoulaye Niakhate Ndiaye;sn SEN;DF;Parma;it Serie A;24-007;2002;5.5;;8;;;;;;;;;;;9;;;;Matches
1848;Youssoupha Niang;de GER;MF;Köln;de Bundesliga;20-023;2006;1.7;;1;;;;;;;;;;;0;;;;Matches
1849;Tanguy Nianzou;fr FRA;DF;Sevilla;es La Liga;23-314;2002;7.3;;10;;;;;;;;;;;4;;;;Matches
1850;Cheikh Niasse;sn SEN;MF;Hellas Verona;it Serie A;26-088;2000;10.8;;14;;;;;;;;;;;15;;;;Matches
1851;Samuel Nibombé;be BEL;DF;Monaco;fr Ligue 1;18-245;2007;0;;0;;;;;;;;;;;0;;;;Matches
1852;Rasmus Nicolaisen;dk DEN;DF;Toulouse;fr Ligue 1;29-032;1997;24.5;;10;;;;;;;;;;;34;;;;Matches
1853;Moritz Nicolas;de GER;GK;Gladbach;de Bundesliga;28-178;1997;29;;1;;;;;;;;;;;0;;;;Matches
1854;Hans Nicolussi Caviglia;it ITA;MF;Fiorentina;it Serie A;25-303;2000;6.5;;7;;;;;;;;;;;3;;;;Matches
1855;Hans Nicolussi Caviglia;it ITA;MF;Parma;it Serie A;25-303;2000;4.4;;1;;;;;;;;;;;1;;;;Matches
1856;Julian Niehues;de GER;MF;Heidenheim;de Bundesliga;25-000;2001;14.8;;10;;;;;;;;;;;22;;;;Matches
1857;Oliver Nielsen;dk DEN;DF;Lazio;it Serie A;22-317;2003;12.8;;5;;;;;;;;;;;12;;;;Matches
1858;Alieu Njie;se SWE;FW;Torino;it Serie A;20-338;2005;1.3;;0;;;;;;;;;;;0;;;;Matches
1859;Justin Njinmah;de GER;FW,MF;Werder Bremen;de Bundesliga;25-153;2000;17.9;;12;;;;;;;;;;;6;;;;Matches
1860;Obed Nkambadio;fr FRA;GK;Paris FC;fr Ligue 1;23-069;2003;11;;0;;;;;;;;;;;0;;;;Matches
1861;Eddie Nketiah;eng ENG;MF;Crystal Palace;eng Premier League;26-322;1999;4.7;;6;;;;;;;;;;;2;;;;Matches
1862;Niels Nkounkou;fr FRA;MF,DF;Torino;it Serie A;25-167;2000;3.6;;8;;;;;;;;;;;8;;;;Matches
1863;Christopher Nkunku;fr FRA;FW;Milan;it Serie A;28-154;1997;12.3;;2;;;;;;;;;;;1;;;;Matches
1864;Felix Nmecha;de GER;MF;Dortmund;de Bundesliga;25-189;2000;23;;21;;;;;;;;;;;24;;;;Matches
1865;Lukas Nmecha;de GER;FW;Leeds United;eng Premier League;27-124;1998;9.8;;5;;;;;;;;;;;3;;;;Matches
1866;Tochukwu Nnadi;ng NGA;MF;Marseille;fr Ligue 1;22-291;2003;0.4;;0;;;;;;;;;;;1;;;;Matches
1867;Martin Nogoto Bley;bf BFA;MF;Lorient;fr Ligue 1;20-084;2006;0;;0;;;;;;;;;;;0;;;;Matches
1868;Arnaud Nordin;fr FRA;MF,FW;Mainz 05;de Bundesliga;27-304;1998;5.2;;6;;;;;;;;;;;3;;;;Matches
1869;Arnaud Nordin;fr FRA;FW,MF;Rennes;fr Ligue 1;27-304;1998;5.5;;6;;;;;;;;;;;0;;;;Matches
1870;Brooke Norton-Cuffy;eng ENG;MF,DF;Genoa;it Serie A;22-095;2004;24.2;;30;;;;;;;;;;;11;;;;Matches
1871;Tijjani Noslin;nl NED;FW;Lazio;it Serie A;26-284;1999;7.6;;4;;;;;;;;;;;2;;;;Matches
1872;Noah Nsoki;fr FRA;MF;Paris Saint-Germain;fr Ligue 1;19-056;2007;0.1;;1;;;;;;;;;;;0;;;;Matches
1873;Randy Nteka;ao ANG;FW;Rayo Vallecano;es La Liga;28-132;1997;2.3;;2;;;;;;;;;;;0;;;;Matches
1874;Alexander Nübel;de GER;GK;Stuttgart;de Bundesliga;29-199;1996;29;;0;;;;;;;;;;;1;;;;Matches
1875;Matheus Nunes;pt POR;DF;Manchester City;eng Premier League;27-233;1998;26.2;;35;;;;;;;;;;;26;;;;Matches
1876;Álvaro Núñez;es ESP;DF,MF;Elche;es La Liga;25-284;2000;18.3;;15;;;;;;;;;;;15;;;;Matches
1877;Álvaro Núñez;es ESP;DF,MF;Celta Vigo;es La Liga;25-284;2000;1.9;;0;;;;;;;;;;;1;;;;Matches
1878;Unai Núñez;es ESP;DF;Hellas Verona;it Serie A;29-077;1997;14.1;;18;;;;;;;;;;;23;;;;Matches
1879;Unai Núñez;es ESP;DF;Valencia;es La Liga;29-077;1997;7.2;;9;;;;;;;;;;;7;;;;Matches
1880;Joi Nuredini;al ALB;FW;Genoa;it Serie A;18-255;2007;0;;0;;;;;;;;;;;0;;;;Matches
1881;Antonio Nusa;no NOR;FW,MF;RB Leipzig;de Bundesliga;21-000;2005;19.6;;11;;;;;;;;;;;7;;;;Matches
1882;Ethan Nwaneri;eng ENG;MF;Arsenal;eng Premier League;19-027;2007;1.9;;0;;;;;;;;;;;0;;;;Matches
1883;Ethan Nwaneri;eng ENG;MF;Marseille;fr Ligue 1;19-027;2007;3.2;;1;;;;;;;;;;;3;;;;Matches
1884;Ørjan Nyland;no NOR;GK;Sevilla;es La Liga;35-219;1990;4;;0;;;;;;;;;;;0;;;;Matches
1885;Allan Nyom;cm CMR;DF;Getafe;es La Liga;37-342;1988;3.2;;5;;;;;;;;;;;1;;;;Matches
1886;Trey Nyoni;eng ENG;MF;Liverpool;eng Premier League;18-291;2007;0.2;;0;;;;;;;;;;;0;;;;Matches
1887;Rabby Nzingoula;fr FRA;MF;Strasbourg;fr Ligue 1;20-143;2005;0.6;;1;;;;;;;;;;;1;;;;Matches
1888;M'Bala Nzola;ao ANG;FW;Pisa;it Serie A;29-242;1996;11.7;;2;;;;;;;;;;;1;;;;Matches
1889;M'Bala Nzola;ao ANG;FW;Sassuolo;it Serie A;29-242;1996;2.2;;2;;;;;;;;;;;1;;;;Matches
1890;Christian Nørgaard;dk DEN;MF;Arsenal;eng Premier League;32-038;1994;0.7;;0;;;;;;;;;;;0;;;;Matches
1891;Jake O'Brien;ie IRL;DF;Everton;eng Premier League;24-337;2001;29.3;;29;;;;;;;;;;;12;;;;Matches
1892;Luke O'Nien;eng ENG;DF;Sunderland;eng Premier League;31-147;1994;3.6;;3;;;;;;;;;;;4;;;;Matches
1893;Matt O'Riley;dk DEN;MF;Marseille;fr Ligue 1;25-147;2000;8.2;;8;;;;;;;;;;;6;;;;Matches
1894;Matt O'Riley;dk DEN;MF;Brighton;eng Premier League;25-147;2000;2.1;;2;;;;;;;;;;;0;;;;Matches
1895;Adam Obert;sk SVK;DF,MF;Cagliari;it Serie A;23-237;2002;25;;24;;;;;;;;;;;39;;;;Matches
1896;Jan Oblak;si SVN;GK;Atlético Madrid;es La Liga;33-100;1993;26;;0;;;;;;;;;;;0;;;;Matches
1897;Noam Obougou Jacquet;fr FRA;FW;Le Havre;fr Ligue 1;20-033;2006;1.2;;0;;;;;;;;;;;1;;;;Matches
1898;Rafel Obrador;es ESP;MF;Torino;it Serie A;22-052;2004;7.2;;4;;;;;;;;;;;8;;;;Matches
1899;Job Ochieng';ke KEN;FW;Real Sociedad;es La Liga;23-090;2003;0.3;;0;;;;;;;;;;;0;;;;Matches
1900;Cas Odenthal;nl NED;DF;Sassuolo;it Serie A;25-203;2000;0;;0;;;;;;;;;;;0;;;;Matches
1901;Jens Odgaard;dk DEN;MF;Bologna;it Serie A;27-017;1999;13.8;;10;;;;;;;;;;;4;;;;Matches
1902;Wilson Odobert;fr FRA;MF,FW;Tottenham Hotspur;eng Premier League;21-140;2004;10.9;;8;;;;;;;;;;;0;;;;Matches
1903;David Odogu;de GER;DF;Milan;it Serie A;19-318;2006;0.1;;0;;;;;;;;;;;0;;;;Matches
1904;Álvaro Odriozola;es ESP;DF;Real Sociedad;es La Liga;30-124;1995;2.2;;1;;;;;;;;;;;1;;;;Matches
1905;Tim Oermann;de GER;DF;Leverkusen;de Bundesliga;22-193;2003;0.2;;1;;;;;;;;;;;0;;;;Matches
1906;Ifechukwu Ogbus;ch SUI;DF;Freiburg;de Bundesliga;20-121;2005;9.5;;10;;;;;;;;;;;6;;;;Matches
1907;Uchenna Ogundu;ng NGA;FW;Augsburg;de Bundesliga;19-340;2006;0.2;;0;;;;;;;;;;;0;;;;Matches
1908;Noah Okafor;ch SUI;FW,MF;Leeds United;eng Premier League;25-328;2000;15.2;;13;;;;;;;;;;;10;;;;Matches
1909;David Okereke;ng NGA;FW;Cremonese;it Serie A;28-231;1997;3.1;;0;;;;;;;;;;;0;;;;Matches
1910;Bryan Okoh;ch SUI;DF;Auxerre;fr Ligue 1;22-336;2003;8;;7;;;;;;;;;;;17;;;;Matches
1911;Maduka Okoye;ng NGA;GK;Udinese;it Serie A;26-232;1999;23.1;;0;;;;;;;;;;;0;;;;Matches
1912;Olasagasti;es ESP;MF;Levante;es La Liga;25-244;2000;12.7;;10;;;;;;;;;;;12;;;;Matches
1913;Michael Olise;fr FRA;MF;Bayern Munich;de Bundesliga;24-126;2001;22.9;;11;;;;;;;;;;;13;;;;Matches
1914;Mathías Olivera;uy URU;DF,MF;Napoli;it Serie A;28-168;1997;12.8;;17;;;;;;;;;;;12;;;;Matches
1915;Tuomas Ollila;fi FIN;DF;Paris FC;fr Ligue 1;25-358;2000;3.4;;1;;;;;;;;;;;2;;;;Matches
1916;Dani Olmo;es ESP;MF,FW;Barcelona;es La Liga;27-345;1998;17.9;;19;;;;;;;;;;;13;;;;Matches
1917;Callum Olusesi;eng ENG;MF;Tottenham Hotspur;eng Premier League;19-090;2007;0.2;;0;;;;;;;;;;;0;;;;Matches
1918;Tani Oluwaseyi;ca CAN;FW;Villarreal;es La Liga;25-337;2000;7.9;;3;;;;;;;;;;;0;;;;Matches
1919;Warmed Omari;km COM;DF;Hamburger SV;de Bundesliga;25-359;2000;13;;9;;;;;;;;;;;17;;;;Matches
1920;Andrew Omobamidele;ie IRL;DF;Strasbourg;fr Ligue 1;23-298;2002;12.2;;3;;;;;;;;;;;12;;;;Matches
1921;Amadou Onana;be BEL;MF;Aston Villa;eng Premier League;24-244;2001;18.3;;28;;;;;;;;;;;19;;;;Matches
1922;Jean Onana;cm CMR;MF;Genoa;it Serie A;26-099;2000;0.2;;1;;;;;;;;;;;0;;;;Matches
1923;Jacob Ondrejka;se SWE;FW,MF;Parma;it Serie A;23-227;2002;8.3;;2;;;;;;;;;;;2;;;;Matches
1924;Frank Onyeka;ng NGA;MF;Brentford;eng Premier League;28-106;1998;1;;0;;;;;;;;;;;0;;;;Matches
1925;Loïs Openda;be BEL;FW;RB Leipzig;de Bundesliga;26-060;2000;0.6;;0;;;;;;;;;;;0;;;;Matches
1926;Loïs Openda;be BEL;FW,MF;Juventus;it Serie A;26-060;2000;7.3;;4;;;;;;;;;;;1;;;;Matches
1927;Fredrik Oppegard;no NOR;DF,MF;Auxerre;fr Ligue 1;23-253;2002;12.6;;20;;;;;;;;;;;14;;;;Matches
1928;Louis Oppie;de GER;MF;St Pauli;de Bundesliga;23-335;2002;16.3;;17;;;;;;;;;;;9;;;;Matches
1929;Gift Orban;ng NGA;FW;Hellas Verona;it Serie A;23-274;2002;21.5;;3;;;;;;;;;;;3;;;;Matches
1930;Willi Orban;hu HUN;DF;RB Leipzig;de Bundesliga;33-165;1992;28.8;;25;;;;;;;;;;;39;;;;Matches
1931;Christian Ordoñez;ar ARG;MF;Parma;it Serie A;21-267;2004;8.5;;7;;;;;;;;;;;6;;;;Matches
1932;Nehemiah Oriola;eng ENG;MF;Brighton;eng Premier League;18-310;2007;0;;0;;;;;;;;;;;0;;;;Matches
1933;Gaetano Oristanio;it ITA;FW,MF;Parma;it Serie A;23-201;2002;9.5;;6;;;;;;;;;;;2;;;;Matches
1934;Aimar Oroz;es ESP;MF,FW;Osasuna;es La Liga;24-141;2001;19.8;;16;;;;;;;;;;;7;;;;Matches
1935;Riccardo Orsolini;it ITA;MF;Bologna;it Serie A;29-083;1997;20.1;;11;;;;;;;;;;;6;;;;Matches
1936;Stefan Ortega;de GER;GK;Nottingham Forest;eng Premier League;33-162;1992;3;;0;;;;;;;;;;;0;;;;Matches
1937;Ángel Ortíz;es ESP;DF;Real Betis;es La Liga;21-266;2004;6.5;;19;;;;;;;;;;;1;;;;Matches
1938;Asier Osambela;es ESP;DF;Osasuna;es La Liga;22-068;2004;3.3;;2;;;;;;;;;;;4;;;;Matches
1939;Gabriel Osho;ng NGA;DF;Auxerre;fr Ligue 1;27-246;1998;1.5;;3;;;;;;;;;;;0;;;;Matches
1940;Ibrahim Osman;gh GHA;MF,FW;Auxerre;fr Ligue 1;21-139;2004;6.9;;7;;;;;;;;;;;6;;;;Matches
1941;Erblin Osmani;de GER;MF;Bayern Munich;de Bundesliga;16-333;2009;0;;0;;;;;;;;;;;1;;;;Matches
1942;Patrick Osterhage;de GER;MF;Freiburg;de Bundesliga;26-075;2000;13.2;;7;;;;;;;;;;;15;;;;Matches
1943;William Osula;dk DEN;FW;Newcastle United;eng Premier League;22-256;2003;4.2;;2;;;;;;;;;;;1;;;;Matches
1944;Philip Otele;ng NGA;MF,FW;Hamburger SV;de Bundesliga;27-002;1999;5.1;;2;;;;;;;;;;;3;;;;Matches
1945;Sebastian Otoa;dk DEN;DF;Genoa;it Serie A;21-339;2004;6.5;;8;;;;;;;;;;;8;;;;Matches
1946;Abdoul Ouattara;fr FRA;MF,DF;Strasbourg;fr Ligue 1;20-177;2005;15.9;;12;;;;;;;;;;;12;;;;Matches
1947;Dango Ouattara;bf BFA;MF;Brentford;eng Premier League;24-065;2002;20;;11;;;;;;;;;;;23;;;;Matches
1948;Kassoum Ouattara;fr FRA;MF,DF;Monaco;fr Ligue 1;21-185;2004;10.7;;19;;;;;;;;;;;19;;;;Matches
1949;Assan Ouedraogo;de GER;MF,FW;RB Leipzig;de Bundesliga;19-343;2006;7.1;;6;;;;;;;;;;;3;;;;Matches
1950;Azzedine Ounahi;ma MAR;MF;Girona;es La Liga;25-363;2000;13.1;;9;;;;;;;;;;;14;;;;Matches
1951;Elisha Owusu;gh GHA;MF;Auxerre;fr Ligue 1;28-161;1997;21;;41;;;;;;;;;;;16;;;;Matches
1952;Mikel Oyarzabal;es ESP;FW;Real Sociedad;es La Liga;28-361;1997;25.2;;13;;;;;;;;;;;3;;;;Matches
1953;Max Oyedele;pl POL;MF;Strasbourg;fr Ligue 1;21-161;2004;1.8;;1;;;;;;;;;;;4;;;;Matches
1954;Daniel Oyegoke;eng ENG;MF,DF;Hellas Verona;it Serie A;23-104;2003;6.4;;9;;;;;;;;;;;7;;;;Matches
1955;Salih Özcan;tr TUR;MF;Dortmund;de Bundesliga;28-096;1998;0.6;;1;;;;;;;;;;;0;;;;Matches
1956;Berke Özer;tr TUR;GK;Lille;fr Ligue 1;25-327;2000;26.5;;2;;;;;;;;;;;0;;;;Matches
1957;Cenk Özkacar;tr TUR;DF;Köln;de Bundesliga;25-193;2000;14.9;;20;;;;;;;;;;;17;;;;Matches
1958;Nico O’Reilly;eng ENG;DF,MF;Manchester City;eng Premier League;21-027;2005;24.4;;34;;;;;;;;;;;17;;;;Matches
1959;Pablo;br BRA;MF,FW;West Ham United;eng Premier League;22-105;2004;5.4;;9;;;;;;;;;;;5;;;;Matches
1960;Jon Pacheco;es ESP;DF;Alavés;es La Liga;25-099;2001;19.2;;16;;;;;;;;;;;11;;;;Matches
1961;Willian Pacho;ec ECU;DF;Paris Saint-Germain;fr Ligue 1;24-183;2001;18.3;;25;;;;;;;;;;;24;;;;Matches
1962;Daniele Padelli;it ITA;GK;Udinese;it Serie A;40-174;1985;2;;0;;;;;;;;;;;0;;;;Matches
1963;Kendry Páez;ec ECU;MF,FW;Strasbourg;fr Ligue 1;18-348;2007;4.7;;4;;;;;;;;;;;3;;;;Matches
1964;Pablo Pagis;fr FRA;MF,FW;Lorient;fr Ligue 1;23-109;2002;15.9;;13;;;;;;;;;;;15;;;;Matches
1965;Igor Paixão;br BRA;MF;Marseille;fr Ligue 1;25-293;2000;19.2;;7;;;;;;;;;;;15;;;;Matches
1966;César Palacios;es ESP;MF;Real Madrid;es La Liga;21-157;2004;0.6;;1;;;;;;;;;;;3;;;;Matches
1967;Exequiel Palacios;ar ARG;MF;Leverkusen;de Bundesliga;27-194;1998;7.3;;8;;;;;;;;;;;4;;;;Matches
1968;Isaac Palazón Camacho;es ESP;MF,FW;Rayo Vallecano;es La Liga;31-111;1994;23.2;;12;;;;;;;;;;;3;;;;Matches
1969;Alberto Paleari;it ITA;GK;Torino;it Serie A;33-231;1992;23;;0;;;;;;;;;;;1;;;;Matches
1970;Marco Palestra;it ITA;MF,DF;Cagliari;it Serie A;21-045;2005;29.9;;28;;;;;;;;;;;18;;;;Matches
1971;João Palhinha;pt POR;MF,DF;Tottenham Hotspur;eng Premier League;30-282;1995;20.1;;54;;;;;;;;;;;22;;;;Matches
1972;Matteo Palma;de GER;DF;Udinese;it Serie A;18-035;2008;1.3;;0;;;;;;;;;;;3;;;;Matches
1973;Cole Palmer;eng ENG;MF,FW;Chelsea;eng Premier League;23-346;2002;16.7;;11;;;;;;;;;;;12;;;;Matches
1974;Emerson Palmieri;it ITA;DF,MF;Marseille;fr Ligue 1;31-257;1994;18.8;;24;;;;;;;;;;;28;;;;Matches
1975;Diego Pampín;es ESP;DF;Levante;es La Liga;26-033;2000;4.1;;5;;;;;;;;;;;4;;;;Matches
1976;Joaquín Panichelli;ar ARG;FW;Strasbourg;fr Ligue 1;23-192;2002;24.4;;10;;;;;;;;;;;13;;;;Matches
1977;Leart Paqarada;xk KVX;DF;Heidenheim;de Bundesliga;31-191;1994;0.1;;0;;;;;;;;;;;0;;;;Matches
1978;Lucas Paquetá;br BRA;MF,FW;West Ham United;eng Premier League;28-233;1997;16.8;;22;;;;;;;;;;;7;;;;Matches
1979;Victor Parada;es ESP;DF;Alavés;es La Liga;24-013;2002;17.7;;6;;;;;;;;;;;6;;;;Matches
1980;Aitor Paredes;es ESP;DF;Athletic Club;es La Liga;25-353;2000;16.1;;12;;;;;;;;;;;24;;;;Matches
1981;Kevin Paredes;us USA;MF;Wolfsburg;de Bundesliga;22-345;2003;1.7;;3;;;;;;;;;;;2;;;;Matches
1982;Daniel Parejo;es ESP;MF;Villarreal;es La Liga;37-001;1989;11.8;;20;;;;;;;;;;;14;;;;Matches
1983;Fabiano Parisi;it ITA;MF,FW;Fiorentina;it Serie A;25-159;2000;15.1;;13;;;;;;;;;;;17;;;;Matches
1984;Thomas Partey;gh GHA;MF;Villarreal;es La Liga;32-308;1993;8.4;;4;;;;;;;;;;;11;;;;Matches
1985;Mario Pašalić;hr CRO;MF;Atalanta;it Serie A;31-067;1995;18.6;;17;;;;;;;;;;;10;;;;Matches
1986;Patric;es ESP;MF,DF;Lazio;it Serie A;33-000;1993;5.2;;0;;;;;;;;;;;3;;;;Matches
1987;Nathan Patterson;sct SCO;DF;Everton;eng Premier League;24-183;2001;2.7;;4;;;;;;;;;;;2;;;;Matches
1988;Benjamin Pavard;fr FRA;DF;Marseille;fr Ligue 1;30-020;1996;18.4;;11;;;;;;;;;;;22;;;;Matches
1989;Benjamin Pavard;fr FRA;DF;Inter;it Serie A;30-020;1996;1;;1;;;;;;;;;;;2;;;;Matches
1990;Aleksandar Pavlovic;de GER;MF;Bayern Munich;de Bundesliga;21-349;2004;15.2;;15;;;;;;;;;;;12;;;;Matches
1991;Strahinja Pavlović;rs SRB;DF;Milan;it Serie A;24-328;2001;25.9;;19;;;;;;;;;;;19;;;;Matches
1992;Leonardo Pavoletti;it ITA;FW;Cagliari;it Serie A;37-142;1988;2.5;;2;;;;;;;;;;;1;;;;Matches
1993;Martín Payero;ar ARG;MF;Cremonese;it Serie A;27-218;1998;14.7;;9;;;;;;;;;;;9;;;;Matches
1994;Nicolás Paz;ar ARG;MF;Como;it Serie A;21-221;2004;28.5;;48;;;;;;;;;;;24;;;;Matches
1995;Myles Peart-Harris;eng ENG;MF;Brentford;eng Premier League;23-211;2002;0;;0;;;;;;;;;;;0;;;;Matches
1996;Mads Pedersen;dk DEN;MF;Augsburg;de Bundesliga;29-228;1996;2;;2;;;;;;;;;;;1;;;;Matches
1997;Marcus Pedersen;no NOR;MF,DF;Torino;it Serie A;25-275;2000;20.8;;12;;;;;;;;;;;10;;;;Matches
1998;Alfonso Pedraza;es ESP;DF;Villarreal;es La Liga;30-008;1996;15.4;;27;;;;;;;;;;;21;;;;Matches
1999;Pedri;es ESP;MF;Barcelona;es La Liga;23-143;2002;18.1;;28;;;;;;;;;;;19;;;;Matches
2000;Pedro;es ESP;FW,MF;Lazio;it Serie A;38-263;1987;8.6;;5;;;;;;;;;;;2;;;;Matches
2001;Zé Pedro Figueiredo;pt POR;DF;Cagliari;it Serie A;28-315;1997;14.6;;17;;;;;;;;;;;14;;;;Matches
2002;Adrià Pedrosa;es ESP;DF,MF;Elche;es La Liga;27-339;1998;9.9;;15;;;;;;;;;;;12;;;;Matches
2003;Adrià Pedrosa;es ESP;DF,MF;Sevilla;es La Liga;27-339;1998;0.1;;0;;;;;;;;;;;0;;;;Matches
2004;Dženan Pejčinović;de GER;FW;Wolfsburg;de Bundesliga;21-061;2005;11.2;;8;;;;;;;;;;;1;;;;Matches
2005;Lorenzo Pellegrini;it ITA;MF;Roma;it Serie A;29-302;1996;16.3;;5;;;;;;;;;;;15;;;;Matches
2006;Luca Pellegrini;it ITA;DF;Lazio;it Serie A;27-041;1999;13.5;;13;;;;;;;;;;;14;;;;Matches
2007;Mateo Pellegrino;ar ARG;FW;Parma;it Serie A;25-047;2001;28.5;;9;;;;;;;;;;;3;;;;Matches
2008;Timothee Pembele;fr FRA;MF,DF;Le Havre;fr Ligue 1;23-220;2002;3;;3;;;;;;;;;;;2;;;;Matches
2009;Faris Pemi Moumbagna;cm CMR;FW;Cremonese;it Serie A;25-290;2000;1;;0;;;;;;;;;;;0;;;;Matches
2010;Iñaki Peña;es ESP;GK;Elche;es La Liga;27-046;1999;16;;0;;;;;;;;;;;0;;;;Matches
2011;Mike Penders;be BEL;GK;Strasbourg;fr Ligue 1;20-260;2005;27;;0;;;;;;;;;;;0;;;;Matches
2012;Nicolas Pépé;ci CIV;MF,FW;Villarreal;es La Liga;30-323;1995;21.8;;18;;;;;;;;;;;12;;;;Matches
2013;Kojo Peprah Oppong;gh GHA;DF;Nice;fr Ligue 1;21-317;2004;21.9;;24;;;;;;;;;;;27;;;;Matches
2014;Peque;es ESP;MF,FW;Sevilla;es La Liga;23-195;2002;9.9;;7;;;;;;;;;;;1;;;;Matches
2015;Everton Pereira;fr FRA;MF;Nice;fr Ligue 1;19-005;2007;1.5;;0;;;;;;;;;;;3;;;;Matches
2016;Mathias Pereira Lage;pt POR;MF,FW;St Pauli;de Bundesliga;29-138;1996;21.5;;21;;;;;;;;;;;16;;;;Matches
2017;Ángel Pérez;es ESP;MF,DF;Alavés;es La Liga;23-231;2002;7.4;;9;;;;;;;;;;;5;;;;Matches
2018;Ayoze Pérez;es ESP;FW;Villarreal;es La Liga;32-262;1993;9.1;;10;;;;;;;;;;;3;;;;Matches
2019;Francisco Perez;es ESP;MF,FW;Rayo Vallecano;es La Liga;23-220;2002;12.2;;9;;;;;;;;;;;2;;;;Matches
2020;Joselu Pérez;es ESP;DF;Getafe;es La Liga;22-036;2004;0.2;;0;;;;;;;;;;;0;;;;Matches
2021;Matías Pérez;cl CHI;DF;Lecce;it Serie A;21-004;2005;0.3;;0;;;;;;;;;;;0;;;;Matches
2022;Nacho Pérez;es ESP;DF;Levante;es La Liga;17-228;2008;0.9;;1;;;;;;;;;;;1;;;;Matches
2023;Simone Perilli;it ITA;GK;Hellas Verona;it Serie A;31-100;1995;3;;0;;;;;;;;;;;0;;;;Matches
2024;Mattia Perin;it ITA;GK;Juventus;it Serie A;33-158;1992;7.5;;0;;;;;;;;;;;0;;;;Matches
2025;Romain Perraud;fr FRA;DF;Lille;fr Ligue 1;28-207;1997;20.6;;29;;;;;;;;;;;21;;;;Matches
2026;Lucas Perri;br BRA;GK;Leeds United;eng Premier League;28-128;1997;16;;0;;;;;;;;;;;0;;;;Matches
2027;Gaëtan Perrin;fr FRA;MF,FW;Lille;fr Ligue 1;29-314;1996;3.3;;6;;;;;;;;;;;2;;;;Matches
2028;Máximo Perrone;ar ARG;MF;Como;it Serie A;23-100;2003;25.5;;33;;;;;;;;;;;18;;;;Matches
2029;Massimo Pessina;it ITA;GK;Bologna;it Serie A;18-113;2007;1.9;;0;;;;;;;;;;;0;;;;Matches
2030;Prosper Peter;ng NGA;FW;Angers;fr Ligue 1;18-251;2007;11.4;;2;;;;;;;;;;;4;;;;Matches
2031;Léo Pétrot;fr FRA;DF;Elche;es La Liga;29-002;1997;15.9;;21;;;;;;;;;;;13;;;;Matches
2032;Đorđe Petrović;rs SRB;GK;Bournemouth;eng Premier League;26-191;1999;32;;0;;;;;;;;;;;0;;;;Matches
2033;Giuseppe Pezzella;it ITA;MF,DF;Cremonese;it Serie A;28-139;1997;23.1;;29;;;;;;;;;;;10;;;;Matches
2034;Immanuel Pherai;sr SUR;FW,MF;Hamburger SV;de Bundesliga;24-357;2001;0.4;;1;;;;;;;;;;;0;;;;Matches
2035;Rayan Philippe;fr FRA;FW,MF;Hamburger SV;de Bundesliga;25-176;2000;13.3;;13;;;;;;;;;;;3;;;;Matches
2036;Gabriele Piccinini;it ITA;MF;Pisa;it Serie A;25-011;2001;7.9;;11;;;;;;;;;;;1;;;;Matches
2037;Roberto Piccoli;it ITA;FW;Fiorentina;it Serie A;25-080;2001;15.2;;0;;;;;;;;;;;3;;;;Matches
2038;Charles Pickel;cd COD;MF;Espanyol;es La Liga;28-337;1997;6.3;;4;;;;;;;;;;;4;;;;Matches
2039;Jordan Pickford;eng ENG;GK;Everton;eng Premier League;32-041;1994;32;;1;;;;;;;;;;;0;;;;Matches
2040;Amos Pieper;de GER;DF;Werder Bremen;de Bundesliga;28-090;1998;12.2;;21;;;;;;;;;;;23;;;;Matches
2041;Marvin Pieringer;de GER;FW;Heidenheim;de Bundesliga;26-195;1999;14;;12;;;;;;;;;;;8;;;;Matches
2042;Nicholas Pierini;it ITA;FW,MF;Sassuolo;it Serie A;27-254;1998;1.6;;4;;;;;;;;;;;2;;;;Matches
2043;Santiago Pierotti;ar ARG;MF,FW;Lecce;it Serie A;25-014;2001;23.1;;44;;;;;;;;;;;17;;;;Matches
2044;Balthazar Pierret;fr FRA;MF;Lecce;it Serie A;25-337;2000;0.3;;1;;;;;;;;;;;0;;;;Matches
2045;Andrea Pinamonti;it ITA;FW;Sassuolo;it Serie A;26-333;1999;25.2;;4;;;;;;;;;;;0;;;;Matches
2046;Thiago Pinar;es ESP;MF;Real Madrid;es La Liga;18-257;2007;3.2;;2;;;;;;;;;;;3;;;;Matches
2047;Lander Pinillos;es ESP;MF;Alavés;es La Liga;22-193;2003;0;;0;;;;;;;;;;;0;;;;Matches
2048;Ethan Pinnock;jm JAM;DF;Brentford;eng Premier League;32-323;1993;3.5;;5;;;;;;;;;;;5;;;;Matches
2049;Yeremi Pino;es ESP;MF;Villarreal;es La Liga;23-179;2002;1.8;;1;;;;;;;;;;;3;;;;Matches
2050;Yeremi Pino;es ESP;MF,FW;Crystal Palace;eng Premier League;23-179;2002;20;;18;;;;;;;;;;;7;;;;Matches
2051;Jakub Piotrowski;pl POL;MF;Udinese;it Serie A;28-195;1997;16.1;;21;;;;;;;;;;;12;;;;Matches
2052;Joël Piroe;sr SUR;FW;Leeds United;eng Premier League;26-258;1999;2.5;;1;;;;;;;;;;;1;;;;Matches
2053;Niccolò Pisilli;it ITA;MF;Roma;it Serie A;21-206;2004;10.7;;9;;;;;;;;;;;16;;;;Matches
2054;Damián Pizarro;cl CHI;FW;Le Havre;fr Ligue 1;21-020;2005;0.3;;0;;;;;;;;;;;0;;;;Matches
2055;Tommaso Pobega;it ITA;MF;Bologna;it Serie A;26-276;1999;12.9;;16;;;;;;;;;;;18;;;;Matches
2056;Paul Pogba;fr FRA;MF;Monaco;fr Ligue 1;33-033;1993;0.6;;2;;;;;;;;;;;1;;;;Matches
2057;Ernest Poku;nl NED;MF;Leverkusen;de Bundesliga;22-079;2004;16.2;;9;;;;;;;;;;;8;;;;Matches
2058;Matteo Politano;it ITA;MF,FW;Napoli;it Serie A;32-257;1993;20.3;;10;;;;;;;;;;;3;;;;Matches
2059;Oumar Pona;fr FRA;GK;Angers;fr Ligue 1;19-300;2006;2;;0;;;;;;;;;;;0;;;;Matches
2060;Marin Pongračić;hr CRO;DF;Fiorentina;it Serie A;28-218;1997;28.7;;14;;;;;;;;;;;33;;;;Matches
2061;Nick Pope;eng ENG;GK;Newcastle United;eng Premier League;33-363;1992;21.8;;1;;;;;;;;;;;0;;;;Matches
2062;Pedro Porro;es ESP;DF;Tottenham Hotspur;eng Premier League;26-216;1999;25.1;;34;;;;;;;;;;;19;;;;Matches
2063;Portu;es ESP;FW,MF;Girona;es La Liga;33-331;1992;5.3;;1;;;;;;;;;;;2;;;;Matches
2064;Stefan Posch;at AUT;DF;Como;it Serie A;28-338;1997;4.4;;3;;;;;;;;;;;4;;;;Matches
2065;Stefan Posch;at AUT;DF;Mainz 05;de Bundesliga;28-338;1997;11;;18;;;;;;;;;;;10;;;;Matches
2066;Freddie Potts;eng ENG;MF;West Ham United;eng Premier League;22-217;2003;12.9;;18;;;;;;;;;;;15;;;;Matches
2067;Kacper Potulski;pl POL;DF;Mainz 05;de Bundesliga;18-180;2007;9.2;;9;;;;;;;;;;;17;;;;Matches
2068;Yussuf Poulsen;dk DEN;FW;Hamburger SV;de Bundesliga;31-306;1994;3.3;;2;;;;;;;;;;;1;;;;Matches
2069;Beñat Prados;es ESP;MF;Athletic Club;es La Liga;25-068;2001;0.9;;2;;;;;;;;;;;2;;;;Matches
2070;Alexander Prass;at AUT;MF;Hoffenheim;de Bundesliga;24-326;2001;13.2;;22;;;;;;;;;;;6;;;;Matches
2071;Matteo Prati;it ITA;MF;Torino;it Serie A;22-110;2003;4.8;;2;;;;;;;;;;;3;;;;Matches
2072;Matteo Prati;it ITA;MF;Cagliari;it Serie A;22-110;2003;14.1;;12;;;;;;;;;;;15;;;;Matches
2073;Abdón Prats;es ESP;FW;Mallorca;es La Liga;33-131;1992;1.1;;0;;;;;;;;;;;0;;;;Matches
2074;Grischa Prömel;de GER;MF;Hoffenheim;de Bundesliga;31-098;1995;18.6;;15;;;;;;;;;;;15;;;;Matches
2075;Ivan Provedel;it ITA;GK;Lazio;it Serie A;32-031;1994;27;;0;;;;;;;;;;;0;;;;Matches
2076;Javi Puado;es ESP;MF,FW;Espanyol;es La Liga;27-327;1998;7.5;;2;;;;;;;;;;;3;;;;Matches
2077;Marc Pubill;es ESP;DF;Atlético Madrid;es La Liga;22-301;2003;10.3;;7;;;;;;;;;;;15;;;;Matches
2078;Cameron Puertas;ch SUI;MF;Werder Bremen;de Bundesliga;27-242;1998;16.2;;32;;;;;;;;;;;13;;;;Matches
2079;Christian Pulisic;us USA;FW;Milan;it Serie A;27-211;1998;15.3;;8;;;;;;;;;;;3;;;;Matches
2080;Arkadiusz Pyrka;pl POL;MF;St Pauli;de Bundesliga;23-209;2002;23.6;;17;;;;;;;;;;;20;;;;Matches
2081;Jarell Quansah;eng ENG;DF;Leverkusen;de Bundesliga;23-078;2003;20.9;;19;;;;;;;;;;;20;;;;Matches
2082;Leopold Querfeld;at AUT;DF;Union Berlin;de Bundesliga;22-118;2003;28;;25;;;;;;;;;;;31;;;;Matches
2083;Kenny Quetant;fr FRA;FW;Le Havre;fr Ligue 1;19-274;2006;4.1;;0;;;;;;;;;;;1;;;;Matches
2084;Matheo Raab;de GER;GK;Union Berlin;de Bundesliga;27-120;1998;1;;0;;;;;;;;;;;0;;;;Matches
2085;Dani Raba;es ESP;FW;Valencia;es La Liga;30-170;1995;2.9;;4;;;;;;;;;;;4;;;;Matches
2086;Adrien Rabiot;fr FRA;MF;Marseille;fr Ligue 1;31-014;1995;1;;0;;;;;;;;;;;0;;;;Matches
2087;Adrien Rabiot;fr FRA;MF;Milan;it Serie A;31-014;1995;22.3;;23;;;;;;;;;;;13;;;;Matches
2088;Uroš Radaković;rs SRB;DF;Nantes;fr Ligue 1;32-017;1994;0.3;;0;;;;;;;;;;;0;;;;Matches
2089;Ionuț Radu;ro ROU;GK;Celta Vigo;es La Liga;28-324;1997;31;;0;;;;;;;;;;;0;;;;Matches
2090;Ugo Raghouber;fr FRA;MF;Levante;es La Liga;22-278;2003;5.8;;6;;;;;;;;;;;9;;;;Matches
2091;Ugo Raghouber;fr FRA;MF;Lille;fr Ligue 1;22-278;2003;0;;0;;;;;;;;;;;0;;;;Matches
2092;Antonio Raillo;es ESP;DF;Mallorca;es La Liga;34-191;1991;22.6;;13;;;;;;;;;;;12;;;;Matches
2093;Ylber Ramadani;al ALB;MF;Lecce;it Serie A;30-005;1996;29.7;;39;;;;;;;;;;;38;;;;Matches
2094;Diant Ramaj;de GER;GK;Heidenheim;de Bundesliga;24-210;2001;28;;0;;;;;;;;;;;0;;;;Matches
2095;Largie Ramazani;be BEL;MF,FW;Valencia;es La Liga;25-049;2001;9.8;;9;;;;;;;;;;;10;;;;Matches
2096;Jacobo Ramón;es ESP;DF;Como;it Serie A;21-101;2005;25.5;;29;;;;;;;;;;;32;;;;Matches
2097;Gonçalo Ramos;pt POR;FW;Paris Saint-Germain;fr Ligue 1;24-301;2001;11.6;;11;;;;;;;;;;;3;;;;Matches
2098;Guilherme Ramos;pt POR;DF;Hamburger SV;de Bundesliga;28-249;1997;0.5;;0;;;;;;;;;;;0;;;;Matches
2099;Aaron Ramsdale;eng ENG;GK;Newcastle United;eng Premier League;27-338;1998;10.2;;0;;;;;;;;;;;0;;;;Matches
2100;Jacob Ramsey;eng ENG;MF;Newcastle United;eng Premier League;24-324;2001;12.1;;11;;;;;;;;;;;8;;;;Matches
2101;Luca Ranieri;it ITA;DF;Fiorentina;it Serie A;26-359;1999;22.6;;21;;;;;;;;;;;19;;;;Matches
2102;Grant Ranos;am ARM;FW;Gladbach;de Bundesliga;22-271;2003;1.3;;1;;;;;;;;;;;1;;;;Matches
2103;Lilian Raolisoa;fr FRA;MF,DF;Angers;fr Ligue 1;25-305;2000;17.2;;21;;;;;;;;;;;11;;;;Matches
2104;Raphinha;br BRA;MF,FW;Barcelona;es La Liga;29-124;1996;14.3;;5;;;;;;;;;;;5;;;;Matches
2105;Marcus Rashford;eng ENG;MF,FW;Barcelona;es La Liga;28-168;1997;16;;8;;;;;;;;;;;1;;;;Matches
2106;Mathias Rasmussen;no NOR;MF;St Pauli;de Bundesliga;28-143;1997;6.1;;4;;;;;;;;;;;4;;;;Matches
2107;Giacomo Raspadori;it ITA;MF;Atalanta;it Serie A;26-058;2000;3.8;;1;;;;;;;;;;;0;;;;Matches
2108;Giacomo Raspadori;it ITA;FW;Atlético Madrid;es La Liga;26-058;2000;2.6;;1;;;;;;;;;;;0;;;;Matches
2109;Othniel Raterink;nl NED;DF;Cagliari;it Serie A;20-010;2006;0.1;;0;;;;;;;;;;;0;;;;Matches
2110;Andrei Ratiu;ro ROU;DF;Rayo Vallecano;es La Liga;27-301;1998;26.7;;33;;;;;;;;;;;36;;;;Matches
2111;Petar Ratkov;rs SRB;FW;Lazio;it Serie A;22-242;2003;2.6;;2;;;;;;;;;;;1;;;;Matches
2112;Raúl;es ESP;FW;Osasuna;es La Liga;25-165;2000;9;;12;;;;;;;;;;;7;;;;Matches
2113;David Raum;de GER;DF;RB Leipzig;de Bundesliga;27-360;1998;27.5;;35;;;;;;;;;;;33;;;;Matches
2114;Federico Ravaglia;it ITA;GK;Bologna;it Serie A;26-157;1999;14.3;;1;;;;;;;;;;;0;;;;Matches
2115;David Raya;es ESP;GK;Arsenal;eng Premier League;30-214;1995;32;;1;;;;;;;;;;;1;;;;Matches
2116;Rayan;br BRA;MF;Bournemouth;eng Premier League;19-257;2006;7.7;;3;;;;;;;;;;;3;;;;Matches
2117;Abde Rebbach;dz ALG;MF,DF;Alavés;es La Liga;27-249;1998;11.1;;13;;;;;;;;;;;11;;;;Matches
2118;Federico Redondo;ar ARG;MF;Elche;es La Liga;23-089;2003;2;;2;;;;;;;;;;;5;;;;Matches
2119;Harrison Reed;eng ENG;MF;Fulham;eng Premier League;31-080;1995;0.3;;0;;;;;;;;;;;0;;;;Matches
2120;Luca Reggiani;it ITA;DF;Dortmund;de Bundesliga;18-098;2008;2.7;;7;;;;;;;;;;;2;;;;Matches
2121;Alejandro Rego;es ESP;MF;Athletic Club;es La Liga;22-310;2003;9.6;;15;;;;;;;;;;;16;;;;Matches
2122;Tijjani Reijnders;nl NED;MF;Manchester City;eng Premier League;27-262;1998;16.6;;4;;;;;;;;;;;11;;;;Matches
2123;Alberto Reina;es ESP;MF;Oviedo;es La Liga;28-220;1997;20.6;;12;;;;;;;;;;;10;;;;Matches
2124;Vitor Reis;br BRA;DF;Girona;es La Liga;20-095;2006;27.9;;26;;;;;;;;;;;24;;;;Matches
2125;Rocco Reitz;de GER;MF;Gladbach;de Bundesliga;23-323;2002;25.2;;32;;;;;;;;;;;44;;;;Matches
2126;Nicolai Remberg;de GER;MF;Hamburger SV;de Bundesliga;25-302;2000;27;;23;;;;;;;;;;;39;;;;Matches
2127;Álex Remiro;es ESP;GK;Real Sociedad;es La Liga;31-024;1995;31;;1;;;;;;;;;;;1;;;;Matches
2128;Devyne Rensch;nl NED;MF,DF;Roma;it Serie A;23-089;2003;10;;15;;;;;;;;;;;12;;;;Matches
2129;Guillaume Restes;fr FRA;GK;Toulouse;fr Ligue 1;21-037;2005;28.7;;0;;;;;;;;;;;1;;;;Matches
2130;Elvis Rexhbeçaj;xk KVX;MF;Augsburg;de Bundesliga;28-167;1997;12.1;;8;;;;;;;;;;;4;;;;Matches
2131;Oriol Rey;es ESP;MF;Levante;es La Liga;28-051;1998;13.2;;11;;;;;;;;;;;10;;;;Matches
2132;Gio Reyna;us USA;MF;Gladbach;de Bundesliga;23-155;2002;4.5;;5;;;;;;;;;;;3;;;;Matches
2133;Chadi Riad;ma MAR;DF;Crystal Palace;eng Premier League;22-304;2003;3.5;;3;;;;;;;;;;;1;;;;Matches
2134;Alexsandro Ribeiro;br BRA;DF;Lille;fr Ligue 1;26-251;1999;5.6;;9;;;;;;;;;;;11;;;;Matches
2135;Rodrigo Ribeiro;pt POR;FW;Augsburg;de Bundesliga;20-354;2005;5.1;;1;;;;;;;;;;;1;;;;Matches
2136;Samuele Ricci;it ITA;MF;Milan;it Serie A;24-239;2001;12.5;;8;;;;;;;;;;;8;;;;Matches
2137;Declan Rice;eng ENG;MF;Arsenal;eng Premier League;27-093;1999;29.7;;30;;;;;;;;;;;28;;;;Matches
2138;Chris Richards;us USA;DF;Crystal Palace;eng Premier League;26-020;2000;26.9;;32;;;;;;;;;;;41;;;;Matches
2139;Amir Richardson;ma MAR;MF;Fiorentina;it Serie A;24-083;2002;0.5;;1;;;;;;;;;;;0;;;;Matches
2140;Richarlison;br BRA;FW,MF;Tottenham Hotspur;eng Premier League;28-342;1997;17.5;;14;;;;;;;;;;;6;;;;Matches
2141;Diego Rico;es ESP;DF;Getafe;es La Liga;33-053;1993;18.9;;28;;;;;;;;;;;31;;;;Matches
2142;Clemens Riedel;de GER;DF;Espanyol;es La Liga;22-272;2003;13.4;;13;;;;;;;;;;;10;;;;Matches
2143;Fabian Rieder;ch SUI;MF;Augsburg;de Bundesliga;24-060;2002;21;;17;;;;;;;;;;;9;;;;Matches
2144;Fabian Rieder;ch SUI;MF;Rennes;fr Ligue 1;24-060;2002;1.5;;2;;;;;;;;;;;2;;;;Matches
2145;Lasse Rieß;de GER;GK;Mainz 05;de Bundesliga;24-264;2001;3.2;;0;;;;;;;;;;;0;;;;Matches
2146;Chris Rigg;eng ENG;MF;Sunderland;eng Premier League;18-303;2007;7.1;;8;;;;;;;;;;;3;;;;Matches
2147;Filippo Rinaldi;it ITA;GK;Parma;it Serie A;23-134;2002;1;;0;;;;;;;;;;;0;;;;Matches
2148;Hugo Rincón;es ESP;DF;Girona;es La Liga;23-080;2003;18.3;;28;;;;;;;;;;;5;;;;Matches
2149;Luis Rioja;es ESP;MF;Valencia;es La Liga;32-183;1993;23.4;;19;;;;;;;;;;;15;;;;Matches
2150;Rodrigo Riquelme;es ESP;MF;Real Betis;es La Liga;26-015;2000;7.7;;7;;;;;;;;;;;4;;;;Matches
2151;Robin Risser;fr FRA;GK;Lens;fr Ligue 1;21-136;2004;28;;0;;;;;;;;;;;0;;;;Matches
2152;Mihailo Ristić;rs SRB;MF,DF;Celta Vigo;es La Liga;30-168;1995;2.8;;0;;;;;;;;;;;2;;;;Matches
2153;Lars Ritzka;de GER;MF,DF;St Pauli;de Bundesliga;27-345;1998;8.5;;21;;;;;;;;;;;11;;;;Matches
2154;Sergi Roberto;es ESP;MF;Como;it Serie A;34-069;1992;5.8;;7;;;;;;;;;;;5;;;;Matches
2155;Patrick Roberts;eng ENG;FW,MF;Sunderland;eng Premier League;29-071;1997;0.3;;0;;;;;;;;;;;0;;;;Matches
2156;Andrew Robertson;sct SCO;DF;Liverpool;eng Premier League;32-037;1994;9.6;;9;;;;;;;;;;;6;;;;Matches
2157;Antonee Robinson;us USA;DF,MF;Fulham;eng Premier League;28-252;1997;12.4;;20;;;;;;;;;;;19;;;;Matches
2158;Joel Roca;es ESP;MF;Girona;es La Liga;20-314;2005;11.6;;9;;;;;;;;;;;2;;;;Matches
2159;Marc Roca;es ESP;MF;Real Betis;es La Liga;29-142;1996;18.6;;26;;;;;;;;;;;18;;;;Matches
2160;Ryan Rodin;fr FRA;MF;Auxerre;fr Ligue 1;20-046;2006;0.3;;0;;;;;;;;;;;0;;;;Matches
2161;Kaden Rodney;eng ENG;DF,MF;Crystal Palace;eng Premier League;21-192;2004;0;;0;;;;;;;;;;;0;;;;Matches
2162;Joe Rodon;wls WAL;DF;Leeds United;eng Premier League;28-177;1997;28.3;;16;;;;;;;;;;;28;;;;Matches
2163;Rodri;es ESP;MF;Manchester City;eng Premier League;29-299;1996;14.8;;22;;;;;;;;;;;11;;;;Matches
2164;Álvaro Rodríguez;uy URU;FW;Elche;es La Liga;21-277;2004;19.1;;9;;;;;;;;;;;3;;;;Matches
2165;Damián Rodríguez;es ESP;MF;Celta Vigo;es La Liga;23-031;2003;1.7;;0;;;;;;;;;;;1;;;;Matches
2166;Dani Rodríguez;es ESP;FW,MF;Mallorca;es La Liga;37-315;1988;0.8;;1;;;;;;;;;;;0;;;;Matches
2167;Guido Rodríguez;ar ARG;MF;West Ham United;eng Premier League;32-005;1994;2;;0;;;;;;;;;;;2;;;;Matches
2168;Guido Rodríguez;ar ARG;MF;Valencia;es La Liga;32-005;1994;7.5;;17;;;;;;;;;;;4;;;;Matches
2169;Javi Rodríguez;es ESP;DF;Celta Vigo;es La Liga;22-295;2003;21.4;;19;;;;;;;;;;;21;;;;Matches
2170;Jesus Rodríguez;es ESP;MF;Como;it Serie A;20-147;2005;17.1;;16;;;;;;;;;;;4;;;;Matches
2171;Juan Rodríguez;uy URU;DF;Cagliari;it Serie A;20-322;2005;11;;21;;;;;;;;;;;12;;;;Matches
2172;Ricardo Rodríguez;ch SUI;DF;Real Betis;es La Liga;33-235;1992;13.4;;6;;;;;;;;;;;6;;;;Matches
2173;Rodrygo;br BRA;MF,FW;Real Madrid;es La Liga;25-098;2001;7.6;;8;;;;;;;;;;;3;;;;Matches
2174;Robin Roefs;nl NED;GK;Sunderland;eng Premier League;23-090;2003;29;;0;;;;;;;;;;;0;;;;Matches
2175;Morgan Rogers;eng ENG;MF;Aston Villa;eng Premier League;23-265;2002;31.4;;18;;;;;;;;;;;12;;;;Matches
2176;Merlin Röhl;de GER;MF;Freiburg;de Bundesliga;23-286;2002;0.7;;1;;;;;;;;;;;0;;;;Matches
2177;Merlin Röhl;de GER;MF;Everton;eng Premier League;23-286;2002;4.1;;10;;;;;;;;;;;2;;;;Matches
2178;Filippo Romagna;it ITA;DF;Sassuolo;it Serie A;28-326;1997;3.5;;1;;;;;;;;;;;5;;;;Matches
2179;Alessio Romagnoli;it ITA;DF;Lazio;it Serie A;31-095;1995;25;;14;;;;;;;;;;;28;;;;Matches
2180;Leo Román;es ESP;GK;Mallorca;es La Liga;25-285;2000;26;;1;;;;;;;;;;;1;;;;Matches
2181;Miguel Román;es ESP;MF;Celta Vigo;es La Liga;23-112;2002;14.6;;17;;;;;;;;;;;12;;;;Matches
2182;Alessandro Romano;ch SUI;MF;Roma;it Serie A;19-304;2006;0.1;;0;;;;;;;;;;;0;;;;Matches
2183;Carlos Romero;es ESP;DF;Espanyol;es La Liga;24-170;2001;28.6;;49;;;;;;;;;;;31;;;;Matches
2184;Cristian Romero;ar ARG;DF;Tottenham Hotspur;eng Premier League;27-355;1998;20.8;;30;;;;;;;;;;;31;;;;Matches
2185;Isaac Romero;es ESP;FW;Sevilla;es La Liga;25-334;2000;12.9;;8;;;;;;;;;;;5;;;;Matches
2186;Iván Romero;es ESP;FW,MF;Levante;es La Liga;25-007;2001;21.7;;21;;;;;;;;;;;10;;;;Matches
2187;Zaid Romero;ar ARG;DF;Getafe;es La Liga;26-123;1999;11;;15;;;;;;;;;;;25;;;;Matches
2188;Rômulo;br BRA;FW;RB Leipzig;de Bundesliga;24-068;2002;20.8;;15;;;;;;;;;;;10;;;;Matches
2189;Salomón Rondón;ve VEN;FW;Oviedo;es La Liga;36-213;1989;11.5;;0;;;;;;;;;;;1;;;;Matches
2190;Valentin Rongier;fr FRA;MF;Rennes;fr Ligue 1;31-131;1994;26.5;;40;;;;;;;;;;;34;;;;Matches
2191;Marten de Roon;nl NED;MF;Atalanta;it Serie A;35-019;1991;24.7;;39;;;;;;;;;;;17;;;;Matches
2192;Pablo Rosario;do DOM;DF,MF;Nice;fr Ligue 1;29-100;1997;0.3;;0;;;;;;;;;;;0;;;;Matches
2193;Max Rosenfelder;de GER;DF;Freiburg;de Bundesliga;23-066;2003;5.5;;5;;;;;;;;;;;5;;;;Matches
2194;Lucas Rosier;fr FRA;FW;Rennes;fr Ligue 1;19-036;2007;0;;0;;;;;;;;;;;0;;;;Matches
2195;Valentin Rosier;fr FRA;DF,MF;Osasuna;es La Liga;29-241;1996;21.4;;24;;;;;;;;;;;34;;;;Matches
2196;Tom Rothe;de GER;DF,MF;Union Berlin;de Bundesliga;21-170;2004;7;;10;;;;;;;;;;;18;;;;Matches
2197;Anthony Rouault;fr FRA;DF;Rennes;fr Ligue 1;24-323;2001;17.2;;13;;;;;;;;;;;15;;;;Matches
2198;Nicolò Rovella;it ITA;MF;Lazio;it Serie A;24-134;2001;3.8;;9;;;;;;;;;;;6;;;;Matches
2199;Jonathan Rowe;eng ENG;MF,FW;Bologna;it Serie A;22-352;2003;13.8;;11;;;;;;;;;;;6;;;;Matches
2200;Jonathan Rowe;eng ENG;FW;Marseille;fr Ligue 1;22-352;2003;0.7;;0;;;;;;;;;;;1;;;;Matches
2201;James Rowswell;eng ENG;DF;Tottenham Hotspur;eng Premier League;19-278;2006;0;;0;;;;;;;;;;;0;;;;Matches
2202;Amir Rrahmani;xk KVX;DF;Napoli;it Serie A;32-052;1994;15.1;;12;;;;;;;;;;;17;;;;Matches
2203;Rubén;es ESP;DF;Espanyol;es La Liga;25-072;2001;5.9;;6;;;;;;;;;;;9;;;;Matches
2204;Antonio Rüdiger;de GER;DF;Real Madrid;es La Liga;33-045;1993;12;;4;;;;;;;;;;;3;;;;Matches
2205;Javi Rueda;es ESP;MF;Celta Vigo;es La Liga;23-344;2002;11.9;;10;;;;;;;;;;;15;;;;Matches
2206;Daniele Rugani;it ITA;DF;Fiorentina;it Serie A;31-262;1994;1.9;;3;;;;;;;;;;;3;;;;Matches
2207;Daniele Rugani;it ITA;DF;Juventus;it Serie A;31-262;1994;2.8;;3;;;;;;;;;;;5;;;;Matches
2208;Matteo Ruggeri;it ITA;DF;Atlético Madrid;es La Liga;23-280;2002;15.2;;20;;;;;;;;;;;15;;;;Matches
2209;Aitor Ruibal;es ESP;DF,MF;Real Betis;es La Liga;30-026;1996;18.3;;26;;;;;;;;;;;17;;;;Matches
2210;Abel Ruiz;es ESP;FW;Girona;es La Liga;26-079;2000;2.1;;1;;;;;;;;;;;1;;;;Matches
2211;Fabián Ruiz Peña;es ESP;MF;Paris Saint-Germain;fr Ligue 1;30-014;1996;8.8;;6;;;;;;;;;;;10;;;;Matches
2212;Gerónimo Rulli;ar ARG;GK;Marseille;fr Ligue 1;33-332;1992;25;;0;;;;;;;;;;;0;;;;Matches
2213;Jacen Russell-Rowe;ca CAN;FW;Toulouse;fr Ligue 1;23-216;2002;2.8;;2;;;;;;;;;;;1;;;;Matches
2214;Georginio Rutter;fr FRA;MF,FW;Brighton;eng Premier League;23-362;2002;18;;16;;;;;;;;;;;10;;;;Matches
2215;Mathew Ryan;au AUS;GK;Levante;es La Liga;34-009;1992;29;;1;;;;;;;;;;;1;;;;Matches
2216;Julian Ryerson;no NOR;MF;Dortmund;de Bundesliga;28-151;1997;20.3;;17;;;;;;;;;;;11;;;;Matches
2217;Frederik Rønnow;dk DEN;GK;Union Berlin;de Bundesliga;33-256;1992;28;;1;;;;;;;;;;;1;;;;Matches
2218;Alexander Røssing-Lelesiit;no NOR;FW,MF;Hamburger SV;de Bundesliga;19-087;2007;3.6;;2;;;;;;;;;;;1;;;;Matches
2219;José Sá;pt POR;GK;Wolves;eng Premier League;33-090;1993;20;;0;;;;;;;;;;;0;;;;Matches
2220;Elias Saad;tn TUN;MF,FW;Augsburg;de Bundesliga;26-111;1999;5.5;;8;;;;;;;;;;;1;;;;Matches
2221;Stefano Sabelli;it ITA;MF,DF;Genoa;it Serie A;33-094;1993;6.7;;12;;;;;;;;;;;2;;;;Matches
2222;Abdelhamid Sabiri;ma MAR;MF;Fiorentina;it Serie A;29-140;1996;0.3;;2;;;;;;;;;;;0;;;;Matches
2223;Marcel Sabitzer;at AUT;MF;Dortmund;de Bundesliga;32-031;1994;16.6;;15;;;;;;;;;;;18;;;;Matches
2224;Noah Sadiki;cd COD;MF;Sunderland;eng Premier League;21-121;2004;26.5;;22;;;;;;;;;;;30;;;;Matches
2225;Umar Sadiq;ng NGA;FW;Valencia;es La Liga;29-074;1997;6.5;;2;;;;;;;;;;;1;;;;Matches
2226;Umar Sadiq;ng NGA;FW;Real Sociedad;es La Liga;29-074;1997;1.7;;0;;;;;;;;;;;0;;;;Matches
2227;Alexis Saelemaekers;be BEL;MF;Milan;it Serie A;26-294;1999;27;;31;;;;;;;;;;;28;;;;Matches
2228;Matvei Safonov;ru RUS;GK;Paris Saint-Germain;fr Ligue 1;27-051;1999;10;;0;;;;;;;;;;;0;;;;Matches
2229;Emir Sahiti;xk KVX;FW;Hamburger SV;de Bundesliga;27-139;1998;1.3;;0;;;;;;;;;;;0;;;;Matches
2230;Osame Sahraoui;ma MAR;MF;Lille;fr Ligue 1;24-310;2001;5.1;;3;;;;;;;;;;;4;;;;Matches
2231;Wesley Saïd;fr FRA;MF;Lens;fr Ligue 1;30-363;1995;18.4;;14;;;;;;;;;;;8;;;;Matches
2232;Allan Saint-Maximin;fr FRA;MF;Lens;fr Ligue 1;29-036;1997;2.4;;0;;;;;;;;;;;0;;;;Matches
2233;Bukayo Saka;eng ENG;FW,MF;Arsenal;eng Premier League;24-224;2001;22.2;;15;;;;;;;;;;;14;;;;Matches
2234;Mathis Saka;fr FRA;FW;Toulouse;fr Ligue 1;19-209;2006;0.1;;0;;;;;;;;;;;0;;;;Matches
2235;Álex Sala;es ESP;MF;Lecce;it Serie A;25-008;2001;1.9;;2;;;;;;;;;;;3;;;;Matches
2236;Ibrahim Salah;ma MAR;MF;Rennes;fr Ligue 1;24-230;2001;0.4;;1;;;;;;;;;;;0;;;;Matches
2237;Mohamed Salah;eg EGY;MF,FW;Liverpool;eng Premier League;33-306;1992;21.2;;10;;;;;;;;;;;3;;;;Matches
2238;Jan Salas;es ESP;MF;Mallorca;es La Liga;20-250;2005;0.2;;0;;;;;;;;;;;0;;;;Matches
2239;Kike Salas;es ESP;DF;Sevilla;es La Liga;23-359;2002;17.5;;23;;;;;;;;;;;32;;;;Matches
2240;Manolis Saliakas;gr GRE;MF;St Pauli;de Bundesliga;29-217;1996;11.3;;18;;;;;;;;;;;12;;;;Matches
2241;William Saliba;fr FRA;DF;Arsenal;eng Premier League;25-024;2001;24;;18;;;;;;;;;;;14;;;;Matches
2242;José Salinas;es ESP;DF;Espanyol;es La Liga;25-199;2000;2.7;;2;;;;;;;;;;;2;;;;Matches
2243;Mohammed Salisu;gh GHA;DF;Monaco;fr Ligue 1;27-000;1999;12;;11;;;;;;;;;;;19;;;;Matches
2244;Lazar Samardzic;rs SRB;MF;Atalanta;it Serie A;24-052;2002;10.4;;7;;;;;;;;;;;9;;;;Matches
2245;Mbwana Samatta;tz TAN;FW;Le Havre;fr Ligue 1;33-115;1992;12.4;;5;;;;;;;;;;;3;;;;Matches
2246;Mama Samba Baldé;gw GNB;FW,MF;Brest;fr Ligue 1;30-162;1995;7.3;;6;;;;;;;;;;;3;;;;Matches
2247;Brice Samba;fr FRA;GK;Rennes;fr Ligue 1;31-357;1994;28;;0;;;;;;;;;;;0;;;;Matches
2248;Albert Sambi Lokonga;be BEL;MF;Hamburger SV;de Bundesliga;26-177;1999;16.1;;11;;;;;;;;;;;12;;;;Matches
2249;Antonio Sanabria;py PAR;FW;Cremonese;it Serie A;30-044;1996;8.7;;2;;;;;;;;;;;1;;;;Matches
2250;Oihan Sancet;es ESP;MF;Athletic Club;es La Liga;25-357;2000;18.1;;8;;;;;;;;;;;2;;;;Matches
2251;Álex Sánchez;es ESP;FW;Elche;es La Liga;20-043;2006;0.1;;1;;;;;;;;;;;0;;;;Matches
2252;Alexis Sánchez;cl CHI;FW,MF;Sevilla;es La Liga;37-119;1988;12;;10;;;;;;;;;;;4;;;;Matches
2253;Antonio Sánchez;es ESP;MF,DF;Mallorca;es La Liga;29-106;1997;10.9;;9;;;;;;;;;;;15;;;;Matches
2254;Juanlu Sánchez;es ESP;MF,DF;Sevilla;es La Liga;22-245;2003;20.3;;35;;;;;;;;;;;9;;;;Matches
2255;Borja Sánchez Laborde;es ESP;MF;Oviedo;es La Liga;30-050;1996;0.2;;0;;;;;;;;;;;0;;;;Matches
2256;Manu Sánchez;es ESP;DF;Levante;es La Liga;25-236;2000;26.1;;48;;;;;;;;;;;31;;;;Matches
2257;Robert Sánchez;es ESP;GK;Chelsea;eng Premier League;28-150;1997;29;;0;;;;;;;;;;;1;;;;Matches
2258;Selton Sánchez;es ESP;MF;Athletic Club;es La Liga;19-056;2007;2.2;;2;;;;;;;;;;;1;;;;Matches
2259;Jadon Sancho;eng ENG;MF;Aston Villa;eng Premier League;26-023;2000;8.5;;2;;;;;;;;;;;2;;;;Matches
2260;Álex Sancris;es ESP;MF,FW;Getafe;es La Liga;29-089;1997;7;;5;;;;;;;;;;;2;;;;Matches
2261;Philipp Sander;de GER;DF,MF;Gladbach;de Bundesliga;28-055;1998;22.2;;37;;;;;;;;;;;43;;;;Matches
2262;James Sands;us USA;MF;St Pauli;de Bundesliga;25-285;2000;21.5;;23;;;;;;;;;;;41;;;;Matches
2263;Ibou Sané;sn SEN;FW,MF;Metz;fr Ligue 1;21-020;2005;6;;3;;;;;;;;;;;1;;;;Matches
2264;Sadibou Sané;sn SEN;DF;Metz;fr Ligue 1;21-311;2004;16.6;;28;;;;;;;;;;;31;;;;Matches
2265;Arouna Sangante;sn SEN;DF;Le Havre;fr Ligue 1;24-005;2002;23;;23;;;;;;;;;;;32;;;;Matches
2266;Buba Sangaré;es ESP;MF,DF;Elche;es La Liga;18-254;2007;2.9;;5;;;;;;;;;;;4;;;;Matches
2267;Ibrahim Sangaré;ci CIV;MF;Nottingham Forest;eng Premier League;28-136;1997;20.6;;28;;;;;;;;;;;17;;;;Matches
2268;Mamadou Sangare;ml MLI;MF;Lens;fr Ligue 1;23-295;2002;21.8;;45;;;;;;;;;;;35;;;;Matches
2269;Nhoa Sangui;fr FRA;DF;Paris FC;fr Ligue 1;20-049;2006;16.3;;13;;;;;;;;;;;16;;;;Matches
2270;Maroan Sannadi;ma MAR;FW;Athletic Club;es La Liga;25-075;2001;3.1;;1;;;;;;;;;;;1;;;;Matches
2271;Kaishu Sano;jp JPN;MF;Mainz 05;de Bundesliga;25-108;2000;29;;29;;;;;;;;;;;64;;;;Matches
2272;Morgan Sanson;fr FRA;MF;Nice;fr Ligue 1;31-242;1994;16.6;;19;;;;;;;;;;;23;;;;Matches
2273;Baptiste Santamaria;fr FRA;MF;Valencia;es La Liga;31-039;1995;8.4;;5;;;;;;;;;;;8;;;;Matches
2274;Yago Santiago;es ESP;MF;Elche;es La Liga;23-002;2003;3.1;;1;;;;;;;;;;;1;;;;Matches
2275;Yellu Santiago;es ESP;MF;Hellas Verona;it Serie A;21-327;2004;0.1;;0;;;;;;;;;;;0;;;;Matches
2276;Alisson Santos;br BRA;MF;Napoli;it Serie A;23-202;2002;4.8;;7;;;;;;;;;;;2;;;;Matches
2277;Andrey Santos;br BRA;MF;Chelsea;eng Premier League;21-349;2004;11.9;;15;;;;;;;;;;;18;;;;Matches
2278;Kauã Santos;br BRA;GK;Eintracht Frankfurt;de Bundesliga;23-006;2003;12;;1;;;;;;;;;;;0;;;;Matches
2279;Tiago Santos;pt POR;DF;Lille;fr Ligue 1;23-268;2002;7.8;;8;;;;;;;;;;;5;;;;Matches
2280;Alejo Sarco;ar ARG;FW;Gladbach;de Bundesliga;20-101;2006;0.5;;0;;;;;;;;;;;0;;;;Matches
2281;Alejo Sarco;ar ARG;FW;Leverkusen;de Bundesliga;20-101;2006;0.8;;0;;;;;;;;;;;0;;;;Matches
2282;Jeremy Sarmiento;ec ECU;MF;Cremonese;it Serie A;23-305;2002;1.6;;2;;;;;;;;;;;2;;;;Matches
2283;Amin Sarr;se SWE;FW,MF;Hellas Verona;it Serie A;25-037;2001;11.4;;8;;;;;;;;;;;4;;;;Matches
2284;Bouna Sarr;sn SEN;MF,DF;Metz;fr Ligue 1;34-076;1992;5.6;;3;;;;;;;;;;;4;;;;Matches
2285;Ismaila Sarr;sn SEN;MF,FW;Crystal Palace;eng Premier League;28-051;1998;19.5;;9;;;;;;;;;;;7;;;;Matches
2286;Malang Sarr;fr FRA;DF;Lens;fr Ligue 1;27-084;1999;27;;36;;;;;;;;;;;63;;;;Matches
2287;Mamadou Sarr;sn SEN;DF;Strasbourg;fr Ligue 1;20-231;2005;14.5;;13;;;;;;;;;;;5;;;;Matches
2288;Mamadou Sarr;sn SEN;DF;Chelsea;eng Premier League;20-231;2005;1;;0;;;;;;;;;;;1;;;;Matches
2289;Martin Satriano;uy URU;FW,MF;Getafe;es La Liga;25-056;2001;11.8;;11;;;;;;;;;;;8;;;;Matches
2290;Martin Satriano;uy URU;FW;Lyon;fr Ligue 1;25-056;2001;7.7;;3;;;;;;;;;;;5;;;;Matches
2291;Mario Sauer;sk SVK;MF;Toulouse;fr Ligue 1;21-337;2004;6.8;;6;;;;;;;;;;;9;;;;Matches
2292;Razvan Sava;ro ROU;GK;Udinese;it Serie A;23-300;2002;6.9;;0;;;;;;;;;;;0;;;;Matches
2293;Sávio;br BRA;MF;Manchester City;eng Premier League;22-007;2004;6.5;;3;;;;;;;;;;;5;;;;Matches
2294;Nicolò Savona;it ITA;DF;Nottingham Forest;eng Premier League;23-029;2003;11.4;;12;;;;;;;;;;;5;;;;Matches
2295;Joe Scally;us USA;MF,DF;Gladbach;de Bundesliga;23-107;2002;24;;23;;;;;;;;;;;16;;;;Matches
2296;Giorgio Scalvini;it ITA;DF;Atalanta;it Serie A;22-127;2003;15.3;;17;;;;;;;;;;;28;;;;Matches
2297;Gianluca Scamacca;it ITA;FW;Atalanta;it Serie A;27-106;1999;12.9;;4;;;;;;;;;;;3;;;;Matches
2298;Oliver Scarles;eng ENG;DF,MF;West Ham United;eng Premier League;20-126;2005;7.3;;18;;;;;;;;;;;13;;;;Matches
2299;Dane Scarlett;eng ENG;FW;Tottenham Hotspur;eng Premier League;22-024;2004;0.1;;0;;;;;;;;;;;0;;;;Matches
2300;Kevin Schade;de GER;MF,FW;Brentford;eng Premier League;24-141;2001;25.5;;24;;;;;;;;;;;19;;;;Matches
2301;András Schäfer;hu HUN;MF;Union Berlin;de Bundesliga;27-004;1999;12.7;;20;;;;;;;;;;;19;;;;Matches
2302;Fabian Schär;ch SUI;DF;Newcastle United;eng Premier League;34-118;1991;12.1;;9;;;;;;;;;;;16;;;;Matches
2303;Fynn Schenten;de GER;FW;Köln;de Bundesliga;18-215;2007;1.1;;0;;;;;;;;;;;0;;;;Matches
2304;Derry Scherhant;de GER;MF;Freiburg;de Bundesliga;23-158;2002;11.4;;7;;;;;;;;;;;7;;;;Matches
2305;Patrik Schick;cz CZE;FW;Leverkusen;de Bundesliga;30-083;1996;17.1;;2;;;;;;;;;;;2;;;;Matches
2306;Stefan Schimmer;de GER;FW;Heidenheim;de Bundesliga;31-354;1994;8.5;;3;;;;;;;;;;;4;;;;Matches
2307;Xaver Schlager;at AUT;MF;RB Leipzig;de Bundesliga;28-201;1997;17.4;;20;;;;;;;;;;;7;;;;Matches
2308;Keven Schlotterbeck;de GER;DF;Augsburg;de Bundesliga;28-354;1997;22.4;;25;;;;;;;;;;;32;;;;Matches
2309;Nico Schlotterbeck;de GER;DF;Dortmund;de Bundesliga;26-137;1999;23;;31;;;;;;;;;;;19;;;;Matches
2310;Mick Schmetgens;de GER;MF;Werder Bremen;de Bundesliga;18-220;2007;0.4;;0;;;;;;;;;;;1;;;;Matches
2311;Romano Schmid;at AUT;MF,FW;Werder Bremen;de Bundesliga;26-080;2000;28.4;;24;;;;;;;;;;;10;;;;Matches
2312;Isaac Schmidt;ch SUI;MF;Werder Bremen;de Bundesliga;26-131;1999;6.2;;7;;;;;;;;;;;8;;;;Matches
2313;Joël Schmied;ch SUI;DF;Köln;de Bundesliga;27-206;1998;10.6;;9;;;;;;;;;;;10;;;;Matches
2314;Tim Schnitzer;de GER;MF;Augsburg;de Bundesliga;18-069;2008;0.1;;0;;;;;;;;;;;0;;;;Matches
2315;Jan Schöppner;de GER;MF;Heidenheim;de Bundesliga;26-309;1999;20;;11;;;;;;;;;;;29;;;;Matches
2316;Marvin Schwäbe;de GER;GK;Köln;de Bundesliga;30-357;1995;29;;1;;;;;;;;;;;3;;;;Matches
2317;Léo Scienza;br BRA;MF;Heidenheim;de Bundesliga;27-216;1998;2;;2;;;;;;;;;;;0;;;;Matches
2318;Alex Scott;eng ENG;MF;Bournemouth;eng Premier League;22-239;2003;26.7;;31;;;;;;;;;;;30;;;;Matches
2319;Simone Scuffet;it ITA;GK;Pisa;it Serie A;29-321;1996;7;;0;;;;;;;;;;;0;;;;Matches
2320;Sebastian Sebulonsen;no NOR;DF,MF;Köln;de Bundesliga;26-080;2000;22.9;;23;;;;;;;;;;;13;;;;Matches
2321;Jenson Seelt;nl NED;DF;Wolfsburg;de Bundesliga;22-329;2003;7.6;;9;;;;;;;;;;;5;;;;Matches
2322;Jenson Seelt;nl NED;DF;Sunderland;eng Premier League;22-329;2003;1.5;;0;;;;;;;;;;;0;;;;Matches
2323;Alidu Seidu;gh GHA;DF;Rennes;fr Ligue 1;25-317;2000;10.7;;21;;;;;;;;;;;15;;;;Matches
2324;Taufik Seidu;es ESP;MF;Atlético Madrid;es La Liga;18-087;2008;0.3;;0;;;;;;;;;;;0;;;;Matches
2325;Nicolas Seiwald;at AUT;MF;RB Leipzig;de Bundesliga;24-348;2001;27.2;;38;;;;;;;;;;;58;;;;Matches
2326;Ayumu Seko;jp JPN;MF,DF;Le Havre;fr Ligue 1;25-314;2000;25.2;;24;;;;;;;;;;;28;;;;Matches
2327;Matz Sels;be BEL;GK;Nottingham Forest;eng Premier League;34-050;1992;23.6;;1;;;;;;;;;;;0;;;;Matches
2328;Antoine Semenyo;gh GHA;MF;Bournemouth;eng Premier League;26-100;2000;20;;20;;;;;;;;;;;6;;;;Matches
2329;Antoine Semenyo;gh GHA;MF,FW;Manchester City;eng Premier League;26-100;2000;9.8;;8;;;;;;;;;;;2;;;;Matches
2330;Adrian Šemper;hr CRO;GK;Pisa;it Serie A;28-095;1998;19;;0;;;;;;;;;;;0;;;;Matches
2331;Marvin Senaya;gh GHA;DF,MF;Auxerre;fr Ligue 1;25-079;2001;18.1;;25;;;;;;;;;;;31;;;;Matches
2332;Marcos Senesi;ar ARG;DF;Bournemouth;eng Premier League;28-342;1997;30.5;;30;;;;;;;;;;;43;;;;Matches
2333;Suat Serdar;de GER;MF;Hellas Verona;it Serie A;29-006;1997;12.3;;20;;;;;;;;;;;10;;;;Matches
2334;Nicolás Serrano;es ESP;MF;Athletic Club;es La Liga;23-043;2003;3.8;;5;;;;;;;;;;;2;;;;Matches
2335;Benjamin Šeško;si SVN;FW;Manchester Utd;eng Premier League;22-321;2003;15.9;;3;;;;;;;;;;;3;;;;Matches
2336;Ryan Sessegnon;eng ENG;DF,MF;Fulham;eng Premier League;25-334;2000;18.5;;25;;;;;;;;;;;20;;;;Matches
2337;Stephan El Shaarawy;it ITA;MF,FW;Roma;it Serie A;33-172;1992;5.7;;6;;;;;;;;;;;5;;;;Matches
2338;Luke Shaw;eng ENG;DF;Manchester Utd;eng Premier League;30-279;1995;30.1;;36;;;;;;;;;;;33;;;;Matches
2339;Kento Shiogai;jp JPN;MF;Wolfsburg;de Bundesliga;21-022;2005;3.3;;4;;;;;;;;;;;2;;;;Matches
2340;Kwasi Sibo;gh GHA;MF;Oviedo;es La Liga;27-297;1998;16.2;;19;;;;;;;;;;;13;;;;Matches
2341;Djibril Sidibé;fr FRA;MF,DF;Toulouse;fr Ligue 1;33-262;1992;23.3;;32;;;;;;;;;;;18;;;;Matches
2342;Armindo Sieb;de GER;FW;Mainz 05;de Bundesliga;23-059;2003;5.3;;4;;;;;;;;;;;0;;;;Matches
2343;Jamil Siebert;de GER;DF;Lecce;it Serie A;24-015;2002;12.9;;12;;;;;;;;;;;10;;;;Matches
2344;Francisco Sierralta;cl CHI;DF;Auxerre;fr Ligue 1;28-346;1997;9.6;;6;;;;;;;;;;;9;;;;Matches
2345;Tim Siersleben;de GER;DF;Heidenheim;de Bundesliga;26-039;2000;12;;16;;;;;;;;;;;21;;;;Matches
2346;Mathys Silestrie;fr FRA;GK;Rennes;fr Ligue 1;20-213;2005;1;;0;;;;;;;;;;;0;;;;Matches
2347;André Silva;pt POR;FW;Elche;es La Liga;30-162;1995;15.2;;3;;;;;;;;;;;2;;;;Matches
2348;Bernardo Silva;pt POR;MF;Manchester City;eng Premier League;31-250;1994;25.8;;16;;;;;;;;;;;16;;;;Matches
2349;Caio Henrique Oliveira Silva;br BRA;DF,MF;Monaco;fr Ligue 1;28-260;1997;17;;10;;;;;;;;;;;12;;;;Matches
2350;Fábio Silva;pt POR;FW,MF;Dortmund;de Bundesliga;23-272;2002;7.9;;2;;;;;;;;;;;2;;;;Matches
2351;Jota Silva;pt POR;FW;Nottingham Forest;eng Premier League;26-259;1999;0.1;;1;;;;;;;;;;;0;;;;Matches
2352;Marco Silvestri;it ITA;GK;Cremonese;it Serie A;35-046;1991;4;;0;;;;;;;;;;;0;;;;Matches
2353;Abdallah Sima;sn SEN;MF;Lens;fr Ligue 1;24-304;2001;5;;5;;;;;;;;;;;0;;;;Matches
2354;Giovanni Simeone;ar ARG;FW;Torino;it Serie A;30-286;1995;19.3;;6;;;;;;;;;;;3;;;;Matches
2355;Giuliano Simeone;ar ARG;MF;Atlético Madrid;es La Liga;23-120;2002;21.2;;21;;;;;;;;;;;19;;;;Matches
2356;Moses Simon;ng NGA;MF,FW;Paris FC;fr Ligue 1;30-279;1995;19.7;;8;;;;;;;;;;;8;;;;Matches
2357;Unai Simón;es ESP;GK;Athletic Club;es La Liga;28-310;1997;31;;0;;;;;;;;;;;0;;;;Matches
2358;Xavi Simons;nl NED;MF,FW;Tottenham Hotspur;eng Premier League;22-361;2003;17.8;;19;;;;;;;;;;;15;;;;Matches
2359;Xavi Simons;nl NED;MF;RB Leipzig;de Bundesliga;22-361;2003;1;;0;;;;;;;;;;;1;;;;Matches
2360;Jahmai Simpson-Pusey;eng ENG;DF;Köln;de Bundesliga;20-164;2005;5.6;;4;;;;;;;;;;;8;;;;Matches
2361;Danel Sinani;lu LUX;MF,FW;St Pauli;de Bundesliga;29-012;1997;20.5;;15;;;;;;;;;;;5;;;;Matches
2362;Dan Sinaté;fr FRA;DF;Angers;fr Ligue 1;19-312;2006;0.4;;0;;;;;;;;;;;0;;;;Matches
2363;Lassine Sinayoko;ml MLI;FW,MF;Auxerre;fr Ligue 1;26-130;1999;26;;22;;;;;;;;;;;20;;;;Matches
2364;Ibrahima Sissoko;ml MLI;MF,DF;Nantes;fr Ligue 1;28-172;1997;4.1;;4;;;;;;;;;;;5;;;;Matches
2365;Antonio Sivera;es ESP;GK;Alavés;es La Liga;29-249;1996;31;;1;;;;;;;;;;;0;;;;Matches
2366;Telli Siwe;fr FRA;DF;Auxerre;fr Ligue 1;21-124;2004;2.5;;3;;;;;;;;;;;4;;;;Matches
2367;Tim Skarke;de GER;MF,FW;Union Berlin;de Bundesliga;29-222;1996;6.1;;4;;;;;;;;;;;1;;;;Matches
2368;Ellyes Skhiri;tn TUN;MF;Eintracht Frankfurt;de Bundesliga;30-342;1995;12.2;;3;;;;;;;;;;;18;;;;Matches
2369;Leo Skiri Østigård;no NOR;DF;Genoa;it Serie A;26-140;1999;25.1;;23;;;;;;;;;;;25;;;;Matches
2370;Laurs Skjellerup;dk DEN;FW;Sassuolo;it Serie A;23-248;2002;0.1;;0;;;;;;;;;;;0;;;;Matches
2371;Łukasz Skorupski;pl POL;GK;Bologna;it Serie A;34-347;1991;15.7;;0;;;;;;;;;;;0;;;;Matches
2372;Andreas Skov Olsen;dk DEN;MF;Wolfsburg;de Bundesliga;26-109;1999;4;;1;;;;;;;;;;;1;;;;Matches
2373;Robert Skov;dk DEN;DF,MF;Union Berlin;de Bundesliga;29-332;1996;2.4;;5;;;;;;;;;;;2;;;;Matches
2374;Tobias Slotsager;dk DEN;DF;Hellas Verona;it Serie A;20-106;2006;4.7;;7;;;;;;;;;;;3;;;;Matches
2375;Adam Smith;eng ENG;DF;Bournemouth;eng Premier League;34-353;1991;9;;10;;;;;;;;;;;7;;;;Matches
2376;Eric Smith;se SWE;DF,MF;St Pauli;de Bundesliga;29-099;1997;23.5;;19;;;;;;;;;;;21;;;;Matches
2377;Emile Smith Rowe;eng ENG;MF;Fulham;eng Premier League;25-263;2000;16.8;;16;;;;;;;;;;;21;;;;Matches
2378;Ivan Smolčić;hr CRO;DF;Como;it Serie A;25-243;2000;14.2;;21;;;;;;;;;;;19;;;;Matches
2379;Simon Sohm;ch SUI;MF;Bologna;it Serie A;25-006;2001;6.7;;3;;;;;;;;;;;3;;;;Matches
2380;Simon Sohm;ch SUI;MF;Fiorentina;it Serie A;25-006;2001;7.9;;7;;;;;;;;;;;6;;;;Matches
2381;Alex Sola;es ESP;DF,FW;Getafe;es La Liga;26-312;1999;0.1;;0;;;;;;;;;;;0;;;;Matches
2382;Dominic Solanke;eng ENG;FW;Tottenham Hotspur;eng Premier League;28-215;1997;9.7;;14;;;;;;;;;;;3;;;;Matches
2383;Carlos Soler;es ESP;MF;Real Sociedad;es La Liga;29-105;1997;19.8;;16;;;;;;;;;;;12;;;;Matches
2384;Julio Soler;ar ARG;DF;Bournemouth;eng Premier League;21-060;2005;0.4;;0;;;;;;;;;;;0;;;;Matches
2385;Oumar Solet;fr FRA;DF;Udinese;it Serie A;26-069;2000;26.9;;44;;;;;;;;;;;39;;;;Matches
2386;Jhon Solis;co COL;MF;Girona;es La Liga;21-196;2004;4.2;;3;;;;;;;;;;;4;;;;Matches
2387;Manor Solomon;il ISR;MF;Villarreal;es La Liga;26-267;1999;1.7;;1;;;;;;;;;;;0;;;;Matches
2388;Manor Solomon;il ISR;FW,MF;Fiorentina;it Serie A;26-267;1999;5.4;;6;;;;;;;;;;;0;;;;Matches
2389;Hugo Solozabal;es ESP;MF;Getafe;es La Liga;23-069;2003;0.1;;0;;;;;;;;;;;0;;;;Matches
2390;Daniele Sommariva;it ITA;GK;Genoa;it Serie A;28-273;1997;2;;0;;;;;;;;;;;0;;;;Matches
2391;Yann Sommer;ch SUI;GK;Inter;it Serie A;37-121;1988;30;;0;;;;;;;;;;;0;;;;Matches
2392;Oliver Sonne;pe PER;DF;Burnley;eng Premier League;25-158;2000;1.9;;1;;;;;;;;;;;1;;;;Matches
2393;David Soria;es ESP;GK;Getafe;es La Liga;33-013;1993;31;;0;;;;;;;;;;;0;;;;Matches
2394;Borna Sosa;hr CRO;DF,MF;Crystal Palace;eng Premier League;28-086;1998;0.6;;0;;;;;;;;;;;1;;;;Matches
2395;Hugo Sotelo;es ESP;MF;Celta Vigo;es La Liga;22-119;2003;13.1;;14;;;;;;;;;;;12;;;;Matches
2396;Florian Sotoca;fr FRA;MF;Lens;fr Ligue 1;35-174;1990;2.7;;2;;;;;;;;;;;5;;;;Matches
2397;Riccardo Sottil;it ITA;FW,MF;Lecce;it Serie A;26-318;1999;11.8;;2;;;;;;;;;;;2;;;;Matches
2398;Tomáš Souček;cz CZE;MF;West Ham United;eng Premier League;31-049;1995;18.8;;15;;;;;;;;;;;15;;;;Matches
2399;Matìas Soulé;ar ARG;MF,FW;Roma;it Serie A;23-002;2003;20;;11;;;;;;;;;;;9;;;;Matches
2400;Aboubaka Soumahoro;fr FRA;MF,DF;Hamburger SV;de Bundesliga;21-072;2005;1.5;;0;;;;;;;;;;;0;;;;Matches
2401;Sambou Soumano;sn SEN;FW;Lorient;fr Ligue 1;25-104;2001;10.1;;4;;;;;;;;;;;4;;;;Matches
2402;Issa Soumaré;sn SEN;FW,MF;Le Havre;fr Ligue 1;25-189;2000;27.8;;13;;;;;;;;;;;8;;;;Matches
2403;Souza;br BRA;MF;Tottenham Hotspur;eng Premier League;19-305;2006;1.6;;0;;;;;;;;;;;2;;;;Matches
2404;Vinicius Souza;br BRA;MF;Wolfsburg;de Bundesliga;26-304;1999;15;;25;;;;;;;;;;;20;;;;Matches
2405;Djibril Sow;ch SUI;MF;Sevilla;es La Liga;29-070;1997;19.9;;21;;;;;;;;;;;18;;;;Matches
2406;Djed Spence;eng ENG;DF,MF;Tottenham Hotspur;eng Premier League;25-251;2000;20.1;;21;;;;;;;;;;;11;;;;Matches
2407;Leonardo Spinazzola;it ITA;MF,DF;Napoli;it Serie A;33-023;1993;19.4;;9;;;;;;;;;;;4;;;;Matches
2408;Anton Stach;de GER;MF;Leeds United;eng Premier League;27-153;1998;23.7;;32;;;;;;;;;;;18;;;;Matches
2409;Jens Stage;dk DEN;MF;Werder Bremen;de Bundesliga;29-160;1996;22.9;;27;;;;;;;;;;;17;;;;Matches
2410;Benjamin Stambouli;fr FRA;MF;Metz;fr Ligue 1;35-247;1990;8.2;;14;;;;;;;;;;;5;;;;Matches
2411;Nicolae Stanciu;ro ROU;MF;Genoa;it Serie A;32-345;1993;2;;3;;;;;;;;;;;3;;;;Matches
2412;Otto Stange;de GER;DF;Hamburger SV;de Bundesliga;19-067;2007;1.2;;2;;;;;;;;;;;0;;;;Matches
2413;Josip Stanišić;hr CRO;DF;Bayern Munich;de Bundesliga;26-015;2000;17.3;;19;;;;;;;;;;;15;;;;Matches
2414;Carl Starfelt;se SWE;DF;Celta Vigo;es La Liga;30-320;1995;16.6;;16;;;;;;;;;;;16;;;;Matches
2415;Niklas Stark;de GER;DF;Werder Bremen;de Bundesliga;31-003;1995;7;;10;;;;;;;;;;;12;;;;Matches
2416;Orri Steinn Óskarsson;is ISL;FW;Real Sociedad;es La Liga;21-231;2004;4.3;;3;;;;;;;;;;;1;;;;Matches
2417;Calvin Stengs;nl NED;FW,MF;Pisa;it Serie A;27-120;1998;0.5;;0;;;;;;;;;;;0;;;;Matches
2418;Pascal Stenzel;de GER;MF;Stuttgart;de Bundesliga;30-028;1996;1.2;;0;;;;;;;;;;;2;;;;Matches
2419;Leonidas Stergiou;ch SUI;DF;Heidenheim;de Bundesliga;24-045;2002;2.1;;2;;;;;;;;;;;1;;;;Matches
2420;Leonidas Stergiou;ch SUI;DF;Stuttgart;de Bundesliga;24-045;2002;0;;0;;;;;;;;;;;0;;;;Matches
2421;Angelo Stiller;de GER;MF;Stuttgart;de Bundesliga;25-013;2001;25.8;;17;;;;;;;;;;;24;;;;Matches
2422;Kevin Stöger;at AUT;MF;Gladbach;de Bundesliga;32-233;1993;10.9;;16;;;;;;;;;;;11;;;;Matches
2423;Filip Stojilković;ch SUI;FW,MF;Pisa;it Serie A;26-103;2000;3.8;;0;;;;;;;;;;;0;;;;Matches
2424;John Stones;eng ENG;DF;Manchester City;eng Premier League;31-324;1994;3.9;;0;;;;;;;;;;;2;;;;Matches
2425;Jørgen Strand Larsen;no NOR;FW;Crystal Palace;eng Premier League;26-070;2000;5.9;;0;;;;;;;;;;;1;;;;Matches
2426;Jørgen Strand Larsen;no NOR;FW;Wolves;eng Premier League;26-070;2000;15.6;;2;;;;;;;;;;;3;;;;Matches
2427;Gabriel Strefezza;br BRA;FW;Parma;it Serie A;28-364;1997;7.7;;8;;;;;;;;;;;4;;;;Matches
2428;Pascal Struijk;nl NED;DF;Leeds United;eng Premier League;26-249;1999;28;;19;;;;;;;;;;;28;;;;Matches
2429;Cristhian Stuani;uy URU;FW;Girona;es La Liga;39-187;1986;2.6;;3;;;;;;;;;;;1;;;;Matches
2430;Nikola Štulić;rs SRB;FW;Lecce;it Serie A;24-221;2001;17.8;;7;;;;;;;;;;;2;;;;Matches
2431;Denis Suárez;es ESP;MF;Alavés;es La Liga;32-101;1994;11.9;;10;;;;;;;;;;;7;;;;Matches
2432;Gabriel Suazo;cl CHI;DF,MF;Sevilla;es La Liga;28-251;1997;17.6;;53;;;;;;;;;;;19;;;;Matches
2433;Luka Sučić;hr CRO;MF,FW;Real Sociedad;es La Liga;23-221;2002;8.1;;4;;;;;;;;;;;3;;;;Matches
2434;Petar Sucic;hr CRO;MF;Inter;it Serie A;22-174;2003;15;;16;;;;;;;;;;;7;;;;Matches
2435;Yukinari Sugawara;jp JPN;DF,MF;Werder Bremen;de Bundesliga;25-293;2000;24.1;;18;;;;;;;;;;;13;;;;Matches
2436;Pavel Šulc;cz CZE;FW,MF;Lyon;fr Ligue 1;25-109;2000;15.5;;12;;;;;;;;;;;6;;;;Matches
2437;Niklas Süle;de GER;DF;Dortmund;de Bundesliga;30-226;1995;4.9;;4;;;;;;;;;;;6;;;;Matches
2438;Ibrahim Sulemana;gh GHA;MF;Bologna;it Serie A;22-330;2003;0.5;;0;;;;;;;;;;;0;;;;Matches
2439;Ibrahim Sulemana;gh GHA;MF;Cagliari;it Serie A;22-330;2003;7.1;;10;;;;;;;;;;;5;;;;Matches
2440;Kamaldeen Sulemana;gh GHA;MF;Atalanta;it Serie A;24-061;2002;10;;5;;;;;;;;;;;2;;;;Matches
2441;Crysencio Summerville;nl NED;MF,FW;West Ham United;eng Premier League;24-169;2001;21.5;;20;;;;;;;;;;;12;;;;Matches
2442;Tomáš Suslov;sk SVK;FW,MF;Hellas Verona;it Serie A;23-314;2002;1.2;;1;;;;;;;;;;;1;;;;Matches
2443;Yuito Suzuki;jp JPN;MF;Freiburg;de Bundesliga;24-174;2001;17;;11;;;;;;;;;;;10;;;;Matches
2444;Zion Suzuki;jp JPN;GK;Parma;it Serie A;23-239;2002;15;;0;;;;;;;;;;;0;;;;Matches
2445;Mattias Svanberg;se SWE;MF;Wolfsburg;de Bundesliga;27-102;1999;8.4;;7;;;;;;;;;;;7;;;;Matches
2446;Daniel Svensson;se SWE;MF;Dortmund;de Bundesliga;24-064;2002;25;;23;;;;;;;;;;;19;;;;Matches
2447;Mile Svilar;rs SRB;GK;Roma;it Serie A;26-233;1999;32;;1;;;;;;;;;;;1;;;;Matches
2448;Williot Swedberg;se SWE;FW,MF;Celta Vigo;es La Liga;22-075;2004;10.9;;12;;;;;;;;;;;2;;;;Matches
2449;Lamine Sy;mr MTN;DF;Auxerre;fr Ligue 1;23-250;2002;13.7;;23;;;;;;;;;;;16;;;;Matches
2450;Abakar Sylla;ci CIV;DF;Strasbourg;fr Ligue 1;23-113;2002;0;;0;;;;;;;;;;;0;;;;Matches
2451;Abakar Sylla;ci CIV;DF;Nantes;fr Ligue 1;23-113;2002;0.7;;0;;;;;;;;;;;0;;;;Matches
2452;Fodé Sylla;fr FRA;MF;Lens;fr Ligue 1;20-001;2006;0.8;;6;;;;;;;;;;;3;;;;Matches
2453;Wojciech Szczęsny;pl POL;GK;Barcelona;es La Liga;35-364;1990;6;;0;;;;;;;;;;;0;;;;Matches
2454;Dominik Szoboszlai;hu HUN;MF,DF;Liverpool;eng Premier League;25-174;2000;29.9;;29;;;;;;;;;;;26;;;;Matches
2455;Sebastian Szymański;pl POL;MF;Rennes;fr Ligue 1;26-342;1999;5.4;;6;;;;;;;;;;;0;;;;Matches
2456;Alexander Sørloth;no NOR;FW;Atlético Madrid;es La Liga;30-133;1995;18.7;;6;;;;;;;;;;;0;;;;Matches
2457;Jocelin Ta Bi;ci CIV;MF;Sunderland;eng Premier League;21-067;2005;0.4;;0;;;;;;;;;;;0;;;;Matches
2458;Musa Al-Taamari;jo JOR;MF,FW;Rennes;fr Ligue 1;28-311;1997;20.2;;13;;;;;;;;;;;9;;;;Matches
2459;Haris Tabakovic;ba BIH;FW;Gladbach;de Bundesliga;31-301;1994;22.7;;5;;;;;;;;;;;0;;;;Matches
2460;Nicolás Tagliafico;ar ARG;DF;Lyon;fr Ligue 1;33-229;1992;14.4;;13;;;;;;;;;;;17;;;;Matches
2461;Jonathan Tah;de GER;DF;Bayern Munich;de Bundesliga;30-065;1996;20.3;;16;;;;;;;;;;;24;;;;Matches
2462;Kōta Takai;jp JPN;DF;Gladbach;de Bundesliga;21-225;2004;3.7;;4;;;;;;;;;;;4;;;;Matches
2463;Chemsdine Talbi;ma MAR;MF,FW;Sunderland;eng Premier League;20-343;2005;14.8;;5;;;;;;;;;;;3;;;;Matches
2464;Montassar Talbi;tn TUN;DF;Lorient;fr Ligue 1;27-326;1998;26;;17;;;;;;;;;;;24;;;;Matches
2465;Adrien Tameze;cm CMR;DF;Torino;it Serie A;32-072;1994;12.4;;12;;;;;;;;;;;19;;;;Matches
2466;Ao Tanaka;jp JPN;MF;Leeds United;eng Premier League;27-219;1998;9.4;;10;;;;;;;;;;;14;;;;Matches
2467;Axel Tapé;fr FRA;MF,DF;Leverkusen;de Bundesliga;18-250;2007;2.5;;1;;;;;;;;;;;1;;;;Matches
2468;Edmond Tapsoba;bf BFA;DF;Leverkusen;de Bundesliga;27-074;1999;23.6;;12;;;;;;;;;;;19;;;;Matches
2469;James Tarkowski;eng ENG;DF;Everton;eng Premier League;33-149;1992;31;;25;;;;;;;;;;;25;;;;Matches
2470;César Tárrega;es ESP;DF;Valencia;es La Liga;24-050;2002;21.9;;20;;;;;;;;;;;17;;;;Matches
2471;Tylel Tati;fr FRA;DF;Nantes;fr Ligue 1;18-088;2008;19.1;;13;;;;;;;;;;;14;;;;Matches
2472;Nuno Tavares;pt POR;DF;Lazio;it Serie A;26-081;2000;13.3;;15;;;;;;;;;;;16;;;;Matches
2473;Marcus Tavernier;eng ENG;MF;Bournemouth;eng Premier League;27-026;1999;24.6;;18;;;;;;;;;;;14;;;;Matches
2474;Kenneth Taylor;nl NED;MF;Lazio;it Serie A;23-336;2002;12.5;;11;;;;;;;;;;;8;;;;Matches
2475;Loum Tchaouna;fr FRA;MF,FW;Burnley;eng Premier League;22-221;2003;9.5;;7;;;;;;;;;;;2;;;;Matches
2476;Jackson Tchatchoua;cm CMR;MF,DF;Wolves;eng Premier League;24-215;2001;19.9;;15;;;;;;;;;;;14;;;;Matches
2477;Aurélien Tchouaméni;fr FRA;MF;Real Madrid;es La Liga;26-080;2000;25;;36;;;;;;;;;;;32;;;;Matches
2478;Mathys Tel;fr FRA;MF,FW;Tottenham Hotspur;eng Premier League;20-355;2005;10.4;;10;;;;;;;;;;;1;;;;Matches
2479;Nathan Tella;ng NGA;MF;Leverkusen;de Bundesliga;26-286;1999;7.1;;4;;;;;;;;;;;2;;;;Matches
2480;Nahuel Tenaglia;ar ARG;DF;Alavés;es La Liga;30-055;1996;29;;32;;;;;;;;;;;37;;;;Matches
2481;Arnau Tenas;es ESP;GK;Villarreal;es La Liga;24-322;2001;3;;1;;;;;;;;;;;0;;;;Matches
2482;Marc-André ter Stegen;de GER;GK;Girona;es La Liga;33-352;1992;2;;0;;;;;;;;;;;0;;;;Matches
2483;Filippo Terracciano;it ITA;DF;Cremonese;it Serie A;23-068;2003;27.5;;19;;;;;;;;;;;46;;;;Matches
2484;Pietro Terracciano;it ITA;GK;Milan;it Serie A;36-040;1990;1.4;;0;;;;;;;;;;;0;;;;Matches
2485;Ramón Terrats;es ESP;MF;Espanyol;es La Liga;25-181;2000;8.3;;12;;;;;;;;;;;9;;;;Matches
2486;Martin Terrier;fr FRA;MF,FW;Leverkusen;de Bundesliga;29-044;1997;7.5;;4;;;;;;;;;;;1;;;;Matches
2487;Tanner Tessmann;us USA;MF;Lyon;fr Ligue 1;24-205;2001;20.9;;20;;;;;;;;;;;12;;;;Matches
2488;Kenny Tete;nl NED;DF;Fulham;eng Premier League;30-190;1995;19.9;;38;;;;;;;;;;;26;;;;Matches
2489;Jordan Teze;nl NED;MF,DF;Monaco;fr Ligue 1;26-199;1999;23.2;;43;;;;;;;;;;;26;;;;Matches
2490;Florian Thauvin;fr FRA;MF;Lens;fr Ligue 1;33-081;1993;24.5;;17;;;;;;;;;;;11;;;;Matches
2491;Arthur Theate;be BEL;DF;Eintracht Frankfurt;de Bundesliga;25-327;2000;21.9;;19;;;;;;;;;;;30;;;;Matches
2492;Igor Thiago;br BRA;FW;Brentford;eng Premier League;24-295;2001;30.5;;17;;;;;;;;;;;9;;;;Matches
2493;Malick Thiaw;de GER;DF;Newcastle United;eng Premier League;24-252;2001;26.9;;27;;;;;;;;;;;26;;;;Matches
2494;Jan Thielmann;de GER;MF,FW;Köln;de Bundesliga;23-326;2002;15.9;;11;;;;;;;;;;;12;;;;Matches
2495;Adrien Thomasson;fr FRA;MF;Lens;fr Ligue 1;32-128;1993;25.5;;44;;;;;;;;;;;17;;;;Matches
2496;Morten Thorsby;no NOR;MF;Genoa;it Serie A;29-347;1996;8.1;;1;;;;;;;;;;;3;;;;Matches
2497;Morten Thorsby;no NOR;MF;Cremonese;it Serie A;29-347;1996;5.4;;5;;;;;;;;;;;2;;;;Matches
2498;Kristian Thorstvedt;no NOR;MF;Sassuolo;it Serie A;27-035;1999;21.3;;13;;;;;;;;;;;25;;;;Matches
2499;Khéphren Thuram;fr FRA;MF;Juventus;it Serie A;25-022;2001;24.3;;30;;;;;;;;;;;12;;;;Matches
2500;Marcus Thuram;fr FRA;FW;Inter;it Serie A;28-254;1997;18.1;;12;;;;;;;;;;;1;;;;Matches
2501;Cheikh Tidiane Sabaly;sn SEN;MF,FW;Metz;fr Ligue 1;27-044;1999;10.7;;13;;;;;;;;;;;3;;;;Matches
2502;Youri Tielemans;be BEL;MF;Aston Villa;eng Premier League;28-345;1997;15.7;;28;;;;;;;;;;;10;;;;Matches
2503;Phillip Tietz;de GER;FW;Augsburg;de Bundesliga;28-282;1997;2.2;;1;;;;;;;;;;;0;;;;Matches
2504;Phillip Tietz;de GER;FW;Mainz 05;de Bundesliga;28-282;1997;13.2;;3;;;;;;;;;;;6;;;;Matches
2505;Malik Tillman;us USA;MF;Leverkusen;de Bundesliga;23-324;2002;17.1;;28;;;;;;;;;;;17;;;;Matches
2506;Jurriën Timber;nl NED;DF;Arsenal;eng Premier League;24-304;2001;27.3;;35;;;;;;;;;;;24;;;;Matches
2507;Quinten Timber;nl NED;MF;Marseille;fr Ligue 1;24-304;2001;9.8;;15;;;;;;;;;;;6;;;;Matches
2508;Jean-Clair Todibo;fr FRA;DF;West Ham United;eng Premier League;26-108;1999;18.9;;24;;;;;;;;;;;16;;;;Matches
2509;Umut Tohumcu;de GER;MF;Hoffenheim;de Bundesliga;21-249;2004;1.5;;1;;;;;;;;;;;0;;;;Matches
2510;Corentin Tolisso;fr FRA;MF;Lyon;fr Ligue 1;31-257;1994;22.2;;18;;;;;;;;;;;15;;;;Matches
2511;Jeremy Toljan;de GER;DF;Levante;es La Liga;31-252;1994;28.9;;34;;;;;;;;;;;26;;;;Matches
2512;Tiago Tomás;pt POR;MF;Stuttgart;de Bundesliga;23-305;2002;9.4;;6;;;;;;;;;;;3;;;;Matches
2513;Fikayo Tomori;eng ENG;DF;Milan;it Serie A;28-119;1997;24.6;;36;;;;;;;;;;;26;;;;Matches
2514;Sandro Tonali;it ITA;MF;Newcastle United;eng Premier League;25-344;2000;23.6;;19;;;;;;;;;;;24;;;;Matches
2515;Keke Topp;de GER;FW;Werder Bremen;de Bundesliga;22-023;2004;7.1;;5;;;;;;;;;;;1;;;;Matches
2516;Pablo Torre;es ESP;MF,FW;Mallorca;es La Liga;23-014;2003;12.4;;9;;;;;;;;;;;7;;;;Matches
2517;Jofre Torrents;es ESP;DF;Barcelona;es La Liga;19-079;2007;0.6;;2;;;;;;;;;;;0;;;;Matches
2518;Ferrán Torres;es ESP;FW;Barcelona;es La Liga;26-047;2000;18.6;;5;;;;;;;;;;;3;;;;Matches
2519;Pau Torres;es ESP;DF;Aston Villa;eng Premier League;29-091;1997;16.4;;12;;;;;;;;;;;11;;;;Matches
2520;Lucas Torró;es ESP;MF;Osasuna;es La Liga;31-272;1994;21.3;;14;;;;;;;;;;;25;;;;Matches
2521;Jordan Torunarigha;de GER;DF;Hamburger SV;de Bundesliga;28-253;1997;17.9;;17;;;;;;;;;;;25;;;;Matches
2522;Alex Tóth;hu HUN;MF;Bournemouth;eng Premier League;20-176;2005;0.9;;0;;;;;;;;;;;2;;;;Matches
2523;Abdoulaye Touré;gn GUI;MF;Le Havre;fr Ligue 1;32-045;1994;8.2;;6;;;;;;;;;;;10;;;;Matches
2524;Alpha Touré;sn SEN;MF;Metz;fr Ligue 1;20-082;2006;16.4;;21;;;;;;;;;;;10;;;;Matches
2525;Bazoumana Touré;ci CIV;MF,FW;Hoffenheim;de Bundesliga;20-046;2006;21.6;;19;;;;;;;;;;;6;;;;Matches
2526;Idrissa Touré;de GER;MF;Pisa;it Serie A;27-353;1998;22.7;;26;;;;;;;;;;;22;;;;Matches
2527;Ousmane Toure;fr FRA;DF;Lille;fr Ligue 1;21-058;2005;0.6;;0;;;;;;;;;;;2;;;;Matches
2528;Lucas Tousart;fr FRA;MF;Brest;fr Ligue 1;28-353;1997;5.9;;11;;;;;;;;;;;7;;;;Matches
2529;James Trafford;eng ENG;GK;Manchester City;eng Premier League;23-189;2002;3;;1;;;;;;;;;;;0;;;;Matches
2530;Mattéo Tramoni;fr FRA;MF,FW;Pisa;it Serie A;26-087;2000;17;;21;;;;;;;;;;;14;;;;Matches
2531;Adama Traoré;es ESP;FW,MF;West Ham United;eng Premier League;30-082;1996;1.2;;0;;;;;;;;;;;0;;;;Matches
2532;Adama Traoré;es ESP;MF;Fulham;eng Premier League;30-082;1996;3;;1;;;;;;;;;;;0;;;;Matches
2533;Bertrand Traoré;bf BFA;MF,FW;Sunderland;eng Premier League;30-223;1995;7;;4;;;;;;;;;;;2;;;;Matches
2534;Boubacar Traoré;ml MLI;MF;Metz;fr Ligue 1;24-240;2001;15.1;;26;;;;;;;;;;;15;;;;Matches
2535;Hamari Traoré;ml MLI;DF;Paris FC;fr Ligue 1;34-080;1992;10.1;;17;;;;;;;;;;;17;;;;Matches
2536;Omar Traoré;de GER;DF,MF;Heidenheim;de Bundesliga;28-072;1998;15.3;;10;;;;;;;;;;;15;;;;Matches
2537;Kevin Trapp;de GER;GK;Paris FC;fr Ligue 1;35-283;1990;18;;0;;;;;;;;;;;1;;;;Matches
2538;Óscar Trejo;ar ARG;FW,MF;Rayo Vallecano;es La Liga;37-356;1988;0.9;;0;;;;;;;;;;;0;;;;Matches
2539;Yael Trepy;;FW;Cagliari;it Serie A;;;1;;0;;;;;;;;;;;0;;;;Matches
2540;Mike Trésor;be BEL;FW,MF;Burnley;eng Premier League;26-324;1999;0.4;;1;;;;;;;;;;;0;;;;Matches
2541;Philipp Treu;de GER;DF,MF;Freiburg;de Bundesliga;25-135;2000;21.3;;23;;;;;;;;;;;5;;;;Matches
2542;Christopher Trimmel;at AUT;MF,DF;Union Berlin;de Bundesliga;39-052;1987;17.1;;21;;;;;;;;;;;7;;;;Matches
2543;Kieran Trippier;eng ENG;DF;Newcastle United;eng Premier League;35-210;1990;16.2;;11;;;;;;;;;;;7;;;;Matches
2544;Mariano Troilo;ar ARG;DF;Parma;it Serie A;22-299;2003;12.1;;13;;;;;;;;;;;10;;;;Matches
2545;Leandro Trossard;be BEL;FW,MF;Arsenal;eng Premier League;31-134;1994;19;;14;;;;;;;;;;;8;;;;Matches
2546;Adrien Truffert;fr FRA;DF;Bournemouth;eng Premier League;24-148;2001;31.5;;44;;;;;;;;;;;39;;;;Matches
2547;Kostas Tsimikas;gr GRE;MF;Roma;it Serie A;29-340;1996;7;;5;;;;;;;;;;;8;;;;Matches
2548;Heorhii Tsitaishvili;ge GEO;MF;Metz;fr Ligue 1;25-150;2000;23.2;;11;;;;;;;;;;;12;;;;Matches
2549;Viktor Tsyhankov;ua UKR;MF;Girona;es La Liga;28-153;1997;22.3;;17;;;;;;;;;;;16;;;;Matches
2550;Axel Tuanzebe;cd COD;DF;Burnley;eng Premier League;28-154;1997;10.3;;6;;;;;;;;;;;9;;;;Matches
2551;Kareem Tunde;es ESP;MF;Levante;es La Liga;20-241;2005;10.4;;11;;;;;;;;;;;12;;;;Matches
2552;Stefano Turati;it ITA;GK;Sassuolo;it Serie A;24-224;2001;1;;0;;;;;;;;;;;0;;;;Matches
2553;Beñat Turrientes;es ESP;MF;Real Sociedad;es La Liga;24-076;2002;11.4;;22;;;;;;;;;;;6;;;;Matches
2554;Stefanos Tzimas;gr GRE;FW;Brighton;eng Premier League;20-101;2006;1.5;;1;;;;;;;;;;;0;;;;Matches
2555;Christantus Uche;ng NGA;FW;Crystal Palace;eng Premier League;22-333;2003;1.9;;1;;;;;;;;;;;0;;;;Matches
2556;Christantus Uche;ng NGA;FW;Getafe;es La Liga;22-333;2003;3;;2;;;;;;;;;;;0;;;;Matches
2557;Destiny Udogie;it ITA;DF,MF;Tottenham Hotspur;eng Premier League;23-140;2002;10.4;;12;;;;;;;;;;;4;;;;Matches
2558;Matthieu Udol;fr FRA;MF,DF;Lens;fr Ligue 1;30-028;1996;27.9;;15;;;;;;;;;;;45;;;;Matches
2559;Manuel Ugarte;uy URU;MF;Manchester Utd;eng Premier League;25-006;2001;9.9;;30;;;;;;;;;;;20;;;;Matches
2560;Lesley Ugochukwu;fr FRA;MF;Burnley;eng Premier League;22-022;2004;22.7;;25;;;;;;;;;;;14;;;;Matches
2561;Filip Ugrinic;ch SUI;MF;Valencia;es La Liga;27-102;1999;12.8;;11;;;;;;;;;;;8;;;;Matches
2562;Lukas Ullrich;de GER;DF,MF;Gladbach;de Bundesliga;22-032;2004;12.8;;14;;;;;;;;;;;20;;;;Matches
2563;Sven Ulreich;de GER;GK;Bayern Munich;de Bundesliga;37-257;1988;1;;0;;;;;;;;;;;0;;;;Matches
2564;Enes Ünal;tr TUR;FW;Bournemouth;eng Premier League;28-342;1997;2.1;;1;;;;;;;;;;;0;;;;Matches
2565;Deniz Undav;de GER;FW,MF;Stuttgart;de Bundesliga;29-272;1996;21.2;;12;;;;;;;;;;;4;;;;Matches
2566;Dayot Upamecano;fr FRA;DF;Bayern Munich;de Bundesliga;27-172;1998;18.4;;24;;;;;;;;;;;20;;;;Matches
2567;Jan Urbich;de GER;DF;Gladbach;de Bundesliga;21-298;2004;0.4;;0;;;;;;;;;;;0;;;;Matches
2568;Jonas Urbig;de GER;GK;Bayern Munich;de Bundesliga;22-252;2003;8;;0;;;;;;;;;;;0;;;;Matches
2569;Can Uzun;tr TUR;MF;Eintracht Frankfurt;de Bundesliga;20-157;2005;9.1;;7;;;;;;;;;;;2;;;;Matches
2570;Josha Vagnoman;de GER;DF,MF;Stuttgart;de Bundesliga;25-127;2000;15.8;;18;;;;;;;;;;;3;;;;Matches
2571;Victor Valdepeñas;es ESP;DF;Real Madrid;es La Liga;19-179;2006;0.9;;3;;;;;;;;;;;0;;;;Matches
2572;Hákon Valdimarsson;is ISL;GK;Brentford;eng Premier League;24-186;2001;1;;0;;;;;;;;;;;0;;;;Matches
2573;Lautaro Valenti;ar ARG;DF;Parma;it Serie A;27-093;1999;22.4;;26;;;;;;;;;;;25;;;;Matches
2574;Óscar Valentín;es ESP;MF;Rayo Vallecano;es La Liga;31-240;1994;19.3;;33;;;;;;;;;;;21;;;;Matches
2575;Nicolás Valentini;ar ARG;DF;Hellas Verona;it Serie A;25-011;2001;11.7;;12;;;;;;;;;;;11;;;;Matches
2576;Germán Valera;es ESP;MF,DF;Elche;es La Liga;24-032;2002;26.5;;34;;;;;;;;;;;16;;;;Matches
2577;Emanuele Valeri;it ITA;MF,DF;Parma;it Serie A;27-131;1998;24.6;;30;;;;;;;;;;;16;;;;Matches
2578;Martin Valjent;sk SVK;DF;Mallorca;es La Liga;30-127;1995;30;;24;;;;;;;;;;;18;;;;Matches
2579;Álex Valle;es ESP;DF;Como;it Serie A;21-357;2004;20.2;;28;;;;;;;;;;;23;;;;Matches
2580;Álvaro Vallés;es ESP;GK;Real Betis;es La Liga;28-266;1997;22;;0;;;;;;;;;;;0;;;;Matches
2581;Federico Valverde;uy URU;MF,DF;Real Madrid;es La Liga;27-269;1998;26.4;;23;;;;;;;;;;;21;;;;Matches
2582;Ignace Van Der Brempt;be BEL;DF,MF;Como;it Serie A;24-016;2002;9.2;;8;;;;;;;;;;;8;;;;Matches
2583;Virgil van Dijk;nl NED;DF;Liverpool;eng Premier League;34-283;1991;32;;15;;;;;;;;;;;19;;;;Matches
2584;Vladyslav Vanat;ua UKR;FW;Girona;es La Liga;24-103;2002;21.6;;3;;;;;;;;;;;3;;;;Matches
2585;Jari Vandeputte;be BEL;MF;Cremonese;it Serie A;30-062;1996;18.7;;20;;;;;;;;;;;18;;;;Matches
2586;Vanderson;br BRA;DF,MF;Monaco;fr Ligue 1;24-300;2001;6.8;;13;;;;;;;;;;;19;;;;Matches
2587;Maarten Vandevoordt;be BEL;GK;RB Leipzig;de Bundesliga;24-050;2002;7.7;;0;;;;;;;;;;;0;;;;Matches
2588;Charles Vanhoutte;be BEL;MF;Nice;fr Ligue 1;27-213;1998;19.2;;26;;;;;;;;;;;21;;;;Matches
2589;Jamie Vardy;eng ENG;FW;Cremonese;it Serie A;39-096;1987;20.3;;9;;;;;;;;;;;3;;;;Matches
2590;Obed Vargas;mx MEX;MF;Atlético Madrid;es La Liga;20-255;2005;3.4;;8;;;;;;;;;;;2;;;;Matches
2591;Ruben Vargas;ch SUI;MF,FW;Sevilla;es La Liga;27-255;1998;12.7;;11;;;;;;;;;;;6;;;;Matches
2592;Nikola Vasilj;ba BIH;GK;St Pauli;de Bundesliga;30-136;1995;29;;1;;;;;;;;;;;1;;;;Matches
2593;Johan Vásquez;mx MEX;DF;Genoa;it Serie A;27-177;1998;31.7;;31;;;;;;;;;;;42;;;;Matches
2594;Denis Vavro;sk SVK;DF;Wolfsburg;de Bundesliga;30-007;1996;8.1;;5;;;;;;;;;;;9;;;;Matches
2595;José Luis García Vayá;es ESP;MF;Valencia;es La Liga;27-249;1998;19.1;;25;;;;;;;;;;;15;;;;Matches
2596;Robinio Vaz;fr FRA;FW;Marseille;fr Ligue 1;19-059;2007;4.2;;4;;;;;;;;;;;3;;;;Matches
2597;Robinio Vaz;fr FRA;FW;Roma;it Serie A;19-059;2007;1.7;;0;;;;;;;;;;;2;;;;Matches
2598;Franco Vázquez;ar ARG;FW,MF;Cremonese;it Serie A;37-054;1989;5.8;;12;;;;;;;;;;;4;;;;Matches
2599;Jesus Vazquez;es ESP;DF,MF;Valencia;es La Liga;23-105;2003;8.4;;8;;;;;;;;;;;2;;;;Matches
2600;Lucas Vázquez;es ESP;MF;Leverkusen;de Bundesliga;34-290;1991;4.6;;4;;;;;;;;;;;2;;;;Matches
2601;Luis Vázquez;ar ARG;FW;Getafe;es La Liga;24-358;2001;9.2;;3;;;;;;;;;;;4;;;;Matches
2602;Matías Vecino;uy URU;MF;Lazio;it Serie A;34-236;1991;6.7;;9;;;;;;;;;;;7;;;;Matches
2603;Matías Vecino;uy URU;MF;Celta Vigo;es La Liga;34-236;1991;1.3;;5;;;;;;;;;;;2;;;;Matches
2604;Danilo Veiga;pt POR;DF;Lecce;it Serie A;23-204;2002;27.9;;47;;;;;;;;;;;25;;;;Matches
2605;Renato Veiga;pt POR;DF;Villarreal;es La Liga;22-262;2003;22.6;;6;;;;;;;;;;;25;;;;Matches
2606;Joël Veltman;nl NED;DF;Brighton;eng Premier League;34-092;1992;9.5;;17;;;;;;;;;;;18;;;;Matches
2607;Micky van de Ven;nl NED;DF;Tottenham Hotspur;eng Premier League;24-363;2001;27.8;;16;;;;;;;;;;;20;;;;Matches
2608;Unai Vencedor Paris;es ESP;MF;Levante;es La Liga;25-153;2000;9;;13;;;;;;;;;;;4;;;;Matches
2609;Lorenzo Venturino;it ITA;FW;Genoa;it Serie A;19-299;2006;0.4;;0;;;;;;;;;;;0;;;;Matches
2610;Lorenzo Venturino;it ITA;MF;Roma;it Serie A;19-299;2006;1.8;;0;;;;;;;;;;;0;;;;Matches
2611;Nikolas Veratschnig;at AUT;MF,DF;Mainz 05;de Bundesliga;23-083;2003;6.4;;10;;;;;;;;;;;9;;;;Matches
2612;Bart Verbruggen;nl NED;GK;Brighton;eng Premier League;23-242;2002;32;;1;;;;;;;;;;;0;;;;Matches
2613;Calvin Verdonk;id IDN;DF;Lille;fr Ligue 1;28-356;1997;8.1;;9;;;;;;;;;;;15;;;;Matches
2614;Antonio Vergara;it ITA;MF;Napoli;it Serie A;23-091;2003;6.7;;9;;;;;;;;;;;4;;;;Matches
2615;Arthur Vermeeren;be BEL;MF;Marseille;fr Ligue 1;21-069;2005;7.1;;8;;;;;;;;;;;6;;;;Matches
2616;Ioan Vermeșan;ro ROU;FW;Hellas Verona;it Serie A;19-181;2006;0.1;;0;;;;;;;;;;;0;;;;Matches
2617;Jozhua Vertrouwd;nl NED;DF;Rayo Vallecano;es La Liga;21-239;2004;3.1;;2;;;;;;;;;;;3;;;;Matches
2618;Mikel Vesga;es ESP;MF;Athletic Club;es La Liga;32-331;1993;4.6;;10;;;;;;;;;;;9;;;;Matches
2619;Guglielmo Vicario;it ITA;GK;Tottenham Hotspur;eng Premier League;29-192;1996;31;;1;;;;;;;;;;;0;;;;Matches
2620;Carlos Vicente;es ESP;MF;Alavés;es La Liga;26-359;1999;14;;18;;;;;;;;;;;7;;;;Matches
2621;Nacho Vidal;es ESP;DF;Oviedo;es La Liga;31-083;1995;19.5;;25;;;;;;;;;;;22;;;;Matches
2622;Fabio Vieira;pt POR;MF,FW;Hamburger SV;de Bundesliga;25-322;2000;19.7;;5;;;;;;;;;;;12;;;;Matches
2623;Julián Vignolo;ar ARG;MF;Toulouse;fr Ligue 1;19-131;2006;2.2;;3;;;;;;;;;;;0;;;;Matches
2624;Gonzalo Villar;es ESP;MF;Elche;es La Liga;28-025;1998;1.6;;3;;;;;;;;;;;0;;;;Matches
2625;Federico Viñas;uy URU;FW,MF;Oviedo;es La Liga;27-291;1998;21.4;;27;;;;;;;;;;;10;;;;Matches
2626;Jan Virgili;es ESP;MF,FW;Mallorca;es La Liga;19-265;2006;16.6;;9;;;;;;;;;;;6;;;;Matches
2627;Mattia Viti;it ITA;MF,DF;Fiorentina;it Serie A;24-083;2002;2.9;;4;;;;;;;;;;;3;;;;Matches
2628;Martin Vitík;cz CZE;DF;Bologna;it Serie A;23-086;2003;14.6;;22;;;;;;;;;;;8;;;;Matches
2629;Vitinha;pt POR;MF;Paris Saint-Germain;fr Ligue 1;26-063;2000;21.9;;19;;;;;;;;;;;24;;;;Matches
2630;Vitinha;pt POR;FW,MF;Genoa;it Serie A;26-033;2000;20.6;;25;;;;;;;;;;;11;;;;Matches
2631;Daniel Vivian;es ESP;DF;Athletic Club;es La Liga;26-276;1999;25.3;;34;;;;;;;;;;;33;;;;Matches
2632;Odysseas Vlachodimos;gr GRE;GK;Sevilla;es La Liga;31-356;1994;27;;0;;;;;;;;;;;1;;;;Matches
2633;Dušan Vlahović;rs SRB;FW;Juventus;it Serie A;26-079;2000;7.7;;3;;;;;;;;;;;2;;;;Matches
2634;Nikola Vlašić;hr CRO;MF,FW;Torino;it Serie A;28-195;1997;28;;36;;;;;;;;;;;19;;;;Matches
2635;Mërgim Vojvoda;xk KVX;MF,DF;Como;it Serie A;31-075;1995;16.5;;4;;;;;;;;;;;13;;;;Matches
2636;Cristian Volpato;it ITA;FW,MF;Sassuolo;it Serie A;22-153;2003;9.1;;8;;;;;;;;;;;3;;;;Matches
2637;Alexis Vossah;fr FRA;MF;Toulouse;fr Ligue 1;18-037;2008;8.9;;5;;;;;;;;;;;5;;;;Matches
2638;Aster Vranckx;be BEL;MF;Sassuolo;it Serie A;23-195;2002;7.6;;8;;;;;;;;;;;0;;;;Matches
2639;Stefan de Vrij;nl NED;DF;Inter;it Serie A;34-071;1992;4.6;;7;;;;;;;;;;;1;;;;Matches
2640;İsak Vural;tr TUR;MF;Pisa;it Serie A;19-324;2006;4.8;;3;;;;;;;;;;;2;;;;Matches
2641;Luka Vušković;hr CRO;DF;Hamburger SV;de Bundesliga;19-052;2007;25;;16;;;;;;;;;;;31;;;;Matches
2642;Yannik Wagner;de GER;FW;Heidenheim;de Bundesliga;18-343;2007;0.5;;0;;;;;;;;;;;0;;;;Matches
2643;Elye Wahi;ci CIV;FW;Nice;fr Ligue 1;23-105;2003;7.1;;2;;;;;;;;;;;2;;;;Matches
2644;Elye Wahi;ci CIV;FW;Eintracht Frankfurt;de Bundesliga;23-105;2003;3.6;;1;;;;;;;;;;;0;;;;Matches
2645;Hauke Wahl;de GER;DF;St Pauli;de Bundesliga;32-002;1994;24.5;;30;;;;;;;;;;;24;;;;Matches
2646;Luca Waldschmidt;de GER;FW,MF;Köln;de Bundesliga;29-333;1996;6.1;;3;;;;;;;;;;;2;;;;Matches
2647;Kyle Walker;eng ENG;DF,MF;Burnley;eng Premier League;35-324;1990;28.4;;24;;;;;;;;;;;36;;;;Matches
2648;Kyle Walker-Peters;eng ENG;DF;West Ham United;eng Premier League;29-004;1997;11.7;;26;;;;;;;;;;;8;;;;Matches
2649;Sebastian Walukiewicz;pl POL;DF;Sassuolo;it Serie A;26-012;2000;27.7;;30;;;;;;;;;;;21;;;;Matches
2650;Aaron Wan-Bissaka;cd COD;DF,MF;West Ham United;eng Premier League;28-142;1997;21.1;;21;;;;;;;;;;;39;;;;Matches
2651;James Ward-Prowse;eng ENG;MF;West Ham United;eng Premier League;31-167;1994;4.6;;2;;;;;;;;;;;6;;;;Matches
2652;James Ward-Prowse;eng ENG;MF;Burnley;eng Premier League;31-167;1994;4.5;;3;;;;;;;;;;;9;;;;Matches
2653;Ollie Watkins;eng ENG;FW;Aston Villa;eng Premier League;30-108;1995;26.4;;12;;;;;;;;;;;5;;;;Matches
2654;Tom Watson;eng ENG;MF;Brighton;eng Premier League;20-009;2006;0.7;;1;;;;;;;;;;;0;;;;Matches
2655;Timothy Weah;us USA;MF,DF;Marseille;fr Ligue 1;26-054;2000;22.6;;31;;;;;;;;;;;12;;;;Matches
2656;Tobias Weigel;de GER;FW;Heidenheim;de Bundesliga;18-356;2007;0;;0;;;;;;;;;;;0;;;;Matches
2657;Nelson Weiper;de GER;FW;Mainz 05;de Bundesliga;21-031;2005;5.8;;2;;;;;;;;;;;3;;;;Matches
2658;Danny Welbeck;eng ENG;FW;Brighton;eng Premier League;35-142;1990;21.1;;11;;;;;;;;;;;8;;;;Matches
2659;Timo Werner;de GER;FW,MF;RB Leipzig;de Bundesliga;30-042;1996;0.2;;0;;;;;;;;;;;0;;;;Matches
2660;Wesley;br BRA;MF;Real Sociedad;es La Liga;21-043;2005;0.7;;0;;;;;;;;;;;0;;;;Matches
2661;Wesley;br BRA;MF;Roma;it Serie A;22-223;2003;23.4;;39;;;;;;;;;;;18;;;;Matches
2662;Adam Wharton;eng ENG;MF;Crystal Palace;eng Premier League;22-070;2004;24.3;;33;;;;;;;;;;;22;;;;Matches
2663;Ben White;eng ENG;DF;Arsenal;eng Premier League;28-191;1997;5.4;;9;;;;;;;;;;;6;;;;Matches
2664;Silvan Widmer;ch SUI;MF;Mainz 05;de Bundesliga;33-043;1993;17.5;;25;;;;;;;;;;;16;;;;Matches
2665;Mats Wieffer;nl NED;DF;Brighton;eng Premier League;26-152;1999;18.5;;41;;;;;;;;;;;23;;;;Matches
2666;Iñaki Williams;gh GHA;MF,FW;Athletic Club;es La Liga;31-306;1994;18.5;;7;;;;;;;;;;;4;;;;Matches
2667;Neco Williams;wls WAL;DF;Nottingham Forest;eng Premier League;25-004;2001;30.1;;53;;;;;;;;;;;36;;;;Matches
2668;Nico Williams;es ESP;MF;Athletic Club;es La Liga;23-279;2002;15.8;;7;;;;;;;;;;;6;;;;Matches
2669;Estêvão Willian;br BRA;MF;Chelsea;eng Premier League;18-358;2007;9.3;;6;;;;;;;;;;;4;;;;Matches
2670;Joe Willock;eng ENG;MF;Newcastle United;eng Premier League;26-240;1999;7.8;;15;;;;;;;;;;;4;;;;Matches
2671;Callum Wilson;eng ENG;FW,MF;West Ham United;eng Premier League;34-049;1992;11.8;;1;;;;;;;;;;;3;;;;Matches
2672;Harry Wilson;wls WAL;MF;Fulham;eng Premier League;29-026;1997;26;;16;;;;;;;;;;;15;;;;Matches
2673;Patrick Wimmer;at AUT;MF;Wolfsburg;de Bundesliga;24-322;2001;14.8;;14;;;;;;;;;;;18;;;;Matches
2674;Jonas Wind;dk DEN;FW;Wolfsburg;de Bundesliga;27-069;1999;5.3;;0;;;;;;;;;;;0;;;;Matches
2675;Ben Winterburn;eng ENG;MF;Bournemouth;eng Premier League;21-225;2004;0.1;;0;;;;;;;;;;;0;;;;Matches
2676;Florian Wirtz;de GER;MF;Liverpool;eng Premier League;22-349;2003;23;;24;;;;;;;;;;;10;;;;Matches
2677;Yoane Wissa;cd COD;FW;Newcastle United;eng Premier League;29-226;1996;4.8;;3;;;;;;;;;;;0;;;;Matches
2678;Axel Witsel;be BEL;MF;Girona;es La Liga;37-095;1989;22.2;;20;;;;;;;;;;;25;;;;Matches
2679;Marius Wolf;de GER;MF,FW;Augsburg;de Bundesliga;30-325;1995;9.4;;7;;;;;;;;;;;11;;;;Matches
2680;Nick Woltemade;de GER;MF;Stuttgart;de Bundesliga;24-062;2002;1;;0;;;;;;;;;;;0;;;;Matches
2681;Nick Woltemade;de GER;FW,MF;Newcastle United;eng Premier League;24-062;2002;18.6;;12;;;;;;;;;;;4;;;;Matches
2682;Jeong Woo-yeong;kr KOR;MF,FW;Union Berlin;de Bundesliga;26-209;1999;12.7;;7;;;;;;;;;;;8;;;;Matches
2683;Chris Wood;nz NZL;FW;Nottingham Forest;eng Premier League;34-131;1991;6.3;;1;;;;;;;;;;;0;;;;Matches
2684;Christopher Wooh;cm CMR;DF;Rennes;fr Ligue 1;24-211;2001;0.7;;0;;;;;;;;;;;0;;;;Matches
2685;Joe Worrall;eng ENG;DF;Burnley;eng Premier League;29-097;1997;5.6;;2;;;;;;;;;;;6;;;;Matches
2686;Daniel Xavier Semedo;fr FRA;MF;Lorient;fr Ligue 1;22-174;2003;0.1;;0;;;;;;;;;;;1;;;;Matches
2687;Granit Xhaka;ch SUI;MF;Sunderland;eng Premier League;33-202;1992;26.3;;27;;;;;;;;;;;23;;;;Matches
2688;Lamine Yamal;es ESP;MF,FW;Barcelona;es La Liga;18-278;2007;24.6;;20;;;;;;;;;;;8;;;;Matches
2689;Daniel Yáñez;es ESP;MF;Real Madrid;es La Liga;19-020;2007;0.4;;1;;;;;;;;;;;0;;;;Matches
2690;Roman Yaremchuk;ua UKR;FW;Lyon;fr Ligue 1;30-141;1995;3.2;;0;;;;;;;;;;;0;;;;Matches
2691;Yehor Yarmoliuk;ua UKR;MF;Brentford;eng Premier League;22-047;2004;24.7;;37;;;;;;;;;;;25;;;;Matches
2692;Gessime Yassine;ma MAR;MF;Strasbourg;fr Ligue 1;20-146;2005;2.9;;7;;;;;;;;;;;1;;;;Matches
2693;Ryan Yates;eng ENG;MF;Nottingham Forest;eng Premier League;28-147;1997;4.6;;8;;;;;;;;;;;6;;;;Matches
2694;Terry Yegbe;gh GHA;DF;Metz;fr Ligue 1;25-082;2001;17;;6;;;;;;;;;;;15;;;;Matches
2695;Bertuğ Yıldırım;tr TUR;FW;Rennes;fr Ligue 1;23-279;2002;0;;0;;;;;;;;;;;0;;;;Matches
2696;Kenan Yıldız;tr TUR;MF,FW;Juventus;it Serie A;20-348;2005;28.2;;7;;;;;;;;;;;7;;;;Matches
2697;Darlin Yongwa;cm CMR;DF,MF;Lorient;fr Ligue 1;25-207;2000;13.5;;22;;;;;;;;;;;9;;;;Matches
2698;Leny Yoro;fr FRA;DF;Manchester Utd;eng Premier League;20-155;2005;18.9;;19;;;;;;;;;;;30;;;;Matches
2699;Ali Yousuf;ly LBY;DF;Nantes;fr Ligue 1;24-282;2001;7.4;;5;;;;;;;;;;;13;;;;Matches
2700;Etienne Youte Kinkoue;fr FRA;DF,MF;Le Havre;fr Ligue 1;24-093;2002;3.6;;3;;;;;;;;;;;0;;;;Matches
2701;Illia Zabarnyi;ua UKR;DF;Paris Saint-Germain;fr Ligue 1;23-228;2002;20.5;;15;;;;;;;;;;;15;;;;Matches
2702;Yassir Zabiri;ma MAR;MF;Rennes;fr Ligue 1;21-053;2005;0.3;;1;;;;;;;;;;;0;;;;Matches
2703;Mattia Zaccagni;it ITA;FW;Lazio;it Serie A;30-305;1995;22.1;;20;;;;;;;;;;;20;;;;Matches
2704;Yvan Zaddy;ci CIV;MF;Auxerre;fr Ligue 1;19-351;2006;0;;0;;;;;;;;;;;0;;;;Matches
2705;Dan-Axel Zagadou;fr FRA;DF;Stuttgart;de Bundesliga;26-318;1999;1.8;;4;;;;;;;;;;;3;;;;Matches
2706;Stephan Zagadou;fr FRA;DF;Le Havre;fr Ligue 1;17-175;2008;5.5;;5;;;;;;;;;;;1;;;;Matches
2707;Warren Zaïre-Emery;fr FRA;DF,MF;Paris Saint-Germain;fr Ligue 1;20-040;2006;24.5;;27;;;;;;;;;;;11;;;;Matches
2708;Denis Zakaria;ch SUI;MF,DF;Monaco;fr Ligue 1;29-148;1996;17.6;;17;;;;;;;;;;;31;;;;Matches
2709;Arsen Zakharyan;ru RUS;MF;Real Sociedad;es La Liga;22-326;2003;4.5;;5;;;;;;;;;;;0;;;;Matches
2710;Nicola Zalewski;pl POL;MF;Atalanta;it Serie A;24-084;2002;17.5;;16;;;;;;;;;;;10;;;;Matches
2711;Andre-Frank Zambo Anguissa;cm CMR;MF;Napoli;it Serie A;30-152;1995;13.1;;14;;;;;;;;;;;13;;;;Matches
2712;Nicolò Zaniolo;it ITA;FW,MF;Udinese;it Serie A;26-289;1999;21.2;;18;;;;;;;;;;;4;;;;Matches
2713;Alessandro Zanoli;it ITA;MF;Udinese;it Serie A;25-196;2000;14.2;;18;;;;;;;;;;;7;;;;Matches
2714;Duván Zapata;co COL;FW;Torino;it Serie A;35-016;1991;10.4;;2;;;;;;;;;;;1;;;;Matches
2715;Gabriele Zappa;it ITA;DF;Cagliari;it Serie A;26-116;1999;15.2;;17;;;;;;;;;;;16;;;;Matches
2716;Davide Zappacosta;it ITA;MF;Atalanta;it Serie A;33-310;1992;23.9;;12;;;;;;;;;;;17;;;;Matches
2717;Bryan Zaragoza;es ESP;MF;Roma;it Serie A;24-220;2001;1.5;;1;;;;;;;;;;;0;;;;Matches
2718;Bryan Zaragoza;es ESP;FW,MF;Celta Vigo;es La Liga;24-220;2001;12.6;;5;;;;;;;;;;;2;;;;Matches
2719;Oier Zarraga;es ESP;MF;Udinese;it Serie A;27-103;1999;4.6;;4;;;;;;;;;;;7;;;;Matches
2720;Nils Zätterström;se SWE;DF;Genoa;it Serie A;21-019;2005;0;;0;;;;;;;;;;;0;;;;Matches
2721;Aaron Zehnter;de GER;DF;Wolfsburg;de Bundesliga;21-168;2004;14.4;;10;;;;;;;;;;;16;;;;Matches
2722;Jordan Zemura;zw ZIM;MF,DF;Udinese;it Serie A;26-154;1999;11.3;;17;;;;;;;;;;;6;;;;Matches
2723;Robin Zentner;de GER;GK;Mainz 05;de Bundesliga;31-171;1994;8.7;;0;;;;;;;;;;;0;;;;Matches
2724;Alessio Zerbin;it ITA;MF;Cremonese;it Serie A;27-045;1999;15.9;;19;;;;;;;;;;;3;;;;Matches
2725;Cedric Zesiger;ch SUI;DF;Augsburg;de Bundesliga;27-297;1998;15.2;;20;;;;;;;;;;;12;;;;Matches
2726;Michael Zetterer;de GER;GK;Eintracht Frankfurt;de Bundesliga;30-279;1995;17;;0;;;;;;;;;;;0;;;;Matches
2727;Edon Zhegrova;xk KVX;MF;Juventus;it Serie A;27-017;1999;3.3;;3;;;;;;;;;;;0;;;;Matches
2728;Piotr Zieliński;pl POL;MF;Inter;it Serie A;31-332;1994;19.5;;15;;;;;;;;;;;7;;;;Matches
2729;Oleksandr Zinchenko;ua UKR;DF;Nottingham Forest;eng Premier League;29-123;1996;3.9;;6;;;;;;;;;;;2;;;;Matches
2730;Melvin Zinga;fr FRA;GK;Angers;fr Ligue 1;24-032;2002;2;;1;;;;;;;;;;;0;;;;Matches
2731;Jan Ziółkowski;pl POL;DF;Roma;it Serie A;20-316;2005;5.3;;14;;;;;;;;;;;7;;;;Matches
2732;Joshua Zirkzee;nl NED;FW,MF;Manchester Utd;eng Premier League;24-330;2001;5.8;;5;;;;;;;;;;;1;;;;Matches
2733;Budu Zivzivadze;ge GEO;FW;Heidenheim;de Bundesliga;32-038;1994;8.4;;6;;;;;;;;;;;1;;;;Matches
2734;Luck Zogbé;ci CIV;DF;Brest;fr Ligue 1;21-024;2005;1.2;;3;;;;;;;;;;;2;;;;Matches
2735;Nadir Zortea;it ITA;DF;Bologna;it Serie A;26-302;1999;18.1;;16;;;;;;;;;;;18;;;;Matches
2736;Yanis Zouaoui;dz ALG;DF,MF;Le Havre;fr Ligue 1;27-356;1998;22.4;;23;;;;;;;;;;;23;;;;Matches
2737;Igor Zubeldia;es ESP;DF;Real Sociedad;es La Liga;29-018;1997;21.1;;18;;;;;;;;;;;22;;;;Matches
2738;Martín Zubimendi;es ESP;MF;Arsenal;eng Premier League;27-074;1999;29.7;;33;;;;;;;;;;;36;;;;Matches
2739;Martin Ødegaard;no NOR;MF;Arsenal;eng Premier League;27-121;1998;12;;7;;;;;;;;;;;7;;;;Matches
2740;Luka Đurić;rs SRB;MF;Hoffenheim;de Bundesliga;22-303;2003;0.1;;0;;;;;;;;;;;0;;;;Matches
2741;Milan Đurić;ba BIH;FW;Cremonese;it Serie A;35-330;1990;4.2;;0;;;;;;;;;;;0;;;;Matches
2742;Milan Đurić;ba BIH;FW;Parma;it Serie A;35-330;1990;0.8;;0;;;;;;;;;;;0;;;;
