Rk;Player;Nation;Pos;Squad;Comp;Age;Born;MP;Starts;Min;90s;Gls;Ast;G+A;G-PK;PK;PKatt;CrdY;CrdR;Gls;Ast;G+A;G-PK;G+A-PK;Matches
1;Brenden Aaronson;us USA;MF,FW;Leeds United;eng Premier League;25-156;2000;30;24;1,975;21.9;4;3;7;4;0;0;1;0;0.18;0.14;0.32;0.18;0.32;Matches
2;Zach Abbott;eng ENG;DF;Nottingham Forest;eng Premier League;19-318;2006;2;1;120;1.3;0;0;0;0;0;0;0;0;0;0;0;0;0;Matches
3;Jones El-Abdellaoui;ma MAR;MF,FW;Celta Vigo;es La Liga;20-074;2006;19;4;593;6.6;2;0;2;2;0;0;0;0;0.3;0;0.3;0.3;0.3;Matches
4;Himad Abdelli;dz ALG;FW,MF;Marseille;fr Ligue 1;26-130;1999;4;0;67;0.7;0;0;0;0;0;0;1;0;0;0;0;0;0;Matches
5;Himad Abdelli;dz ALG;MF;Angers;fr Ligue 1;26-130;1999;13;11;943;10.5;2;0;2;0;2;2;1;0;0.19;0;0.19;0;0;Matches
6;Ali Abdi;tn TUN;DF,MF;Nice;fr Ligue 1;32-097;1993;16;11;928;10.3;1;0;1;1;0;0;4;1;0.1;0;0.1;0.1;0.1;Matches
7;Salis Abdul Samed;gh GHA;MF;Nice;fr Ligue 1;26-001;2000;14;9;663;7.4;0;0;0;0;0;0;3;0;0;0;0;0;0;Matches
8;Saud Abdulhamid;sa KSA;MF;Lens;fr Ligue 1;26-252;1999;20;10;1,008;11.2;1;3;4;1;0;0;2;0;0.09;0.27;0.36;0.09;0.36;Matches
9;Tay Abed;il ISR;MF;Levante;es La Liga;22-019;2004;3;0;30;0.3;0;0;0;0;0;0;0;0;0;0;0;0;0;Matches
10;Laurent Abergel;fr FRA;MF;Lorient;fr Ligue 1;33-054;1993;23;23;1,982;22;1;0;1;1;0;0;6;0;0.05;0;0.05;0.05;0.05;Matches
11;Matthis Abline;fr FRA;FW,MF;Nantes;fr Ligue 1;22-364;2003;25;21;1,992;22.1;5;3;8;5;0;1;5;0;0.23;0.14;0.36;0.23;0.36;Matches
12;Abner;br BRA;DF,MF;Lyon;fr Ligue 1;25-304;2000;19;18;1,521;16.9;3;0;3;3;0;0;4;1;0.18;0;0.18;0.18;0.18;Matches
13;Zakaria Aboukhlal;ma MAR;MF;Torino;it Serie A;26-037;2000;15;6;511;5.7;0;0;0;0;0;0;4;0;0;0;0;0;0;Matches
14;Abdel Abqar;ma MAR;DF;Getafe;es La Liga;27-017;1999;16;12;1,003;11.1;0;2;2;0;0;0;7;1;0;0.18;0.18;0;0.18;Matches
15;Tammy Abraham;eng ENG;FW;Aston Villa;eng Premier League;28-176;1997;8;1;202;2.2;1;0;1;1;0;0;0;0;0.45;0;0.45;0.45;0.45;Matches
16;Francis Abu;gh GHA;MF;Toulouse;fr Ligue 1;24-334;2001;8;7;526;5.8;0;0;0;0;0;0;2;0;0;0;0;0;0;Matches
17;Giorgi Abuashvili;ge GEO;MF,FW;Metz;fr Ligue 1;23-047;2003;18;5;543;6;2;0;2;2;0;0;1;0;0.33;0;0.33;0.33;0.33;Matches
18;Mathieu Acapandié;mg MAD;DF;Nantes;fr Ligue 1;21-103;2004;1;0;13;0.1;0;0;0;0;0;0;0;0;0;0;0;0;0;Matches
19;Francesco Acerbi;it ITA;DF;Inter;it Serie A;38-045;1988;14;11;1,018;11.3;0;1;1;0;0;0;2;0;0;0.09;0.09;0;0.09;Matches
20;Ragnar Ache;de GER;FW;Köln;de Bundesliga;27-242;1998;26;15;1,512;16.8;6;3;9;6;0;0;2;0;0.36;0.18;0.54;0.36;0.54;Matches
21;Joshua Acheampong;eng ENG;DF;Chelsea;eng Premier League;19-326;2006;12;7;573;6.4;1;0;1;1;0;0;1;0;0.16;0;0.16;0.16;0.16;Matches
22;Akor Adams;ng NGA;FW;Sevilla;es La Liga;26-057;2000;24;16;1,573;17.5;7;3;10;5;2;2;1;0;0.4;0.17;0.57;0.29;0.46;Matches
23;Che Adams;sct SCO;FW;Torino;it Serie A;29-257;1996;27;16;1,567;17.4;4;2;6;4;0;0;0;0;0.23;0.11;0.34;0.23;0.34;Matches
24;Tyler Adams;us USA;MF;Bournemouth;eng Premier League;27-041;1999;18;18;1,411;15.7;2;1;3;2;0;0;7;0;0.13;0.06;0.19;0.13;0.19;Matches
25;Junior Adamu;at AUT;FW;Freiburg;de Bundesliga;24-294;2001;9;7;446;5;1;1;2;1;0;0;1;0;0.2;0.2;0.4;0.2;0.4;Matches
26;Tosin Adarabioyo;eng ENG;DF;Chelsea;eng Premier League;28-184;1997;15;7;750;8.3;0;0;0;0;0;0;2;0;0;0;0;0;0;Matches
27;Jayden Addai;nl NED;MF;Como;it Serie A;20-213;2005;12;7;686;7.6;3;0;3;3;0;0;4;0;0.39;0;0.39;0.39;0.39;Matches
28;Karim Adeyemi;de GER;MF,FW;Dortmund;de Bundesliga;24-068;2002;25;15;1,143;12.7;6;3;9;6;0;0;4;0;0.47;0.24;0.71;0.47;0.71;Matches
29;Simon Adingra;ci CIV;MF,FW;Sunderland;eng Premier League;24-085;2002;14;9;653;7.3;1;0;1;1;0;0;2;0;0.14;0;0.14;0.14;0.14;Matches
30;Simon Adingra;ci CIV;MF,FW;Monaco;fr Ligue 1;24-085;2002;7;5;441;4.9;3;0;3;3;0;0;0;0;0.61;0;0.61;0.61;0.61;Matches
31;Nathaniel Adjei;gh GHA;DF;Lorient;fr Ligue 1;23-218;2002;9;3;313;3.5;0;0;0;0;0;0;0;0;0;0;0;0;0;Matches
32;Jonas Adjetey;gh GHA;DF;Wolfsburg;de Bundesliga;22-104;2003;4;1;137;1.5;0;0;0;0;0;0;1;0;0;0;0;0;0;Matches
33;Amine Adli;ma MAR;MF;Bournemouth;eng Premier League;25-321;2000;27;10;1,040;11.6;3;1;4;3;0;0;2;0;0.26;0.09;0.35;0.26;0.35;Matches
34;Vasilije Adžić;me MNE;MF;Juventus;it Serie A;19-319;2006;10;1;171;1.9;1;0;1;1;0;0;0;0;0.53;0;0.53;0.53;0.53;Matches
35;Michel Aebischer;ch SUI;MF;Pisa;it Serie A;29-080;1997;28;26;2,292;25.5;1;1;2;1;0;0;5;0;0.04;0.04;0.08;0.04;0.08;Matches
36;David Affengruber;at AUT;DF;Elche;es La Liga;25-008;2001;27;24;2,172;24.1;0;0;0;0;0;0;6;1;0;0;0;0;0;Matches
37;Dapo Afolayan;eng ENG;MF;St Pauli;de Bundesliga;28-197;1997;7;1;150;1.7;0;0;0;0;0;0;1;0;0;0;0;0;0;Matches
38;Emmanuel Agbadou;ci CIV;DF;Wolves;eng Premier League;28-283;1997;14;12;1,101;12.2;0;0;0;0;0;0;1;1;0;0;0;0;0;Matches
39;Julen Agirrezabala;es ESP;GK;Valencia;es La Liga;25-091;2000;18;18;1,620;18;0;0;0;0;0;0;1;0;0;0;0;0;0;Matches
40;Lucien Agoume;fr FRA;MF;Sevilla;es La Liga;24-046;2002;26;24;2,057;22.9;1;2;3;1;0;0;10;0;0.04;0.09;0.13;0.04;0.13;Matches
41;Felix Agu;ng NGA;DF,MF;Werder Bremen;de Bundesliga;26-181;1999;9;7;606;6.7;0;0;0;0;0;0;1;0;0;0;0;0;0;Matches
42;Diego Aguado;es ESP;DF;Real Madrid;es La Liga;19-048;2007;1;0;30;0.3;0;0;0;0;0;0;0;0;0;0;0;0;0;Matches
43;Marc Aguado;es ESP;MF;Elche;es La Liga;26-033;2000;28;23;1,933;21.5;1;1;2;1;0;0;2;0;0.05;0.05;0.09;0.05;0.09;Matches
44;Pablo Agudín;es ESP;MF;Oviedo;es La Liga;18-139;2007;5;0;77;0.9;0;0;0;0;0;0;0;0;0;0;0;0;0;Matches
45;Nayef Aguerd;ma MAR;DF;Marseille;fr Ligue 1;29-362;1996;16;16;1,396;15.5;1;0;1;1;0;0;4;0;0.06;0;0.06;0.06;0.06;Matches
46;Nayef Aguerd;ma MAR;DF;West Ham United;eng Premier League;29-362;1996;2;2;180;2;0;0;0;0;0;0;0;0;0;0;0;0;0;Matches
47;Ruben Aguilar;fr FRA;MF;Lens;fr Ligue 1;32-335;1993;21;18;1,503;16.7;2;2;4;2;0;0;5;1;0.12;0.12;0.24;0.12;0.24;Matches
48;Naouirou Ahamada;fr FRA;MF;Auxerre;fr Ligue 1;23-363;2002;9;5;371;4.1;0;0;0;0;0;0;0;0;0;0;0;0;0;Matches
49;Honest Ahanor;it ITA;DF;Atalanta;it Serie A;18-032;2008;16;12;1,015;11.3;0;0;0;0;0;0;1;1;0;0;0;0;0;Matches
50;Lucas Ahijado;es ESP;DF;Oviedo;es La Liga;31-056;1995;15;10;972;10.8;0;1;1;0;0;0;2;0;0;0.09;0.09;0;0.09;Matches
51;Joseph Aidoo;gh GHA;DF;Celta Vigo;es La Liga;30-179;1995;6;5;459;5.1;0;0;0;0;0;0;0;0;0;0;0;0;0;Matches
52;Ola Aina;ng NGA;DF;Nottingham Forest;eng Premier League;29-170;1996;15;15;1,320;14.7;0;0;0;0;0;0;3;0;0;0;0;0;0;Matches
53;Abdelhamid Ait Boudlal;ma MAR;DF;Rennes;fr Ligue 1;19-345;2006;13;10;773;8.6;2;1;3;2;0;0;2;1;0.23;0.12;0.35;0.23;0.35;Matches
54;Rayan Aït-Nouri;dz ALG;DF;Manchester City;eng Premier League;24-294;2001;13;10;779;8.7;0;2;2;0;0;0;2;0;0;0.23;0.23;0;0.23;Matches
55;Tosin Aiyegun;bj BEN;MF,FW;Lorient;fr Ligue 1;27-274;1998;20;10;882;9.8;4;0;4;4;0;1;1;0;0.41;0;0.41;0.41;0.41;Matches
56;Junior Ajayi;ci CIV;FW;Hellas Verona;it Serie A;21-167;2004;1;0;1;0;0;0;0;0;0;0;0;0;0;0;0;0;0;Matches
57;Kristoffer Ajer;no NOR;DF;Brentford;eng Premier League;27-344;1998;24;18;1,628;18.1;0;1;1;0;0;0;3;0;0;0.06;0.06;0;0.06;Matches
58;Ludovic Ajorque;fr FRA;FW;Brest;fr Ligue 1;32-030;1994;25;25;2,190;24.3;7;7;14;7;0;0;9;1;0.29;0.29;0.58;0.29;0.58;Matches
59;Manuel Akanji;ch SUI;DF;Inter;it Serie A;30-251;1995;28;26;2,371;26.3;2;0;2;2;0;0;3;0;0.08;0;0.08;0.08;0.08;Matches
60;Nathan Aké;nl NED;DF;Manchester City;eng Premier League;31-037;1995;14;4;495;5.5;0;0;0;0;0;0;1;0;0;0;0;0;0;Matches
61;Ilias Akhomach;ma MAR;MF;Villarreal;es La Liga;21-345;2004;9;2;188;2.1;0;0;0;0;0;0;0;0;0;0;0;0;0;Matches
62;Ilias Akhomach;ma MAR;MF;Rayo Vallecano;es La Liga;21-345;2004;8;5;520;5.8;0;0;0;0;0;0;2;0;0;0;0;0;0;Matches
63;Ebenezer Akinsanmiro;ng NGA;MF;Pisa;it Serie A;21-122;2004;16;10;998;11.1;0;1;1;0;0;0;2;0;0;0.09;0.09;0;0.09;Matches
64;Maghnes Akliouche;fr FRA;MF,FW;Monaco;fr Ligue 1;24-030;2002;24;22;1,885;20.9;6;3;9;6;0;0;2;0;0.29;0.14;0.43;0.29;0.43;Matches
65;Clément Akpa;ci CIV;DF;Auxerre;fr Ligue 1;24-123;2001;23;21;1,821;20.2;0;0;0;0;0;0;4;1;0;0;0;0;0;Matches
66;Jean-Daniel Akpa-Akpro;ci CIV;MF;Hellas Verona;it Serie A;33-167;1992;14;10;910;10.1;1;0;1;1;0;0;7;0;0.1;0;0.1;0.1;0.1;Matches
67;Kevin Akpoguma;ng NGA;DF;Hoffenheim;de Bundesliga;30-342;1995;5;1;43;0.5;0;0;0;0;0;0;0;1;0;0;0;0;0;Matches
68;Al-Musrati;ly LBY;MF;Hellas Verona;it Serie A;29-355;1996;16;8;784;8.7;0;1;1;0;0;0;5;1;0;0.11;0.11;0;0.11;Matches
69;David Alaba;at AUT;DF;Real Madrid;es La Liga;33-276;1992;8;3;247;2.7;0;0;0;0;0;0;1;0;0;0;0;0;0;Matches
70;Agustín Albarracín;uy URU;FW;Cagliari;it Serie A;20-210;2005;1;0;15;0.2;0;0;0;0;0;0;0;0;0;0;0;0;0;Matches
71;Raúl Albiol;es ESP;DF;Pisa;it Serie A;40-204;1985;8;5;500;5.6;0;1;1;0;0;0;1;0;0;0.18;0.18;0;0.18;Matches
72;Carlos Alcaraz;ar ARG;MF;Everton;eng Premier League;23-117;2002;16;6;675;7.5;0;1;1;0;0;0;3;0;0;0.13;0.13;0;0.13;Matches
73;Omar Alderete;py PAR;DF;Sunderland;eng Premier League;29-091;1996;27;26;2,354;26.2;1;1;2;1;0;0;6;0;0.04;0.04;0.08;0.04;0.08;Matches
74;Alexandre Alemão;br BRA;FW;Rayo Vallecano;es La Liga;27-360;1998;17;7;708;7.9;1;0;1;1;0;0;1;0;0.13;0;0.13;0.13;0.13;Matches
75;Carles Aleñá;es ESP;MF;Alavés;es La Liga;28-081;1998;29;22;1,806;20.1;0;4;4;0;0;0;4;0;0;0.2;0.2;0;0.2;Matches
76;Trent Alexander-Arnold;eng ENG;DF,MF;Real Madrid;es La Liga;27-171;1998;14;8;664;7.4;0;3;3;0;0;0;1;0;0;0.41;0.41;0;0.41;Matches
77;Alfon;es ESP;FW;Villarreal;es La Liga;26-327;1999;4;0;62;0.7;0;0;0;0;0;0;0;0;0;0;0;0;0;Matches
78;Alfon;es ESP;MF;Sevilla;es La Liga;26-327;1999;10;4;312;3.5;1;0;1;1;0;0;0;0;0.29;0;0.29;0.29;0.29;Matches
79;Mohamed Ali Cho;fr FRA;FW,MF;Nice;fr Ligue 1;22-067;2004;17;15;1,204;13.4;4;3;7;4;0;0;1;0;0.3;0.22;0.52;0.3;0.52;Matches
80;Alisson;br BRA;GK;Liverpool;eng Premier League;33-176;1992;25;25;2,250;25;0;0;0;0;0;0;1;0;0;0;0;0;0;Matches
81;Jim Allevinah;ga GAB;MF;Angers;fr Ligue 1;31-028;1995;6;0;133;1.5;1;0;1;1;0;0;0;0;0.68;0;0.68;0.68;0.68;Matches
82;Max Alleyne;eng ENG;DF;Manchester City;eng Premier League;20-249;2005;2;2;135;1.5;0;0;0;0;0;0;0;0;0;0;0;0;0;Matches
83;Thiago Almada;ar ARG;MF;Atlético Madrid;es La Liga;24-335;2001;20;11;910;10.1;3;1;4;3;0;0;1;0;0.3;0.1;0.4;0.3;0.4;Matches
84;Domingos André Ribeiro Almeida;pt POR;MF,FW;Valencia;es La Liga;25-301;2000;18;10;939;10.4;0;1;1;0;0;0;0;0;0;0.1;0.1;0;0.1;Matches
85;Pontus Almqvist;se SWE;MF;Parma;it Serie A;26-260;1999;9;4;400;4.4;0;0;0;0;0;0;0;0;0;0;0;0;0;Matches
86;Marcos Alonso;es ESP;DF;Celta Vigo;es La Liga;35-089;1990;24;23;2,063;22.9;1;0;1;0;1;1;3;0;0.04;0;0.04;0;0;Matches
87;Adrià Altimira;es ESP;DF;Villarreal;es La Liga;24-364;2001;1;0;9;0.1;0;0;0;0;0;0;0;0;0;0;0;0;0;Matches
88;Sergi Altimira;es ESP;MF;Real Betis;es La Liga;24-214;2001;20;10;963;10.7;1;1;2;1;0;0;2;0;0.09;0.09;0.19;0.09;0.19;Matches
89;Carlos Álvarez;es ESP;MF;Levante;es La Liga;22-233;2003;26;22;1,786;19.8;3;1;4;3;0;0;3;0;0.15;0.05;0.2;0.15;0.2;Matches
90;Hugo Álvarez;es ESP;FW,MF;Celta Vigo;es La Liga;22-268;2003;20;10;966;10.7;3;1;4;3;0;0;2;0;0.28;0.09;0.37;0.28;0.37;Matches
91;Julián Álvarez;ar ARG;FW;Atlético Madrid;es La Liga;26-055;2000;29;22;1,895;21.1;8;4;12;6;2;3;2;0;0.38;0.19;0.57;0.28;0.47;Matches
92;Skelly Alvero;fr FRA;MF;Werder Bremen;de Bundesliga;23-327;2002;2;0;34;0.4;0;0;0;0;0;0;0;0;0;0;0;0;0;Matches
93;Ayoube Amaimouni Echghouyab;ma MAR;MF,FW;Eintracht Frankfurt;de Bundesliga;21-117;2004;11;3;343;3.8;2;1;3;2;0;0;1;0;0.52;0.26;0.79;0.52;0.79;Matches
94;Jaydon Amauri Banel;nl NED;FW,MF;Burnley;eng Premier League;21-159;2004;1;0;10;0.1;0;0;0;0;0;0;0;0;0;0;0;0;0;Matches
95;Giuseppe Ambrosino;it ITA;FW;Napoli;it Serie A;22-198;2003;3;0;38;0.4;0;0;0;0;0;0;0;0;0;0;0;0;0;Matches
96;Aurele Amenda;ch SUI;DF;Eintracht Frankfurt;de Bundesliga;22-239;2003;17;11;1,057;11.7;0;0;0;0;0;0;3;0;0;0;0;0;0;Matches
97;Kelvin Amian;fr FRA;DF;Nantes;fr Ligue 1;28-047;1998;22;22;1,960;21.8;0;1;1;0;0;0;3;0;0;0.05;0.05;0;0.05;Matches
98;Mohamed Amine Sbai;fr FRA;MF,FW;Angers;fr Ligue 1;25-142;2000;19;17;1,354;15;2;1;3;2;0;0;1;0;0.13;0.07;0.2;0.13;0.2;Matches
99;Michael Amir Murillo;pa PAN;DF,MF;Marseille;fr Ligue 1;30-044;1996;16;11;989;11;2;1;3;2;0;0;4;0;0.18;0.09;0.27;0.18;0.27;Matches
100;Nadiem Amiri;de GER;MF;Mainz 05;de Bundesliga;29-151;1996;20;19;1,646;18.3;10;2;12;3;7;7;6;0;0.55;0.11;0.66;0.16;0.27;Matches
101;Samuel Amo-Ameyaw;eng ENG;MF,DF;Strasbourg;fr Ligue 1;19-252;2006;20;5;668;7.4;1;2;3;1;0;0;2;0;0.13;0.27;0.4;0.13;0.4;Matches
102;Amorim;br BRA;MF;Genoa;it Serie A;20-313;2005;5;0;100;1.1;0;0;0;0;0;0;0;0;0;0;0;0;0;Matches
103;Mathis Amougou;fr FRA;MF;Strasbourg;fr Ligue 1;20-068;2006;9;2;272;3;0;0;0;0;0;0;1;0;0;0;0;0;0;Matches
104;Mohamed Amoura;dz ALG;FW,MF;Wolfsburg;de Bundesliga;25-322;2000;24;19;1,595;17.7;8;3;11;7;1;1;2;0;0.45;0.17;0.62;0.39;0.56;Matches
105;Ethan Ampadu;wls WAL;MF;Leeds United;eng Premier League;25-194;2000;28;28;2,489;27.7;1;1;2;1;0;0;7;0;0.04;0.04;0.07;0.04;0.07;Matches
106;Sofyan Amrabat;ma MAR;MF;Real Betis;es La Liga;29-218;1996;9;7;693;7.7;0;0;0;0;0;0;3;0;0;0;0;0;0;Matches
107;Joachim Andersen;dk DEN;DF;Fulham;eng Premier League;29-300;1996;28;28;2,471;27.5;0;1;1;0;0;0;7;0;0;0.04;0.04;0;0.04;Matches
108;Elliot Anderson;eng ENG;MF;Nottingham Forest;eng Premier League;23-141;2002;31;31;2,772;30.8;2;2;4;1;1;1;6;0;0.06;0.06;0.13;0.03;0.1;Matches
109;Tomoya Ando;jp JPN;DF;St Pauli;de Bundesliga;27-076;1999;9;8;720;8;0;1;1;0;0;0;2;0;0;0.12;0.12;0;0.12;Matches
110;Nícolas Andrade;br BRA;GK;Pisa;it Serie A;37-349;1988;6;6;540;6;0;0;0;0;0;0;0;0;0;0;0;0;0;Matches
111;André;br BRA;MF;Wolves;eng Premier League;24-254;2001;28;23;2,132;23.7;1;0;1;1;0;0;9;0;0.04;0;0.04;0.04;0.04;Matches
112;Benjamin André;fr FRA;MF;Lille;fr Ligue 1;35-236;1990;20;20;1,789;19.9;2;1;3;2;0;0;7;0;0.1;0.05;0.15;0.1;0.15;Matches
113;Robert Andrich;de GER;DF,MF;Leverkusen;de Bundesliga;31-186;1994;26;23;2,035;22.6;1;0;1;1;0;0;6;1;0.04;0;0.04;0.04;0.04;Matches
114;Manuel Ángel;es ESP;MF;Real Madrid;es La Liga;22-012;2004;2;0;29;0.3;0;0;0;0;0;0;0;0;0;0;0;0;0;Matches
115;Miguel Ángel Rubio;es ESP;DF;Espanyol;es La Liga;28-016;1998;11;1;205;2.3;1;0;1;1;0;0;0;0;0.44;0;0.44;0.44;0.44;Matches
116;Miguel Ángel Sierra;es ESP;FW;Sevilla;es La Liga;21-256;2004;4;0;62;0.7;0;0;0;0;0;0;0;0;0;0;0;0;0;Matches
117;Angeliño;es ESP;MF;Roma;it Serie A;29-082;1997;6;5;403;4.5;0;0;0;0;0;0;2;0;0;0;0;0;0;Matches
118;Samuele Angori;it ITA;MF;Pisa;it Serie A;22-171;2003;27;23;1,942;21.6;0;1;1;0;0;0;2;0;0;0.05;0.05;0;0.05;Matches
119;Nilson Angulo;ec ECU;MF;Sunderland;eng Premier League;22-281;2003;5;3;256;2.8;0;0;0;0;0;0;0;0;0;0;0;0;0;Matches
120;Faustino Anjorin;eng ENG;MF;Torino;it Serie A;24-124;2001;13;1;255;2.8;0;0;0;0;0;0;1;0;0;0;0;0;0;Matches
121;Ilyas Ansah;de GER;MF,FW;Union Berlin;de Bundesliga;21-139;2004;26;19;1,580;17.6;5;1;6;5;0;0;1;0;0.28;0.06;0.34;0.28;0.34;Matches
122;Aaron Anselmino;ar ARG;DF;Dortmund;de Bundesliga;20-332;2005;6;4;368;4.1;1;0;1;1;0;0;0;0;0.24;0;0.24;0.24;0.24;Matches
123;Aaron Anselmino;ar ARG;DF;Strasbourg;fr Ligue 1;20-332;2005;2;0;2;0;0;0;0;0;0;0;0;0;0;0;0;0;0;Matches
124;Andrés Antañón;es ESP;MF;Celta Vigo;es La Liga;19-064;2007;1;0;18;0.2;0;0;0;0;0;0;0;0;0;0;0;0;0;Matches
125;Jaidon Anthony;eng ENG;MF;Burnley;eng Premier League;26-116;1999;30;25;2,114;23.5;7;1;8;7;0;0;4;0;0.3;0.04;0.34;0.3;0.34;Matches
126;Waldemar Anton;de GER;DF;Dortmund;de Bundesliga;29-250;1996;25;25;2,250;25;2;0;2;2;0;0;3;0;0.08;0;0.08;0.08;0.08;Matches
127;Kyllian Antonio;fr FRA;DF;Lens;fr Ligue 1;18-082;2008;2;1;121;1.3;0;0;0;0;0;0;1;0;0;0;0;0;0;Matches
128;Antoniu;es ESP;MF;Espanyol;es La Liga;23-203;2002;8;1;115;1.3;0;0;0;0;0;0;1;0;0;0;0;0;0;Matches
129;Antony;br BRA;MF,FW;Real Betis;es La Liga;26-031;2000;24;22;1,864;20.7;7;5;12;7;0;0;4;1;0.34;0.24;0.58;0.34;0.58;Matches
130;Youssef El-Arabi;ma MAR;FW;Nantes;fr Ligue 1;39-052;1987;22;11;917;10.2;3;0;3;3;0;1;0;0;0.29;0;0.29;0.29;0.29;Matches
131;Mauro Arambarri;uy URU;MF;Getafe;es La Liga;30-178;1995;29;29;2,539;28.2;6;2;8;4;2;2;4;0;0.21;0.07;0.28;0.14;0.21;Matches
132;Jon Aramburu;ve VEN;DF;Real Sociedad;es La Liga;23-247;2002;27;25;2,208;24.5;1;0;1;1;0;0;9;0;0.04;0;0.04;0.04;0.04;Matches
133;Juan Arango;ve VEN;MF;Girona;es La Liga;19-299;2006;2;0;18;0.2;0;0;0;0;0;0;1;0;0;0;0;0;0;Matches
134;Ronald Araújo;uy URU;DF;Barcelona;es La Liga;27-020;1999;18;8;829;9.2;3;0;3;3;0;0;2;0;0.33;0;0.33;0.33;0.33;Matches
135;Carlens Arcus;ht HAI;DF;Angers;fr Ligue 1;29-272;1996;24;24;2,009;22.3;0;3;3;0;0;0;6;0;0;0.13;0.13;0;0.13;Matches
136;Antonio Arena;it ITA;FW;Roma;it Serie A;17-045;2009;2;0;23;0.3;0;0;0;0;0;0;0;0;0;0;0;0;0;Matches
137;Alphonse Areola;fr FRA;GK;West Ham United;eng Premier League;33-028;1993;20;20;1,800;20;0;1;1;0;0;0;0;0;0;0.05;0.05;0;0.05;Matches
138;Jesús Areso;es ESP;DF;Athletic Club;es La Liga;26-268;1999;23;13;1,391;15.5;0;1;1;0;0;0;3;0;0;0.06;0.06;0;0.06;Matches
139;Jeremy Arévalo;ec ECU;FW;Stuttgart;de Bundesliga;21-008;2005;6;0;35;0.4;0;0;0;0;0;0;0;0;0;0;0;0;0;Matches
140;Paul Argney;fr FRA;GK;Le Havre;fr Ligue 1;19-308;2006;1;1;90;1;0;0;0;0;0;0;0;0;0;0;0;0;0;Matches
141;Iñigo Arguibide;es ESP;DF;Osasuna;es La Liga;20-342;2005;6;2;187;2.1;0;0;0;0;0;0;0;1;0;0;0;0;0;Matches
142;Jhon Arias;co COL;FW,MF;Wolves;eng Premier League;28-187;1997;23;14;1,124;12.5;1;0;1;1;0;0;1;0;0.08;0;0.08;0.08;0.08;Matches
143;Juan Arizala;co COL;MF;Udinese;it Serie A;20-168;2005;4;0;54;0.6;0;0;0;0;0;0;0;0;0;0;0;0;0;Matches
144;Adam Armstrong;eng ENG;FW,MF;Wolves;eng Premier League;29-045;1997;7;7;566;6.3;1;2;3;1;0;0;3;0;0.16;0.32;0.48;0.16;0.48;Matches
145;Harrison Armstrong;eng ENG;MF;Everton;eng Premier League;19-067;2007;11;6;499;5.5;0;0;0;0;0;0;0;0;0;0;0;0;0;Matches
146;Maximilian Arnold;de GER;MF;Wolfsburg;de Bundesliga;31-304;1994;22;20;1,826;20.3;1;4;5;1;0;0;5;0;0.05;0.2;0.25;0.05;0.25;Matches
147;Tolu Arokodare;ng NGA;FW;Wolves;eng Premier League;25-124;2000;27;12;1,244;13.8;3;1;4;3;0;1;1;0;0.22;0.07;0.29;0.22;0.29;Matches
148;Love Arrhov;se SWE;FW;Eintracht Frankfurt;de Bundesliga;17-314;2008;3;0;19;0.2;0;0;0;0;0;0;1;0;0;0;0;0;0;Matches
149;Kervin Arriaga;hn HON;MF;Levante;es La Liga;28-081;1998;20;12;1,153;12.8;1;1;2;1;0;0;6;1;0.08;0.08;0.16;0.08;0.16;Matches
150;Arthur;br BRA;MF;Leverkusen;de Bundesliga;23-010;2003;16;13;1,048;11.6;1;3;4;1;0;0;2;0;0.09;0.26;0.34;0.09;0.34;Matches
151;Takuma Asano;jp JPN;MF,FW;Mallorca;es La Liga;31-137;1994;15;6;483;5.4;1;0;1;1;0;0;2;0;0.19;0;0.19;0.19;0.19;Matches
152;Raúl Asencio;es ESP;DF;Real Madrid;es La Liga;23-042;2003;19;14;1,348;15;2;0;2;2;0;0;3;0;0.13;0;0.13;0.13;0.13;Matches
153;Fisnik Asllani;xk KVX;FW,MF;Hoffenheim;de Bundesliga;23-231;2002;26;24;1,791;19.9;8;5;13;8;0;0;1;0;0.4;0.25;0.65;0.4;0.65;Matches
154;Kristjan Asllani;al ALB;MF;Torino;it Serie A;24-018;2002;15;13;1,129;12.5;0;0;0;0;0;1;3;0;0;0;0;0;0;Matches
155;Joel Asoro;se SWE;FW;Metz;fr Ligue 1;26-334;1999;8;2;227;2.5;0;0;0;0;0;0;0;0;0;0;0;0;0;Matches
156;Iago Aspas;es ESP;FW,MF;Celta Vigo;es La Liga;38-238;1987;24;8;823;9.1;4;3;7;2;2;2;3;0;0.44;0.33;0.77;0.22;0.55;Matches
157;Yaser Asprilla;co COL;FW,MF;Girona;es La Liga;22-128;2003;15;6;611;6.8;0;0;0;0;0;0;0;0;0;0;0;0;0;Matches
158;Lorenz Assignon;tg TOG;DF,MF;Stuttgart;de Bundesliga;25-278;2000;19;9;861;9.6;0;0;0;0;0;0;3;1;0;0;0;0;0;Matches
159;Dehmaine Assoumani;fr FRA;MF;Nantes;fr Ligue 1;20-344;2005;22;12;1,060;11.8;1;0;1;1;0;0;4;0;0.08;0;0.08;0.08;0.08;Matches
160;Lander Astiazaran;es ESP;MF;Real Sociedad;es La Liga;19-354;2006;1;0;1;0;0;0;0;0;0;0;0;0;0;0;0;0;0;Matches
161;Otavio Ataide;br BRA;DF;Paris FC;fr Ligue 1;23-340;2002;21;19;1,728;19.2;0;0;0;0;0;0;6;1;0;0;0;0;0;Matches
162;Zachary Athekame;ch SUI;MF;Milan;it Serie A;21-104;2004;20;4;499;5.5;1;2;3;1;0;0;3;0;0.18;0.36;0.54;0.18;0.54;Matches
163;Arthur Atta;fr FRA;MF;Udinese;it Serie A;23-072;2003;24;21;1,850;20.6;2;3;5;2;0;0;3;0;0.1;0.15;0.24;0.1;0.24;Matches
164;Noah Atubolu;de GER;GK;Freiburg;de Bundesliga;23-306;2002;27;27;2,430;27;0;0;0;0;0;0;0;0;0;0;0;0;0;Matches
165;Pierre-Emerick Aubameyang;ga GAB;FW;Marseille;fr Ligue 1;36-282;1989;24;17;1,578;17.5;8;5;13;8;0;0;1;0;0.46;0.29;0.74;0.46;0.74;Matches
166;Emil Audero;id IDN;GK;Cremonese;it Serie A;29-068;1997;26;26;2,340;26;0;0;0;0;0;0;0;0;0;0;0;0;0;Matches
167;Carlos Augusto;br BRA;MF,DF;Inter;it Serie A;27-079;1999;27;13;1,244;13.8;1;1;2;1;0;0;5;0;0.07;0.07;0.14;0.07;0.14;Matches
168;Yann Aurel Bisseck;de GER;DF;Inter;it Serie A;25-118;2000;19;17;1,566;17.4;2;1;3;2;0;0;2;0;0.11;0.06;0.17;0.11;0.17;Matches
169;Leon Avdullahu;xk KVX;MF;Hoffenheim;de Bundesliga;22-032;2004;26;26;2,264;25.2;0;1;1;0;0;0;4;0;0;0.04;0.04;0;0.04;Matches
170;Ezequiel Ávila;ar ARG;FW;Real Betis;es La Liga;32-049;1994;12;3;336;3.7;1;0;1;0;1;1;3;0;0.27;0;0.27;0;0;Matches
171;Arthur Avom;cm CMR;MF;Lorient;fr Ligue 1;21-102;2004;24;18;1,714;19;1;1;2;1;0;0;3;0;0.05;0.05;0.11;0.05;0.11;Matches
172;Chidozie Awaziem;ng NGA;DF;Nantes;fr Ligue 1;29-085;1997;22;22;1,949;21.7;1;2;3;1;0;0;7;0;0.05;0.09;0.14;0.05;0.14;Matches
173;Taiwo Awoniyi;ng NGA;FW;Nottingham Forest;eng Premier League;28-227;1997;12;1;278;3.1;2;0;2;2;0;0;1;0;0.65;0;0.65;0.65;0.65;Matches
174;Yasin Ayari;se SWE;MF;Brighton;eng Premier League;22-172;2003;24;18;1,726;19.2;3;2;5;3;0;0;1;0;0.16;0.1;0.26;0.16;0.26;Matches
175;Neil El Aynaoui;ma MAR;MF;Roma;it Serie A;24-268;2001;19;5;657;7.3;0;1;1;0;0;0;4;0;0;0.14;0.14;0;0.14;Matches
176;César Azpilicueta;es ESP;DF;Sevilla;es La Liga;36-211;1989;15;15;1,033;11.5;0;1;1;0;0;0;4;0;0;0.09;0.09;0;0.09;Matches
177;Oussama El Azzouzi;ma MAR;MF,DF;Auxerre;fr Ligue 1;24-302;2001;11;10;807;9;1;0;1;1;0;0;1;1;0.11;0;0.11;0.11;0.11;Matches
178;Mio Backhaus;de GER;GK;Werder Bremen;de Bundesliga;21-345;2004;25;25;2,250;25;0;0;0;0;0;0;0;0;0;0;0;0;0;Matches
179;Loïc Bade;fr FRA;DF;Leverkusen;de Bundesliga;25-350;2000;19;16;1,377;15.3;0;0;0;0;0;0;4;0;0;0;0;0;0;Matches
180;Benoît Badiashile;fr FRA;DF;Chelsea;eng Premier League;25-001;2001;8;6;471;5.2;0;0;0;0;0;0;2;0;0;0;0;0;0;Matches
181;Alex Baena;es ESP;MF;Atlético Madrid;es La Liga;24-250;2001;20;14;1,071;11.9;2;2;4;2;0;0;3;0;0.17;0.17;0.34;0.17;0.34;Matches
182;Samson Baidoo;at AUT;DF;Lens;fr Ligue 1;21-361;2004;18;17;1,544;17.2;2;1;3;2;0;0;2;0;0.12;0.06;0.17;0.12;0.17;Matches
183;Leon Bailey;jm JAM;MF;Aston Villa;eng Premier League;28-230;1997;9;2;340;3.8;0;1;1;0;0;0;1;0;0;0.26;0.26;0;0.26;Matches
184;Leon Bailey;jm JAM;FW;Roma;it Serie A;28-230;1997;7;1;186;2.1;0;0;0;0;0;0;0;0;0;0;0;0;0;Matches
185;Eric Bailly;ci CIV;DF;Oviedo;es La Liga;31-349;1994;9;9;773;8.6;1;0;1;1;0;0;2;0;0.12;0;0.12;0.12;0.12;Matches
186;Theo Bair;ca CAN;FW;Auxerre;fr Ligue 1;26-212;1999;2;0;10;0.1;0;0;0;0;0;0;0;0;0;0;0;0;0;Matches
187;Cédric Bakambu;cd COD;FW;Real Betis;es La Liga;34-350;1991;15;4;434;4.8;3;0;3;3;0;0;0;0;0.62;0;0.62;0.62;0.62;Matches
188;Johan Bakayoko;be BEL;FW,MF;RB Leipzig;de Bundesliga;22-341;2003;16;8;728;8.1;2;0;2;2;0;0;1;0;0.25;0;0.25;0.25;0.25;Matches
189;Darryl Bakola;fr FRA;MF;Marseille;fr Ligue 1;18-117;2007;8;0;75;0.8;0;0;0;0;0;0;0;0;0;0;0;0;0;Matches
190;Darryl Bakola;fr FRA;MF;Sassuolo;it Serie A;18-117;2007;3;1;80;0.9;0;0;0;0;0;0;0;0;0;0;0;0;0;Matches
191;Ridle Baku;de GER;DF;RB Leipzig;de Bundesliga;27-353;1998;25;22;1,962;21.8;1;3;4;1;0;0;3;0;0.05;0.14;0.18;0.05;0.18;Matches
192;Dilane Bakwa;fr FRA;FW,MF;Strasbourg;fr Ligue 1;23-213;2002;3;0;107;1.2;1;2;3;1;0;0;0;0;0.84;1.68;2.52;0.84;2.52;Matches
193;Dilane Bakwa;fr FRA;MF;Nottingham Forest;eng Premier League;23-213;2002;10;3;345;3.8;0;1;1;0;0;0;1;0;0;0.26;0.26;0;0.26;Matches
194;Tommaso Baldanzi;it ITA;MF;Genoa;it Serie A;23-004;2003;4;2;179;2;0;0;0;0;0;0;0;0;0;0;0;0;0;Matches
195;Tommaso Baldanzi;it ITA;FW,MF;Roma;it Serie A;23-004;2003;10;3;386;4.3;1;0;1;1;0;0;2;0;0.23;0;0.23;0.23;0.23;Matches
196;Alejandro Balde;es ESP;DF;Barcelona;es La Liga;22-160;2003;21;18;1,513;16.8;0;2;2;0;0;0;2;0;0;0.12;0.12;0;0.12;Matches
197;Fabio Baldé;pt POR;FW;Hamburger SV;de Bundesliga;20-250;2005;13;2;337;3.7;0;1;1;0;0;0;1;0;0;0.27;0.27;0;0.27;Matches
198;Carlos Baleba;cm CMR;MF;Brighton;eng Premier League;22-083;2004;25;19;1,279;14.2;0;0;0;0;0;0;5;0;0;0;0;0;0;Matches
199;Leonardo Balerdi;ar ARG;DF;Marseille;fr Ligue 1;27-060;1999;19;15;1,450;16.1;0;1;1;0;0;0;4;0;0;0.06;0.06;0;0.06;Matches
200;Daniel Ballard;nir NIR;DF;Sunderland;eng Premier League;26-186;1999;26;22;2,008;22.3;2;0;2;2;0;0;3;0;0.09;0;0.09;0.09;0.09;Matches
201;Carlos Ballestero;es ESP;DF;Alavés;es La Liga;21-337;2004;1;0;1;0;0;0;0;0;0;0;0;0;0;0;0;0;0;Matches
202;Iván Balliu;al ALB;DF;Rayo Vallecano;es La Liga;34-085;1992;11;3;333;3.7;0;0;0;0;0;0;3;0;0;0;0;0;0;Matches
203;Fodé Ballo-Touré;sn SEN;DF,MF;Metz;fr Ligue 1;29-083;1997;12;11;827;9.2;0;0;0;0;0;0;2;0;0;0;0;0;0;Matches
204;Folarin Balogun;us USA;FW;Monaco;fr Ligue 1;24-267;2001;23;19;1,632;18.1;9;4;13;7;2;2;4;1;0.5;0.22;0.72;0.39;0.61;Matches
205;Abdoulaye Bamba;ci CIV;DF;Angers;fr Ligue 1;35-336;1990;3;1;101;1.1;0;0;0;0;0;0;0;0;0;0;0;0;0;Matches
206;Aladji Bamba;fr FRA;MF;Monaco;fr Ligue 1;19-256;2006;12;7;495;5.5;0;0;0;0;0;0;2;0;0;0;0;0;0;Matches
207;Mohamed Bamba;ci CIV;FW;Lorient;fr Ligue 1;24-107;2001;18;7;682;7.6;1;2;3;1;0;1;3;0;0.13;0.26;0.4;0.13;0.4;Matches
208;Lameck Banda;zm ZAM;MF,FW;Lecce;it Serie A;25-057;2001;24;14;1,214;13.5;3;3;6;3;0;0;6;1;0.22;0.22;0.44;0.22;0.44;Matches
209;Noahkai Banks;us USA;DF;Augsburg;de Bundesliga;19-116;2006;22;20;1,695;18.8;1;1;2;1;0;0;8;0;0.05;0.05;0.11;0.05;0.11;Matches
210;Ezechiel Banzuzi;nl NED;MF;RB Leipzig;de Bundesliga;21-039;2005;23;2;562;6.2;0;1;1;0;0;0;3;0;0;0.16;0.16;0;0.16;Matches
211;Tommaso Barbieri;it ITA;MF;Cremonese;it Serie A;23-213;2002;22;16;1,489;16.5;0;1;1;0;0;0;6;0;0;0.06;0.06;0;0.06;Matches
212;Valentín Barco;ar ARG;MF;Strasbourg;fr Ligue 1;21-247;2004;24;22;1,988;22.1;1;4;5;1;0;0;5;1;0.05;0.18;0.23;0.05;0.23;Matches
213;Bradley Barcola;fr FRA;FW;Paris Saint-Germain;fr Ligue 1;23-206;2002;22;15;1,324;14.7;10;1;11;10;0;0;2;0;0.68;0.07;0.75;0.68;0.75;Matches
214;Melvin Bard;fr FRA;DF,MF;Nice;fr Ligue 1;25-141;2000;23;20;1,896;21.1;2;1;3;2;0;0;3;0;0.09;0.05;0.14;0.09;0.14;Matches
215;Roony Bardghji;se SWE;MF,FW;Barcelona;es La Liga;20-132;2005;16;4;393;4.4;1;1;2;1;0;0;0;0;0.23;0.23;0.46;0.23;0.46;Matches
216;Nicolò Barella;it ITA;MF;Inter;it Serie A;29-048;1997;27;24;1,986;22.1;1;7;8;1;0;0;6;0;0.05;0.32;0.36;0.05;0.36;Matches
217;Kike Barja;es ESP;MF;Osasuna;es La Liga;28-360;1997;19;1;267;3;1;2;3;1;0;0;2;0;0.34;0.67;1.01;0.34;1.01;Matches
218;Ross Barkley;eng ENG;MF;Aston Villa;eng Premier League;32-112;1993;14;2;402;4.5;2;0;2;2;0;0;0;0;0.45;0;0.45;0.45;0.45;Matches
219;Ashley Barnes;eng ENG;FW,MF;Burnley;eng Premier League;36-148;1989;6;0;40;0.4;0;0;0;0;0;0;1;0;0;0;0;0;0;Matches
220;Harvey Barnes;eng ENG;FW,MF;Newcastle United;eng Premier League;28-108;1997;30;17;1,659;18.4;5;0;5;5;0;0;1;0;0.27;0;0.27;0.27;0.27;Matches
221;Ander Barrenetxea;es ESP;MF,FW;Real Sociedad;es La Liga;24-090;2001;23;16;1,362;15.1;3;3;6;3;0;0;2;0;0.2;0.2;0.4;0.2;0.4;Matches
222;Pablo Barrios;es ESP;MF;Atlético Madrid;es La Liga;22-285;2003;21;19;1,575;17.5;1;1;2;1;0;0;0;0;0.06;0.06;0.11;0.06;0.11;Matches
223;Thierno Barry;fr FRA;FW;Everton;eng Premier League;23-157;2002;31;19;1,640;18.2;6;0;6;6;0;0;3;0;0.33;0;0.33;0.33;0.33;Matches
224;Davide Bartesaghi;it ITA;MF,DF;Milan;it Serie A;20-088;2005;24;20;1,867;20.7;2;0;2;2;0;0;2;0;0.1;0;0.1;0.1;0.1;Matches
225;Marc Bartra;es ESP;DF;Real Betis;es La Liga;35-071;1991;22;18;1,767;19.6;1;0;1;1;0;0;3;0;0.05;0;0.05;0.05;0.05;Matches
226;Federico Baschirotto;it ITA;DF;Cremonese;it Serie A;29-188;1996;25;25;2,250;25;2;0;2;2;0;0;2;0;0.08;0;0.08;0.08;0.08;Matches
227;Toma Bašić;hr CRO;MF;Lazio;it Serie A;29-122;1996;16;16;1,170;13;1;2;3;1;0;0;0;1;0.08;0.15;0.23;0.08;0.23;Matches
228;Calvin Bassey;ng NGA;DF;Fulham;eng Premier League;26-086;1999;23;21;1,904;21.2;1;0;1;1;0;0;5;0;0.05;0;0.05;0.05;0.05;Matches
229;Alessandro Bastoni;it ITA;DF;Inter;it Serie A;26-348;1999;24;24;2,009;22.3;1;4;5;1;0;0;6;0;0.04;0.18;0.22;0.04;0.22;Matches
230;Augusto Batalla;ar ARG;GK;Rayo Vallecano;es La Liga;29-331;1996;29;29;2,610;29;0;0;0;0;0;0;4;0;0;0;0;0;0;Matches
231;Michy Batshuayi;be BEL;FW;Eintracht Frankfurt;de Bundesliga;32-176;1993;6;1;139;1.5;1;0;1;0;1;1;0;0;0.65;0;0.65;0;0;Matches
232;Martin Baturina;hr CRO;MF,FW;Como;it Serie A;23-039;2003;21;11;1,027;11.4;6;3;9;6;0;0;0;0;0.53;0.26;0.79;0.53;0.79;Matches
233;Daniel Batz;de GER;GK;Mainz 05;de Bundesliga;35-074;1991;15;15;1,350;15;0;0;0;0;0;0;1;0;0;0;0;0;0;Matches
234;Elias Baum;de GER;DF;Eintracht Frankfurt;de Bundesliga;20-152;2005;4;0;65;0.7;0;0;0;0;0;0;0;0;0;0;0;0;0;Matches
235;Oliver Baumann;de GER;GK;Hoffenheim;de Bundesliga;35-298;1990;27;27;2,430;27;0;0;0;0;0;0;1;0;0;0;0;0;0;Matches
236;Christoph Baumgartner;at AUT;MF;RB Leipzig;de Bundesliga;26-238;1999;26;25;2,155;23.9;12;6;18;12;0;1;6;0;0.5;0.25;0.75;0.5;0.75;Matches
237;Altay Bayındır;tr TUR;GK;Manchester Utd;eng Premier League;27-347;1998;6;6;540;6;0;0;0;0;0;0;0;0;0;0;0;0;0;Matches
238;Vakoun Bayo;ci CIV;FW;Udinese;it Serie A;29-076;1997;13;4;424;4.7;0;1;1;0;0;0;0;0;0;0.21;0.21;0;0.21;Matches
239;Ihlas Bebou;tg TOG;FW,MF;Hoffenheim;de Bundesliga;31-338;1994;15;0;183;2;0;0;0;0;0;0;1;0;0;0;0;0;0;Matches
240;Samu Becerra;es ESP;MF;Rayo Vallecano;es La Liga;20-085;2006;3;0;12;0.1;0;0;0;0;0;0;0;0;0;0;0;0;0;Matches
241;Adrian Beck;de GER;MF;Heidenheim;de Bundesliga;28-291;1997;20;8;777;8.6;1;1;2;1;0;0;1;0;0.12;0.12;0.23;0.12;0.23;Matches
242;Sheraldo Becker;sr SUR;FW,MF;Osasuna;es La Liga;31-046;1995;9;0;158;1.8;0;0;0;0;0;0;0;0;0;0;0;0;0;Matches
243;Sheraldo Becker;sr SUR;FW;Mainz 05;de Bundesliga;31-046;1995;7;4;420;4.7;1;2;3;1;0;0;1;0;0.21;0.43;0.64;0.21;0.64;Matches
244;Donny van de Beek;nl NED;MF;Girona;es La Liga;28-343;1997;2;1;41;0.5;0;0;0;0;0;0;0;0;0;0;0;0;0;Matches
245;Tjaš Begić;si SVN;MF;Parma;it Serie A;22-270;2003;1;0;1;0;0;0;0;0;0;0;0;0;0;0;0;0;0;Matches
246;Hannes Behrens;de GER;MF,DF;Heidenheim;de Bundesliga;21-067;2005;9;8;730;8.1;1;2;3;1;0;0;0;0;0.12;0.25;0.37;0.12;0.37;Matches
247;Maximilian Beier;de GER;MF,FW;Dortmund;de Bundesliga;23-161;2002;25;18;1,527;17;8;4;12;8;0;0;2;0;0.47;0.24;0.71;0.47;0.71;Matches
248;Ismael Bekhoucha;ma MAR;DF;Getafe;es La Liga;21-127;2004;4;1;122;1.4;0;1;1;0;0;0;2;0;0;0.74;0.74;0;0.74;Matches
249;Reda Belahyane;ma MAR;MF;Lazio;it Serie A;21-299;2004;12;4;519;5.8;0;1;1;0;0;0;1;1;0;0.17;0.17;0;0.17;Matches
250;Rafik Belghali;dz ALG;MF;Hellas Verona;it Serie A;23-293;2002;18;14;1,259;14;2;0;2;2;0;0;5;0;0.14;0;0.14;0.14;0.14;Matches
251;Haris Belkebla;dz ALG;MF;Angers;fr Ligue 1;32-058;1994;26;26;2,245;24.9;0;0;0;0;0;0;7;0;0;0;0;0;0;Matches
252;Yassin Belkhdim;fr FRA;MF;Angers;fr Ligue 1;24-041;2002;26;25;2,047;22.7;2;2;4;2;0;0;4;0;0.09;0.09;0.18;0.09;0.18;Matches
253;Stefan Bell;de GER;DF;Mainz 05;de Bundesliga;34-215;1991;18;13;1,039;11.5;2;1;3;2;0;0;4;0;0.17;0.09;0.26;0.17;0.26;Matches
254;Armel Bella Kotchap;de GER;DF;Hellas Verona;it Serie A;24-106;2001;17;13;1,264;14;0;0;0;0;0;0;3;0;0;0;0;0;0;Matches
255;Raoul Bellanova;it ITA;MF;Atalanta;it Serie A;25-314;2000;18;12;1,162;12.9;0;1;1;0;0;0;1;0;0;0.08;0.08;0;0.08;Matches
256;Jean-Ricner Bellegarde;ht HAI;MF,FW;Wolves;eng Premier League;27-273;1998;22;13;1,086;12.1;1;1;2;1;0;0;4;0;0.08;0.08;0.17;0.08;0.17;Matches
257;Héctor Bellerín;es ESP;DF;Real Betis;es La Liga;31-008;1995;18;13;1,216;13.5;1;2;3;1;0;0;1;0;0.07;0.15;0.22;0.07;0.22;Matches
258;Jobe Bellingham;eng ENG;MF;Dortmund;de Bundesliga;20-185;2005;25;13;1,214;13.5;0;1;1;0;0;0;1;1;0;0.07;0.07;0;0.07;Matches
259;Jude Bellingham;eng ENG;MF;Real Madrid;es La Liga;22-271;2003;19;15;1,308;14.5;4;3;7;4;0;0;1;0;0.28;0.21;0.48;0.28;0.48;Matches
260;Jeanuël Belocian;fr FRA;DF,MF;Wolfsburg;de Bundesliga;21-038;2005;7;7;624;6.9;0;1;1;0;0;0;1;0;0;0.14;0.14;0;0.14;Matches
261;Jeanuël Belocian;fr FRA;DF;Leverkusen;de Bundesliga;21-038;2005;8;3;292;3.2;0;0;0;0;0;0;0;0;0;0;0;0;0;Matches
262;Andrea Belotti;it ITA;FW;Cagliari;it Serie A;32-097;1993;3;3;188;2.1;2;0;2;1;1;1;0;0;0.96;0;0.96;0.48;0.48;Matches
263;Fran Beltrán;es ESP;MF;Girona;es La Liga;27-052;1999;9;7;591;6.6;1;0;1;1;0;0;2;0;0.15;0;0.15;0.15;0.15;Matches
264;Fran Beltrán;es ESP;MF;Celta Vigo;es La Liga;27-052;1999;10;7;528;5.9;0;0;0;0;0;0;0;0;0;0;0;0;0;Matches
265;Lucas Beltrán;ar ARG;FW;Valencia;es La Liga;24-363;2001;23;13;1,134;12.6;1;2;3;1;0;0;1;0;0.08;0.16;0.24;0.08;0.24;Matches
266;Eliesse Ben Seghir;ma MAR;MF;Leverkusen;de Bundesliga;21-039;2005;7;2;199;2.2;0;0;0;0;0;0;2;0;0;0;0;0;0;Matches
267;Eliesse Ben Seghir;ma MAR;MF;Monaco;fr Ligue 1;21-039;2005;2;0;45;0.5;0;0;0;0;0;0;0;0;0;0;0;0;0;Matches
268;Carlos Benavídez;uy URU;DF;Alavés;es La Liga;27-362;1998;9;3;242;2.7;0;0;0;0;0;0;2;1;0;0;0;0;0;Matches
269;Adrian Benedyczak;pl POL;FW;Parma;it Serie A;25-123;2000;14;5;490;5.4;1;1;2;0;1;1;1;0;0.18;0.18;0.37;0;0.18;Matches
270;Yassine Benhattab;fr FRA;MF,FW;Nantes;fr Ligue 1;23-129;2002;10;5;477;5.3;0;0;0;0;0;0;0;0;0;0;0;0;0;Matches
271;Walter Benítez;ar ARG;GK;Crystal Palace;eng Premier League;33-067;1993;1;1;90;1;0;0;0;0;0;0;0;0;0;0;0;0;0;Matches
272;Iker Benito;es ESP;MF;Osasuna;es La Liga;23-229;2002;5;1;150;1.7;1;0;1;1;0;0;1;0;0.6;0;0.6;0.6;0.6;Matches
273;Mohamed Benoit Dao;fr FRA;FW;Paris FC;fr Ligue 1;19-053;2007;1;0;2;0;0;0;0;0;0;0;0;0;0;0;0;0;0;Matches
274;Ramy Bensebaini;dz ALG;DF;Dortmund;de Bundesliga;30-345;1995;17;12;1,211;13.5;4;0;4;2;2;2;5;0;0.3;0;0.3;0.15;0.15;Matches
275;Nabil Bentaleb;dz ALG;MF;Lille;fr Ligue 1;31-123;1994;22;10;1,017;11.3;2;2;4;1;1;1;3;0;0.18;0.18;0.35;0.09;0.27;Matches
276;Rodrigo Bentancur;uy URU;MF;Tottenham Hotspur;eng Premier League;28-275;1997;20;17;1,410;15.7;1;1;2;1;0;0;5;0;0.06;0.06;0.13;0.06;0.13;Matches
277;Lucas Beraldo;br BRA;DF;Paris Saint-Germain;fr Ligue 1;22-123;2003;12;10;871;9.7;1;0;1;1;0;0;1;0;0.1;0;0.1;0.1;0.1;Matches
278;Domenico Berardi;it ITA;FW;Sassuolo;it Serie A;31-238;1994;20;19;1,577;17.5;7;4;11;5;2;3;2;0;0.4;0.23;0.63;0.29;0.51;Matches
279;Yuri Berchiche;es ESP;DF;Athletic Club;es La Liga;36-045;1990;25;24;2,113;23.5;0;3;3;0;0;0;3;0;0;0.13;0.13;0;0.13;Matches
280;Álex Berenguer;es ESP;MF;Athletic Club;es La Liga;30-266;1995;24;21;1,757;19.5;2;3;5;2;0;0;4;0;0.1;0.15;0.26;0.1;0.26;Matches
281;Sander Berge;no NOR;MF;Fulham;eng Premier League;28-041;1998;31;30;2,590;28.8;0;1;1;0;0;0;5;0;0;0.03;0.03;0;0.03;Matches
282;Lucas Bergström;fi FIN;GK;Mallorca;es La Liga;23-203;2002;5;5;450;5;0;0;0;0;0;0;1;0;0;0;0;0;0;Matches
283;Lucas Bergvall;se SWE;MF;Tottenham Hotspur;eng Premier League;20-053;2006;18;10;850;9.4;1;2;3;1;0;0;2;0;0.11;0.21;0.32;0.11;0.32;Matches
284;Medon Berisha;al ALB;MF;Lecce;it Serie A;22-157;2003;13;12;871;9.7;2;3;5;2;0;0;0;0;0.21;0.31;0.52;0.21;0.52;Matches
285;Anthony Bermont;fr FRA;FW;Lens;fr Ligue 1;21-045;2005;9;0;92;1;0;0;0;0;0;0;0;0;0;0;0;0;0;Matches
286;Adrian Bernabe;es ESP;MF;Parma;it Serie A;24-305;2001;27;26;2,109;23.4;3;1;4;3;0;0;0;0;0.13;0.04;0.17;0.13;0.17;Matches
287;Marc Bernal;es ESP;MF;Barcelona;es La Liga;18-305;2007;16;6;509;5.7;2;1;3;2;0;0;3;0;0.35;0.18;0.53;0.35;0.53;Matches
288;Gabin Bernardeau;fr FRA;MF;Nice;fr Ligue 1;20-062;2006;4;1;95;1.1;0;0;0;0;0;0;0;0;0;0;0;0;0;Matches
289;Federico Bernardeschi;it ITA;MF,FW;Bologna;it Serie A;32-039;1994;22;7;833;9.3;2;1;3;1;1;1;2;0;0.22;0.11;0.32;0.11;0.22;Matches
290;Bernardo;br BRA;DF;Hoffenheim;de Bundesliga;30-317;1995;22;21;1,848;20.5;0;0;0;0;0;0;7;0;0;0;0;0;0;Matches
291;Lorenzo Bernasconi;it ITA;MF;Atalanta;it Serie A;22-131;2003;20;15;1,355;15.1;0;3;3;0;0;0;3;0;0;0.2;0.2;0;0.2;Matches
292;Antoine Bernede;fr FRA;MF;Hellas Verona;it Serie A;26-305;1999;25;22;1,807;20.1;1;2;3;1;0;0;1;0;0.05;0.1;0.15;0.05;0.15;Matches
293;Nicolò Bertola;it ITA;DF,MF;Udinese;it Serie A;23-004;2003;24;18;1,644;18.3;0;1;1;0;0;0;3;0;0;0.05;0.05;0;0.05;Matches
294;Jan-Niklas Beste;de GER;MF;Freiburg;de Bundesliga;27-082;1999;21;16;1,346;15;1;2;3;1;0;0;5;0;0.07;0.13;0.2;0.07;0.2;Matches
295;Beto;gw GNB;FW;Everton;eng Premier League;28-055;1998;31;12;1,212;13.5;6;1;7;6;0;0;2;0;0.45;0.07;0.52;0.45;0.52;Matches
296;Sam Beukema;nl NED;DF;Napoli;it Serie A;27-130;1998;18;15;1,322;14.7;2;0;2;2;0;0;2;0;0.14;0;0.14;0.14;0.14;Matches
297;Matteo Bianchetti;it ITA;DF;Cremonese;it Serie A;33-010;1993;22;21;1,762;19.6;0;2;2;0;0;0;3;0;0;0.1;0.1;0;0.1;Matches
298;Mika Biereth;dk DEN;FW;Monaco;fr Ligue 1;23-047;2003;25;12;1,010;11.2;2;2;4;2;0;0;0;0;0.18;0.18;0.36;0.18;0.36;Matches
299;Pedro Bigas;es ESP;DF;Elche;es La Liga;35-193;1990;21;19;1,566;17.4;0;2;2;0;0;0;3;0;0;0.11;0.11;0;0.11;Matches
300;Justin Bijlow;nl NED;GK;Genoa;it Serie A;28-064;1998;9;9;810;9;0;0;0;0;0;0;0;0;0;0;0;0;0;Matches
301;Jaka Bijol;si SVN;DF;Leeds United;eng Premier League;27-050;1999;18;14;1,308;14.5;1;1;2;1;0;0;3;0;0.07;0.07;0.14;0.07;0.14;Matches
302;Cristiano Biraghi;it ITA;MF,DF;Torino;it Serie A;33-207;1992;11;5;469;5.2;0;0;0;0;0;0;0;0;0;0;0;0;0;Matches
303;Veljko Birmančević;rs SRB;FW,MF;Getafe;es La Liga;28-022;1998;2;0;60;0.7;0;0;0;0;0;0;0;0;0;0;0;0;0;Matches
304;Tom Bischof;de GER;DF,MF;Bayern Munich;de Bundesliga;20-272;2005;22;10;942;10.5;0;3;3;0;0;0;2;0;0;0.29;0.29;0;0.29;Matches
305;Yves Bissouma;ml MLI;MF;Tottenham Hotspur;eng Premier League;29-209;1996;8;5;462;5.1;0;0;0;0;0;0;3;0;0;0;0;0;0;Matches
306;Leonardo Bittencourt;de GER;MF;Werder Bremen;de Bundesliga;32-098;1993;13;3;432;4.8;0;1;1;0;0;0;3;0;0;0.21;0.21;0;0.21;Matches
307;Emmanuel Biumla;fr FRA;DF;Angers;fr Ligue 1;20-323;2005;5;2;234;2.6;0;0;0;0;0;0;0;0;0;0;0;0;0;Matches
308;Marco Bizot;nl NED;GK;Aston Villa;eng Premier League;35-017;1991;5;4;405;4.5;0;0;0;0;0;0;2;0;0;0;0;0;0;Matches
309;Antonio Blanco;es ESP;MF;Alavés;es La Liga;25-247;2000;27;27;2,316;25.7;1;1;2;1;0;0;6;0;0.04;0.04;0.08;0.04;0.08;Matches
310;Ludovic Blas;fr FRA;MF,FW;Rennes;fr Ligue 1;28-086;1997;25;9;1,054;11.7;4;3;7;2;2;2;0;0;0.34;0.26;0.6;0.17;0.43;Matches
311;Janis Blaswich;de GER;GK;Leverkusen;de Bundesliga;34-329;1991;10;9;841;9.3;0;0;0;0;0;0;0;0;0;0;0;0;0;Matches
312;Daley Blind;nl NED;DF;Girona;es La Liga;36-018;1990;27;26;2,302;25.6;0;0;0;0;0;0;1;0;0;0;0;0;0;Matches
313;Adam Boayar;ma MAR;MF;Elche;es La Liga;20-165;2005;7;0;104;1.2;1;0;1;1;0;0;0;0;0.87;0;0.87;0.87;0.87;Matches
314;Oscar Bobb;no NOR;MF,FW;Manchester City;eng Premier League;22-258;2003;9;5;468;5.2;0;1;1;0;0;0;1;0;0;0.19;0.19;0;0.19;Matches
315;Oscar Bobb;no NOR;MF;Fulham;eng Premier League;22-258;2003;7;3;296;3.3;0;0;0;0;0;0;0;0;0;0;0;0;0;Matches
316;Ben Bobzien;de GER;FW,MF;Mainz 05;de Bundesliga;22-332;2003;1;0;9;0.1;0;0;0;0;0;0;0;0;0;0;0;0;0;Matches
317;Arnaud Bodart;be BEL;GK;Lille;fr Ligue 1;28-016;1998;3;2;226;2.5;0;0;0;0;0;0;0;0;0;0;0;0;0;Matches
318;Sacha Boey;fr FRA;DF;Bayern Munich;de Bundesliga;25-195;2000;9;5;463;5.1;0;0;0;0;0;0;1;0;0;0;0;0;0;Matches
319;Jeremie Boga;ci CIV;MF,FW;Nice;fr Ligue 1;29-083;1997;14;7;646;7.2;2;2;4;2;0;0;0;0;0.28;0.28;0.56;0.28;0.56;Matches
320;Jeremie Boga;ci CIV;MF,FW;Juventus;it Serie A;29-083;1997;7;2;278;3.1;3;0;3;3;0;0;0;0;0.97;0;0.97;0.97;0.97;Matches
321;Lamare Bogarde;nl NED;MF,DF;Aston Villa;eng Premier League;22-081;2004;24;8;807;9;0;0;0;0;0;0;5;0;0;0;0;0;0;Matches
322;Jayden Bogle;eng ENG;DF,MF;Leeds United;eng Premier League;25-243;2000;29;27;2,402;26.7;1;1;2;1;0;0;6;0;0.04;0.04;0.07;0.04;0.07;Matches
323;Dmytro Bohdanov;ua UKR;MF;Union Berlin;de Bundesliga;19-021;2007;1;0;1;0;0;0;0;0;0;0;0;0;0;0;0;0;0;Matches
324;Adama Boiro;es ESP;DF;Athletic Club;es La Liga;23-278;2002;9;6;595;6.6;0;0;0;0;0;0;1;0;0;0;0;0;0;Matches
325;Morgan Bokelé Mputu;cm CMR;MF;Metz;fr Ligue 1;22-014;2004;10;1;227;2.5;0;0;0;0;0;0;0;0;0;0;0;0;0;Matches
326;Hugo Bolin;se SWE;MF;Gladbach;de Bundesliga;22-246;2003;7;3;281;3.1;0;0;0;0;0;0;0;0;0;0;0;0;0;Matches
327;Daniel Boloca;ro ROU;MF;Sassuolo;it Serie A;27-095;1998;2;2;135;1.5;0;0;0;0;0;0;0;0;0;0;0;0;0;Matches
328;Moïse Bombito;ca CAN;DF;Nice;fr Ligue 1;25-362;2000;2;2;145;1.6;0;0;0;0;0;0;1;0;0;0;0;0;0;Matches
329;Federico Bonazzoli;it ITA;FW;Cremonese;it Serie A;28-310;1997;27;23;1,827;20.3;6;1;7;5;1;1;3;0;0.3;0.05;0.34;0.25;0.3;Matches
330;Warren Bondo;fr FRA;MF;Cremonese;it Serie A;22-193;2003;22;19;1,475;16.4;0;0;0;0;0;0;5;0;0;0;0;0;0;Matches
331;Giovanni Bonfanti;it ITA;DF,MF;Pisa;it Serie A;23-069;2003;9;6;494;5.5;0;0;0;0;0;0;1;0;0;0;0;0;0;Matches
332;Victor Boniface;ng NGA;FW;Werder Bremen;de Bundesliga;25-094;2000;11;2;333;3.7;0;2;2;0;0;0;1;0;0;0.54;0.54;0;0.54;Matches
333;Rahim Bonkano;ne NIG;DF;Oviedo;es La Liga;24-085;2002;20;15;1,441;16;0;0;0;0;0;0;1;0;0;0;0;0;0;Matches
334;Ange-Yoan Bonny;fr FRA;FW;Inter;it Serie A;22-153;2003;25;8;809;9;5;3;8;5;0;0;0;0;0.56;0.33;0.89;0.56;0.89;Matches
335;Thiago Borbas;uy URU;FW;Oviedo;es La Liga;23-354;2002;5;0;49;0.5;0;0;0;0;0;0;1;0;0;0;0;0;0;Matches
336;Sebastiaan Bornauw;be BEL;DF;Leeds United;eng Premier League;27-005;1999;9;4;304;3.4;0;0;0;0;0;0;1;0;0;0;0;0;0;Matches
337;Gennaro Borrelli;it ITA;FW;Cagliari;it Serie A;26-017;2000;22;10;1,038;11.5;3;1;4;3;0;0;3;0;0.26;0.09;0.35;0.26;0.35;Matches
338;Olivier Boscagli;fr FRA;DF;Brighton;eng Premier League;28-129;1997;8;5;442;4.9;0;1;1;0;0;0;2;0;0;0.2;0.2;0;0.2;Matches
339;Sebastián Boselli;uy URU;DF;Getafe;es La Liga;22-113;2003;6;1;131;1.5;0;0;0;0;0;0;1;0;0;0;0;0;0;Matches
340;Sven Botman;nl NED;DF;Newcastle United;eng Premier League;26-074;2000;18;14;1,205;13.4;1;1;2;1;0;0;1;0;0.07;0.07;0.15;0.07;0.15;Matches
341;Ayyoub Bouaddi;fr FRA;MF;Lille;fr Ligue 1;18-176;2007;24;22;1,846;20.5;0;1;1;0;0;0;5;1;0;0.05;0.05;0;0.05;Matches
342;Badredine Bouanani;dz ALG;MF;Nice;fr Ligue 1;21-109;2004;2;1;93;1;0;0;0;0;0;0;0;0;0;0;0;0;0;Matches
343;Badredine Bouanani;dz ALG;MF;Stuttgart;de Bundesliga;21-109;2004;12;5;444;4.9;0;0;0;0;0;0;1;0;0;0;0;0;0;Matches
344;Kaïl Boudache;fr FRA;FW;Nice;fr Ligue 1;19-285;2006;8;1;380;4.2;1;0;1;1;0;0;1;0;0.24;0;0.24;0.24;0.24;Matches
345;Hicham Boudaoui;dz ALG;MF;Nice;fr Ligue 1;26-185;1999;19;13;1,200;13.3;1;2;3;1;0;0;4;0;0.07;0.15;0.23;0.07;0.23;Matches
346;Sofiane Boufal;ma MAR;FW,MF;Le Havre;fr Ligue 1;32-191;1993;10;8;618;6.9;0;3;3;0;0;0;1;0;0;0.44;0.44;0;0.44;Matches
347;Justin Bourgault;fr FRA;FW;Brest;fr Ligue 1;20-194;2005;1;0;16;0.2;0;0;0;0;0;0;0;0;0;0;0;0;0;Matches
348;Jarrod Bowen;eng ENG;MF,FW;West Ham United;eng Premier League;29-097;1996;31;31;2,777;30.9;8;6;14;7;1;1;4;0;0.26;0.19;0.45;0.23;0.42;Matches
349;Kieron Bowie;sct SCO;FW;Hellas Verona;it Serie A;23-187;2002;7;7;570;6.3;1;0;1;1;0;0;1;0;0.16;0;0.16;0.16;0.16;Matches
350;Lucas Boyé;ar ARG;FW;Alavés;es La Liga;30-027;1996;23;19;1,757;19.5;9;1;10;7;2;2;4;1;0.46;0.05;0.51;0.36;0.41;Matches
351;Enzo Boyomo;cm CMR;DF;Osasuna;es La Liga;24-171;2001;22;21;1,822;20.2;1;1;2;1;0;0;4;0;0.05;0.05;0.1;0.05;0.1;Matches
352;Rosen Bozhinov;bg BUL;DF;Pisa;it Serie A;21-063;2005;5;4;339;3.8;0;0;0;0;0;0;1;0;0;0;0;0;0;Matches
353;Domagoj Bradarić;hr CRO;MF;Hellas Verona;it Serie A;26-107;1999;23;21;1,784;19.8;0;0;0;0;0;0;2;0;0;0;0;0;0;Matches
354;Conor Bradley;nir NIR;DF;Liverpool;eng Premier League;22-261;2003;15;12;929;10.3;0;1;1;0;0;0;5;0;0;0.1;0.1;0;0.1;Matches
355;Bilal Brahimi;dz ALG;FW,MF;Nice;fr Ligue 1;26-013;2000;1;0;1;0;0;0;0;0;0;0;0;0;0;0;0;0;0;Matches
356;Julian Brandt;de GER;MF,FW;Dortmund;de Bundesliga;29-329;1996;22;13;1,217;13.5;6;3;9;6;0;0;0;0;0.44;0.22;0.67;0.44;0.67;Matches
357;Jarrad Branthwaite;eng ENG;DF;Everton;eng Premier League;23-273;2002;8;5;504;5.6;1;0;1;1;0;0;1;0;0.18;0;0.18;0.18;0.18;Matches
358;Lilian Brassier;fr FRA;DF;Rennes;fr Ligue 1;26-145;1999;22;20;1,800;20;0;1;1;0;0;0;1;0;0;0.05;0.05;0;0.05;Matches
359;Iker Bravo;es ESP;FW;Udinese;it Serie A;21-073;2005;8;3;206;2.3;1;0;1;1;0;0;1;0;0.44;0;0.44;0.44;0.44;Matches
360;Josip Brekalo;hr CRO;MF,FW;Oviedo;es La Liga;27-277;1998;14;6;486;5.4;0;0;0;0;0;0;1;0;0;0;0;0;0;Matches
361;Gleison Bremer;br BRA;DF;Juventus;it Serie A;29-009;1997;19;18;1,541;17.1;3;3;6;3;0;0;3;0;0.18;0.18;0.35;0.18;0.35;Matches
362;Marco Brescianini;it ITA;MF;Fiorentina;it Serie A;26-066;2000;11;7;628;7;1;0;1;1;0;0;1;0;0.14;0;0.14;0.14;0.14;Matches
363;Marco Brescianini;it ITA;MF;Atalanta;it Serie A;26-066;2000;9;0;182;2;1;0;1;1;0;0;1;0;0.49;0;0.49;0.49;0.49;Matches
364;Abel Bretones;es ESP;MF,DF;Osasuna;es La Liga;25-218;2000;22;15;1,417;15.7;1;0;1;1;0;0;5;1;0.06;0;0.06;0.06;0.06;Matches
365;Sascha Britschgi;ch SUI;MF,DF;Parma;it Serie A;19-212;2006;25;20;1,903;21.1;0;2;2;0;0;0;4;0;0;0.09;0.09;0;0.09;Matches
366;Brian Brobbey;nl NED;FW;Sunderland;eng Premier League;24-054;2002;24;15;1,368;15.2;6;1;7;6;0;0;4;0;0.39;0.07;0.46;0.39;0.46;Matches
367;Marius Broholm;no NOR;MF;Lille;fr Ligue 1;21-091;2004;11;3;279;3.1;1;1;2;0;1;1;0;0;0.32;0.32;0.65;0;0.32;Matches
368;Armando Broja;al ALB;FW;Burnley;eng Premier League;24-198;2001;20;8;819;9.1;1;1;2;1;0;0;0;0;0.11;0.11;0.22;0.11;0.22;Matches
369;David Brooks;wls WAL;MF;Bournemouth;eng Premier League;28-262;1997;25;12;1,051;11.7;1;2;3;1;0;0;7;0;0.09;0.17;0.26;0.09;0.26;Matches
370;Nathaniel Brown;de GER;MF,DF;Eintracht Frankfurt;de Bundesliga;22-284;2003;26;22;2,026;22.5;4;4;8;4;0;0;3;0;0.18;0.18;0.36;0.18;0.36;Matches
371;Brugui;es ESP;MF,FW;Levante;es La Liga;29-143;1996;15;10;896;10;0;1;1;0;0;0;1;0;0;0.1;0.1;0;0.1;Matches
372;Paris Brunner;de GER;FW;Monaco;fr Ligue 1;20-040;2006;6;1;117;1.3;0;0;0;0;0;0;1;0;0;0;0;0;0;Matches
373;Jacob Bruun Larsen;dk DEN;MF,FW;Burnley;eng Premier League;27-189;1998;23;10;972;10.8;0;1;1;0;0;0;0;0;0;0.09;0.09;0;0.09;Matches
374;Tajon Buchanan;ca CAN;MF;Villarreal;es La Liga;27-047;1999;27;17;1,523;16.9;6;1;7;6;0;0;7;0;0.35;0.06;0.41;0.35;0.41;Matches
375;Ante Budimir;hr CRO;FW;Osasuna;es La Liga;34-248;1991;28;26;2,194;24.4;14;0;14;10;4;5;1;0;0.57;0;0.57;0.41;0.41;Matches
376;Emi Buendía;ar ARG;MF;Aston Villa;eng Premier League;29-092;1996;29;18;1,451;16.1;5;2;7;5;0;0;6;0;0.31;0.12;0.43;0.31;0.43;Matches
377;Hugo Bueno;es ESP;MF,DF;Wolves;eng Premier League;23-190;2002;28;21;1,952;21.7;1;1;2;1;0;0;1;0;0.05;0.05;0.09;0.05;0.09;Matches
378;Manu Bueno;es ESP;MF;Sevilla;es La Liga;21-243;2004;5;0;94;1;0;0;0;0;0;0;0;0;0;0;0;0;0;Matches
379;Santiago Bueno;uy URU;DF;Wolves;eng Premier League;27-138;1998;22;21;1,923;21.4;2;1;3;2;0;0;4;0;0.09;0.05;0.14;0.09;0.14;Matches
380;Louis Buffon;cz CZE;FW;Pisa;it Serie A;18-089;2007;4;0;32;0.4;0;0;0;0;0;0;0;0;0;0;0;0;0;Matches
381;Adam Buksa;pl POL;FW;Udinese;it Serie A;29-258;1996;19;3;627;7;2;0;2;2;0;0;2;0;0.29;0;0.29;0.29;0.29;Matches
382;Andrija Bulatović;me MNE;MF;Lens;fr Ligue 1;19-090;2006;14;4;564;6.3;0;1;1;0;0;0;1;0;0;0.16;0.16;0;0.16;Matches
383;Marius Bülter;de GER;FW,MF;Köln;de Bundesliga;32-363;1993;25;14;1,226;13.6;3;3;6;3;0;0;3;0;0.22;0.22;0.44;0.22;0.44;Matches
384;Facundo Buonanotte;ar ARG;MF;Leeds United;eng Premier League;21-094;2004;2;0;26;0.3;0;0;0;0;0;0;1;0;0;0;0;0;0;Matches
385;Facundo Buonanotte;ar ARG;MF;Chelsea;eng Premier League;21-094;2004;1;1;45;0.5;0;0;0;0;0;0;0;0;0;0;0;0;0;Matches
386;Alessandro Buongiorno;it ITA;DF;Napoli;it Serie A;26-294;1999;26;21;1,923;21.4;0;1;1;0;0;0;2;0;0;0.05;0.05;0;0.05;Matches
387;Livan Burcu;tr TUR;MF,FW;Union Berlin;de Bundesliga;21-180;2004;12;4;456;5.1;0;0;0;0;0;0;3;0;0;0;0;0;0;Matches
388;Jan Bürger;de GER;MF,DF;Wolfsburg;de Bundesliga;19-017;2007;7;2;247;2.7;0;0;0;0;0;0;0;0;0;0;0;0;0;Matches
389;Wouter Burger;nl NED;MF;Hoffenheim;de Bundesliga;25-039;2001;24;24;1,922;21.4;4;5;9;4;0;0;4;1;0.19;0.23;0.42;0.19;0.42;Matches
390;Jonathan Burkardt;de GER;FW;Eintracht Frankfurt;de Bundesliga;25-259;2000;15;11;978;10.9;9;0;9;7;2;2;1;0;0.83;0;0.83;0.64;0.64;Matches
391;Oliver Burke;sct SCO;MF,FW;Union Berlin;de Bundesliga;28-354;1997;22;14;1,082;12;4;1;5;4;0;0;2;0;0.33;0.08;0.42;0.33;0.42;Matches
392;Vincent Burlet;be BEL;DF;Lille;fr Ligue 1;20-185;2005;1;0;19;0.2;0;0;0;0;0;0;0;0;0;0;0;0;0;Matches
393;Dan Burn;eng ENG;DF;Newcastle United;eng Premier League;33-322;1992;23;21;1,813;20.1;0;2;2;0;0;0;9;1;0;0.1;0.1;0;0.1;Matches
394;Bradley Burrowes;eng ENG;MF;Aston Villa;eng Premier League;18-023;2008;1;0;17;0.2;0;0;0;0;0;0;0;0;0;0;0;0;0;Matches
395;Marnon Busch;de GER;DF,MF;Heidenheim;de Bundesliga;31-109;1994;23;14;1,420;15.8;0;3;3;0;0;0;3;0;0;0.19;0.19;0;0.19;Matches
396;Aurélio Buta;pt POR;DF;Eintracht Frankfurt;de Bundesliga;29-045;1997;4;1;144;1.6;0;0;0;0;0;0;1;0;0;0;0;0;0;Matches
397;Jean Butez;fr FRA;GK;Como;it Serie A;30-292;1995;30;30;2,700;30;0;0;0;0;0;0;3;0;0;0;0;0;0;Matches
398;Jun'ai Byfield;eng ENG;DF;Tottenham Hotspur;eng Premier League;17-111;2008;1;0;1;0;0;0;0;0;0;0;0;0;0;0;0;0;0;Matches
399;Sam Byram;eng ENG;DF,MF;Leeds United;eng Premier League;32-192;1993;1;0;8;0.1;0;0;0;0;0;0;0;0;0;0;0;0;0;Matches
400;William Bøving;dk DEN;MF;Mainz 05;de Bundesliga;23-026;2003;7;2;202;2.2;0;1;1;0;0;0;1;0;0;0.45;0.45;0;0.45;Matches
401;Rémy Cabella;fr FRA;MF,FW;Nantes;fr Ligue 1;36-019;1990;9;5;495;5.5;1;0;1;0;1;1;1;0;0.18;0;0.18;0;0;Matches
402;Jorge Cabello;es ESP;DF;Levante;es La Liga;21-336;2004;5;4;362;4;0;0;0;0;0;0;1;0;0;0;0;0;0;Matches
403;Pape Cabral;fr FRA;MF;Monaco;fr Ligue 1;19-066;2007;4;0;77;0.9;0;0;0;0;0;0;0;0;0;0;0;0;0;Matches
404;Leandro Cabrera;uy URU;DF;Espanyol;es La Liga;34-283;1991;28;28;2,520;28;3;0;3;3;0;0;2;0;0.11;0;0.11;0.11;0.11;Matches
405;Anthony Caci;fr FRA;MF;Mainz 05;de Bundesliga;28-269;1997;4;4;310;3.4;0;0;0;0;0;0;1;0;0;0;0;0;0;Matches
406;Noah Cadiou;gp GLP;MF;Lorient;fr Ligue 1;27-152;1998;21;13;1,249;13.9;1;1;2;1;0;0;1;0;0.07;0.07;0.14;0.07;0.14;Matches
407;Mathieu Cafaro;fr FRA;FW;Paris FC;fr Ligue 1;29-002;1997;9;1;149;1.7;0;0;0;0;0;0;0;0;0;0;0;0;0;Matches
408;Moisés Caicedo;ec ECU;MF;Chelsea;eng Premier League;24-145;2001;26;25;2,181;24.2;3;1;4;3;0;0;9;1;0.12;0.04;0.17;0.12;0.17;Matches
409;Tom Cairney;sct SCO;MF;Fulham;eng Premier League;35-066;1991;20;4;562;6.2;1;0;1;1;0;0;3;0;0.16;0;0.16;0.16;0.16;Matches
410;Arturo Calabresi;it ITA;DF;Pisa;it Serie A;30-010;1996;20;12;1,087;12.1;0;0;0;0;0;0;5;0;0;0;0;0;0;Matches
411;Riccardo Calafiori;it ITA;DF;Arsenal;eng Premier League;23-312;2002;22;18;1,448;16.1;1;2;3;1;0;0;5;0;0.06;0.12;0.19;0.06;0.19;Matches
412;Calebe;br BRA;MF;Alavés;es La Liga;25-331;2000;17;13;717;8;0;0;0;0;0;0;2;0;0;0;0;0;0;Matches
413;Fernando Calero;es ESP;DF;Espanyol;es La Liga;30-194;1995;21;18;1,594;17.7;0;0;0;0;0;0;3;0;0;0;0;0;0;Matches
414;Duje Ćaleta-Car;hr CRO;DF;Real Sociedad;es La Liga;29-191;1996;20;17;1,542;17.1;1;0;1;1;0;0;4;1;0.06;0;0.06;0.06;0.06;Matches
415;Hakan Çalhanoğlu;tr TUR;MF;Inter;it Serie A;32-047;1994;19;17;1,399;15.5;8;2;10;4;4;5;6;0;0.51;0.13;0.64;0.26;0.39;Matches
416;Dominic Calvert-Lewin;eng ENG;FW;Leeds United;eng Premier League;29-011;1997;28;23;2,115;23.5;10;1;11;8;2;3;1;0;0.43;0.04;0.47;0.34;0.38;Matches
417;Dani Calvo;es ESP;DF;Oviedo;es La Liga;31-360;1994;13;10;981;10.9;0;0;0;0;0;0;3;0;0;0;0;0;0;Matches
418;Adama Camara;fr FRA;MF,DF;Paris FC;fr Ligue 1;29-160;1996;23;22;1,818;20.2;1;0;1;1;0;0;6;0;0.05;0;0.05;0.05;0.05;Matches
419;Amady Camara;ml MLI;FW;Nantes;fr Ligue 1;20-303;2005;10;1;171;1.9;0;0;0;0;0;0;0;0;0;0;0;0;0;Matches
420;Dawda Camara;mr MTN;FW;Girona;es La Liga;23-143;2002;2;1;72;0.8;0;0;0;0;0;0;0;0;0;0;0;0;0;Matches
421;Lamine Camara;sn SEN;MF;Monaco;fr Ligue 1;22-085;2004;18;16;1,385;15.4;0;4;4;0;0;0;4;0;0;0.26;0.26;0;0.26;Matches
422;Mahdi Camara;fr FRA;MF;Rennes;fr Ligue 1;27-270;1998;25;24;2,036;22.6;3;1;4;3;0;0;4;1;0.13;0.04;0.18;0.13;0.18;Matches
423;Ousmane Camara;ml MLI;DF;Angers;fr Ligue 1;23-021;2003;26;25;2,223;24.7;1;0;1;1;0;0;2;0;0.04;0;0.04;0.04;0.04;Matches
424;Francesco Camarda;it ITA;FW;Lecce;it Serie A;18-017;2008;17;7;639;7.1;1;0;1;1;0;1;1;0;0.14;0;0.14;0.14;0.14;Matches
425;Eduardo Camavinga;fr FRA;MF;Real Madrid;es La Liga;23-137;2002;21;12;1,159;12.9;1;0;1;1;0;0;1;0;0.08;0;0.08;0.08;0.08;Matches
426;Nicolò Cambiaghi;it ITA;MF,FW;Bologna;it Serie A;25-089;2000;24;15;1,360;15.1;3;4;7;3;0;0;3;1;0.2;0.26;0.46;0.2;0.46;Matches
427;Andrea Cambiaso;it ITA;MF,DF;Juventus;it Serie A;26-035;2000;28;27;2,174;24.2;3;3;6;3;0;0;1;1;0.12;0.12;0.25;0.12;0.25;Matches
428;Axel Camblan;fr FRA;FW;Brest;fr Ligue 1;22-209;2003;1;0;12;0.1;0;0;0;0;0;0;0;0;0;0;0;0;0;Matches
429;Sergio Camello;es ESP;FW;Rayo Vallecano;es La Liga;25-045;2001;14;4;467;5.2;0;0;0;0;0;0;2;1;0;0;0;0;0;Matches
430;Cole Campbell;us USA;FW;Hoffenheim;de Bundesliga;20-035;2006;2;0;27;0.3;0;0;0;0;0;0;0;0;0;0;0;0;0;Matches
431;Cole Campbell;us USA;FW;Dortmund;de Bundesliga;20-035;2006;1;0;17;0.2;0;0;0;0;0;0;0;0;0;0;0;0;0;Matches
432;Emre Can;de GER;DF;Dortmund;de Bundesliga;32-074;1994;9;7;621;6.9;3;0;3;0;3;3;3;0;0.43;0;0.43;0;0;Matches
433;Matteo Cancellieri;it ITA;FW,MF;Lazio;it Serie A;24-043;2002;23;15;1,277;14.2;3;1;4;3;0;0;4;0;0.21;0.07;0.28;0.21;0.28;Matches
434;João Cancelo;pt POR;DF;Barcelona;es La Liga;31-304;1994;7;5;435;4.8;1;2;3;1;0;0;0;0;0.21;0.41;0.62;0.21;0.62;Matches
435;Fali Candé;gw GNB;DF;Sassuolo;it Serie A;28-062;1998;12;5;509;5.7;0;0;0;0;0;0;2;0;0;0;0;0;0;Matches
436;Simone Canestrelli;it ITA;DF;Pisa;it Serie A;25-197;2000;29;28;2,481;27.6;0;0;0;0;0;0;3;0;0;0;0;0;0;Matches
437;Jaydee Canvot;fr FRA;MF,DF;Toulouse;fr Ligue 1;19-241;2006;2;2;180;2;0;0;0;0;0;0;1;0;0;0;0;0;0;Matches
438;Jaydee Canvot;fr FRA;DF;Crystal Palace;eng Premier League;19-241;2006;13;7;706;7.8;0;0;0;0;0;0;2;0;0;0;0;0;0;Matches
439;Nicolás Capaldo;ar ARG;DF,MF;Hamburger SV;de Bundesliga;27-194;1998;20;19;1,540;17.1;1;1;2;1;0;0;6;0;0.06;0.06;0.12;0.06;0.12;Matches
440;Pierrick Capelle;fr FRA;MF;Angers;fr Ligue 1;38-346;1987;9;1;249;2.8;0;0;0;0;0;0;0;0;0;0;0;0;0;Matches
441;Elia Caprile;it ITA;GK;Cagliari;it Serie A;24-214;2001;30;30;2,700;30;0;0;0;0;0;0;2;0;0;0;0;0;0;Matches
442;Maxence Caqueret;fr FRA;MF;Como;it Serie A;26-040;2000;24;14;1,212;13.5;2;4;6;2;0;0;2;0;0.15;0.3;0.45;0.15;0.45;Matches
443;Antonio Caracciolo;it ITA;DF;Pisa;it Serie A;35-270;1990;28;27;2,443;27.1;2;0;2;2;0;0;7;0;0.07;0;0.07;0.07;0.07;Matches
444;Franco Carboni;it ITA;MF;Parma;it Serie A;22-357;2003;2;0;5;0.1;0;0;0;0;0;0;0;0;0;0;0;0;0;Matches
445;Valentin Carboni;ar ARG;MF;Genoa;it Serie A;21-022;2005;12;3;359;4;0;0;0;0;0;0;2;0;0;0;0;0;0;Matches
446;Sergi Cardona;es ESP;DF;Villarreal;es La Liga;26-262;1999;23;16;1,544;17.2;0;3;3;0;0;0;4;0;0;0.17;0.17;0;0.17;Matches
447;Fábio Cardoso;pt POR;DF;Sevilla;es La Liga;31-342;1994;4;4;295;3.3;0;0;0;0;0;0;0;0;0;0;0;0;0;Matches
448;Johnny Cardoso;us USA;MF;Atlético Madrid;es La Liga;24-188;2001;13;11;764;8.5;0;0;0;0;0;0;5;0;0;0;0;0;0;Matches
449;Maycon Cardozo;br BRA;MF;Bayern Munich;de Bundesliga;17-168;2008;2;0;34;0.4;0;0;0;0;0;0;0;0;0;0;0;0;0;Matches
450;Igor Carioca;br BRA;DF;Lorient;fr Ligue 1;29-218;1996;14;13;1,197;13.3;1;0;1;1;0;0;1;0;0.08;0;0.08;0.08;0.08;Matches
451;Patrik Carlgren;se SWE;GK;Nantes;fr Ligue 1;34-078;1992;2;1;92;1;0;0;0;0;0;0;0;0;0;0;0;0;0;Matches
452;Diego Carlos;br BRA;DF;Como;it Serie A;33-012;1993;21;16;1,569;17.4;1;0;1;1;0;0;6;0;0.06;0;0.06;0.06;0.06;Matches
453;Kevin Carlos;es ESP;FW;Nice;fr Ligue 1;24-351;2001;18;9;831;9.2;0;0;0;0;0;0;3;0;0;0;0;0;0;Matches
454;David Carmo;ao ANG;DF;Oviedo;es La Liga;26-251;1999;21;19;1,722;19.1;1;0;1;1;0;0;8;1;0.05;0;0.05;0.05;0.05;Matches
455;Carmona;es ESP;DF,MF;Sevilla;es La Liga;24-057;2002;27;22;2,002;22.2;1;3;4;1;0;0;9;0;0.04;0.13;0.18;0.04;0.18;Matches
456;Marco Carnesecchi;it ITA;GK;Atalanta;it Serie A;25-269;2000;30;30;2,700;30;0;0;0;0;0;0;0;0;0;0;0;0;0;Matches
457;Sergio Carreira;es ESP;MF;Celta Vigo;es La Liga;25-165;2000;25;21;1,951;21.7;2;1;3;2;0;0;2;0;0.09;0.05;0.14;0.09;0.14;Matches
458;Gorka Carrera;es ESP;FW;Real Sociedad;es La Liga;20-316;2005;1;0;14;0.2;0;0;0;0;0;0;0;0;0;0;0;0;0;Matches
459;Álvaro Carreras;es ESP;DF;Real Madrid;es La Liga;23-004;2003;24;22;1,972;21.9;2;2;4;2;0;0;5;1;0.09;0.09;0.18;0.09;0.18;Matches
460;Dani Carvajal;es ESP;DF;Real Madrid;es La Liga;34-075;1992;12;7;659;7.3;0;0;0;0;0;0;0;0;0;0;0;0;0;Matches
461;Fabio Carvalho;pt POR;MF;Brentford;eng Premier League;23-209;2002;6;1;102;1.1;1;0;1;1;0;0;0;0;0.88;0;0.88;0.88;0.88;Matches
462;Cesare Casadei;it ITA;MF;Torino;it Serie A;23-076;2003;26;16;1,631;18.1;4;0;4;4;0;0;5;0;0.22;0;0.22;0.22;0.22;Matches
463;Marc Casado;es ESP;MF;Barcelona;es La Liga;22-194;2003;19;9;866;9.6;0;1;1;0;0;0;0;0;0;0.1;0.1;0;0.1;Matches
464;Nicolò Casale;it ITA;DF;Bologna;it Serie A;28-041;1998;11;7;588;6.5;0;0;0;0;0;0;0;0;0;0;0;0;0;Matches
465;Casemiro;br BRA;MF;Manchester Utd;eng Premier League;34-032;1992;29;28;2,131;23.7;7;2;9;7;0;0;10;1;0.3;0.08;0.38;0.3;0.38;Matches
466;Matty Cash;pl POL;DF;Aston Villa;eng Premier League;28-232;1997;28;28;2,441;27.1;3;2;5;3;0;0;7;0;0.11;0.07;0.18;0.11;0.18;Matches
467;Josué Casimir;ht HAI;MF,FW;Auxerre;fr Ligue 1;24-184;2001;25;16;1,420;15.8;1;0;1;1;0;1;5;1;0.06;0;0.06;0.06;0.06;Matches
468;Cristian Cásseres Jr.;ve VEN;MF;Toulouse;fr Ligue 1;26-066;2000;24;22;1,963;21.8;1;1;2;1;0;1;5;0;0.05;0.05;0.09;0.05;0.09;Matches
469;Timothy Castagne;be BEL;DF,MF;Fulham;eng Premier League;30-112;1995;23;13;1,223;13.6;0;0;0;0;0;0;3;0;0;0;0;0;0;Matches
470;Valentín Castellanos;ar ARG;FW;Lazio;it Serie A;27-175;1998;11;8;692;7.7;2;3;5;2;0;0;2;0;0.26;0.39;0.65;0.26;0.65;Matches
471;Valentín Castellanos;ar ARG;FW;West Ham United;eng Premier League;27-175;1998;11;11;860;9.6;2;0;2;2;0;0;2;0;0.21;0;0.21;0.21;0.21;Matches
472;Castrin;es ESP;DF;Sevilla;es La Liga;23-085;2003;11;7;687;7.6;0;0;0;0;0;0;3;0;0;0;0;0;0;Matches
473;Jonny Castro;es ESP;DF;Alavés;es La Liga;32-024;1994;28;28;2,454;27.3;0;0;0;0;0;0;5;0;0;0;0;0;0;Matches
474;Santiago Castro;ar ARG;FW;Bologna;it Serie A;21-190;2004;27;19;1,788;19.9;7;2;9;7;0;0;2;0;0.35;0.1;0.45;0.35;0.45;Matches
475;Alessio Castro-Montes;be BEL;MF,DF;Köln;de Bundesliga;28-314;1997;8;5;429;4.8;0;3;3;0;0;0;2;0;0;0.63;0.63;0;0.63;Matches
476;Danilo Cataldi;it ITA;MF;Lazio;it Serie A;31-233;1994;25;22;1,835;20.4;3;3;6;1;2;2;5;0;0.15;0.15;0.29;0.05;0.2;Matches
477;Catena;es ESP;DF;Osasuna;es La Liga;31-150;1994;27;27;2,351;26.1;2;2;4;2;0;0;8;1;0.08;0.08;0.15;0.08;0.15;Matches
478;Nicolò Cavuoti;it ITA;MF;Cagliari;it Serie A;22-357;2003;4;0;44;0.5;0;0;0;0;0;0;0;0;0;0;0;0;0;Matches
479;Santi Cazorla;es ESP;MF;Oviedo;es La Liga;41-104;1984;20;4;617;6.9;0;1;1;0;0;0;1;1;0;0.15;0.15;0;0.15;Matches
480;Dani Ceballos;es ESP;MF;Real Madrid;es La Liga;29-232;1996;15;4;469;5.2;0;0;0;0;0;0;1;0;0;0;0;0;0;Matches
481;Federico Ceccherini;it ITA;DF;Cremonese;it Serie A;33-320;1992;9;6;476;5.3;0;1;1;0;0;0;1;1;0;0.19;0.19;0;0.19;Matches
482;Abdoulie Ceesay;gm GAM;FW;St Pauli;de Bundesliga;22-081;2004;15;0;217;2.4;0;0;0;0;0;0;2;0;0;0;0;0;0;Matches
483;Nidal Celik;ba BIH;DF;Lens;fr Ligue 1;19-253;2006;6;6;472;5.2;0;0;0;0;0;0;1;0;0;0;0;0;0;Matches
484;Zeki Çelik;tr TUR;MF,DF;Roma;it Serie A;29-038;1997;26;24;2,077;23.1;1;2;3;1;0;0;1;1;0.04;0.09;0.13;0.04;0.13;Matches
485;Fabien Centonze;fr FRA;MF,DF;Nantes;fr Ligue 1;30-070;1996;13;8;674;7.5;3;0;3;3;0;0;3;0;0.4;0;0.4;0.4;0.4;Matches
486;Lucas Cepeda;cl CHI;MF;Elche;es La Liga;23-147;2002;6;4;338;3.8;0;0;0;0;0;0;1;0;0;0;0;0;0;Matches
487;Václav Černý;cz CZE;FW,MF;Wolfsburg;de Bundesliga;28-161;1997;2;0;47;0.5;0;0;0;0;0;0;0;0;0;0;0;0;0;Matches
488;Jorge Cestero;es ESP;MF;Real Madrid;es La Liga;20-003;2006;2;0;13;0.1;0;0;0;0;0;0;0;0;0;0;0;0;0;Matches
489;Julian Chabot;de GER;DF;Stuttgart;de Bundesliga;28-043;1998;21;20;1,790;19.9;0;0;0;0;0;0;3;0;0;0;0;0;0;Matches
490;El Chadaille Bitshiabu;fr FRA;DF;RB Leipzig;de Bundesliga;20-315;2005;7;4;340;3.8;0;0;0;0;0;0;0;0;0;0;0;0;0;Matches
491;Fares Chaïbi;dz ALG;MF;Eintracht Frankfurt;de Bundesliga;23-119;2002;21;18;1,448;16.1;2;8;10;2;0;0;1;0;0.12;0.5;0.62;0.12;0.62;Matches
492;Ilyas Chaira;ma MAR;MF;Oviedo;es La Liga;25-053;2001;27;22;1,755;19.5;4;1;5;4;0;0;1;1;0.21;0.05;0.26;0.21;0.26;Matches
493;Trevoh Chalobah;eng ENG;DF;Chelsea;eng Premier League;26-265;1999;29;29;2,550;28.3;3;0;3;3;0;0;3;1;0.11;0;0.11;0.11;0.11;Matches
494;Fallou Cham;gm GAM;MF;Hellas Verona;it Serie A;20-041;2006;6;3;228;2.5;0;0;0;0;0;0;0;0;0;0;0;0;0;Matches
495;Brendan Chardonnet;fr FRA;DF;Brest;fr Ligue 1;31-095;1994;24;24;2,096;23.3;0;3;3;0;0;0;4;0;0;0.13;0.13;0;0.13;Matches
496;Pep Chavarría;es ESP;DF;Rayo Vallecano;es La Liga;27-351;1998;25;23;2,105;23.4;1;2;3;1;0;0;6;1;0.04;0.09;0.13;0.04;0.13;Matches
497;Arthur Chaves;br BRA;DF;Hoffenheim;de Bundesliga;25-057;2001;4;2;240;2.7;0;0;0;0;0;0;1;0;0;0;0;0;0;Matches
498;Arthur Chaves;br BRA;DF;Augsburg;de Bundesliga;25-057;2001;6;5;444;4.9;1;0;1;1;0;0;0;0;0.2;0;0.2;0.2;0.2;Matches
499;Felipe Chávez;pe PER;MF;Bayern Munich;de Bundesliga;18-351;2007;2;0;14;0.2;0;0;0;0;0;0;0;0;0;0;0;0;0;Matches
500;Felipe Chávez;pe PER;MF;Köln;de Bundesliga;18-351;2007;4;0;42;0.5;0;0;0;0;0;0;0;0;0;0;0;0;0;Matches
501;Walid Cheddira;ma MAR;FW;Sassuolo;it Serie A;28-064;1998;16;1;221;2.5;1;0;1;1;0;0;1;0;0.41;0;0.41;0.41;0.41;Matches
502;Walid Cheddira;ma MAR;FW;Lecce;it Serie A;28-064;1998;9;5;507;5.6;0;0;0;0;0;0;0;0;0;0;0;0;0;Matches
503;Chema;es ESP;MF;Stuttgart;de Bundesliga;20-336;2005;19;10;944;10.5;1;0;1;1;0;0;3;0;0.1;0;0.1;0.1;0.1;Matches
504;Samir Chergui;dz ALG;DF;Paris FC;fr Ligue 1;27-049;1999;12;11;973;10.8;1;0;1;1;0;0;1;0;0.09;0;0.09;0.09;0.09;Matches
505;Sidiki Cherif;fr FRA;FW,MF;Angers;fr Ligue 1;19-102;2006;19;14;1,157;12.9;4;0;4;4;0;0;3;0;0.31;0;0.31;0.31;0.31;Matches
506;Rayan Cherki;fr FRA;MF;Manchester City;eng Premier League;22-222;2003;25;14;1,308;14.5;3;8;11;3;0;0;1;0;0.21;0.55;0.76;0.21;0.76;Matches
507;Lucas Chevalier;fr FRA;GK;Paris Saint-Germain;fr Ligue 1;24-141;2001;17;17;1,530;17;0;0;0;0;0;0;0;0;0;0;0;0;0;Matches
508;Fabio Chiarodia;it ITA;DF;Gladbach;de Bundesliga;20-295;2005;10;5;410;4.6;0;0;0;0;0;0;0;0;0;0;0;0;0;Matches
509;Federico Chiesa;it ITA;MF;Liverpool;eng Premier League;28-153;1997;23;1;296;3.3;2;1;3;2;0;0;3;0;0.61;0.3;0.91;0.61;0.91;Matches
510;Ben Chilwell;eng ENG;DF,MF;Strasbourg;fr Ligue 1;29-096;1996;19;18;1,541;17.1;0;2;2;0;0;0;4;0;0;0.12;0.12;0;0.12;Matches
511;Tawanda Chirewa;zw ZIM;MF;Wolves;eng Premier League;22-166;2003;2;0;27;0.3;0;0;0;0;0;0;0;0;0;0;0;0;0;Matches
512;Joris Chotard;fr FRA;MF;Brest;fr Ligue 1;24-184;2001;26;25;2,232;24.8;2;0;2;2;0;0;2;0;0.08;0;0.08;0.08;0.08;Matches
513;Andreas Christensen;dk DEN;DF;Barcelona;es La Liga;29-351;1996;12;3;380;4.2;0;0;0;0;0;0;1;0;0;0;0;0;0;Matches
514;Ryan Christie;sct SCO;MF;Bournemouth;eng Premier League;31-033;1995;21;5;727;8.1;2;0;2;2;0;0;2;0;0.25;0;0.25;0.25;0.25;Matches
515;Carney Chukwuemeka;eng ENG;MF,FW;Dortmund;de Bundesliga;22-158;2003;22;6;703;7.8;2;0;2;2;0;0;1;0;0.26;0;0.26;0.26;0.26;Matches
516;Samuel Chukwueze;ng NGA;FW,MF;Milan;it Serie A;26-309;1999;1;0;26;0.3;0;0;0;0;0;0;0;0;0;0;0;0;0;Matches
517;Samuel Chukwueze;ng NGA;MF;Fulham;eng Premier League;26-309;1999;17;7;809;9;3;4;7;3;0;0;0;0;0.33;0.44;0.78;0.33;0.78;Matches
518;Víctor Chust;es ESP;DF;Elche;es La Liga;26-022;2000;23;19;1,792;19.9;0;0;0;0;0;0;8;1;0;0;0;0;0;Matches
519;Alessandro Circati;au AUS;DF;Parma;it Serie A;22-168;2003;23;23;1,944;21.6;1;0;1;1;0;0;5;0;0.05;0;0.05;0.05;0.05;Matches
520;Dennis Cirkin;lv LVA;DF;Sunderland;eng Premier League;23-355;2002;7;3;304;3.4;0;0;0;0;0;0;1;0;0;0;0;0;0;Matches
521;Pathé Ciss;sn SEN;MF,DF;Rayo Vallecano;es La Liga;32-011;1994;21;15;1,443;16;2;0;2;2;0;0;5;2;0.12;0;0.12;0.12;0.12;Matches
522;Djaoui Cissé;fr FRA;MF;Rennes;fr Ligue 1;22-055;2004;21;12;950;10.6;0;0;0;0;0;0;3;0;0;0;0;0;0;Matches
523;Mamoudou Cissokho;fr FRA;FW;Auxerre;fr Ligue 1;18-097;2007;1;0;1;0;0;0;0;0;0;0;0;0;0;0;0;0;0;Matches
524;Alexis Claude-Maurice;fr FRA;MF,FW;Augsburg;de Bundesliga;27-294;1998;23;20;1,674;18.6;4;4;8;3;1;1;3;0;0.22;0.22;0.43;0.16;0.38;Matches
525;Jonathan Clauss;fr FRA;MF,DF;Nice;fr Ligue 1;33-183;1992;24;22;2,011;22.3;1;6;7;1;0;0;0;0;0.04;0.27;0.31;0.04;0.31;Matches
526;Nathaniel Clyne;eng ENG;MF;Crystal Palace;eng Premier League;34-356;1991;8;6;495;5.5;0;1;1;0;0;0;1;0;0;0.18;0.18;0;0.18;Matches
527;Saúl Coco;gq EQG;DF;Torino;it Serie A;27-046;1999;27;27;2,430;27;1;1;2;1;0;0;2;0;0.04;0.04;0.07;0.04;0.07;Matches
528;Séamus Coleman;ie IRL;DF;Everton;eng Premier League;37-167;1988;3;1;11;0.1;0;0;0;0;0;0;0;0;0;0;0;0;0;Matches
529;Maxime Colin;fr FRA;DF;Metz;fr Ligue 1;34-132;1991;19;15;1,459;16.2;0;0;0;0;0;0;0;0;0;0;0;0;0;Matches
530;Nathan Collins;ie IRL;DF;Brentford;eng Premier League;24-331;2001;28;25;2,345;26.1;1;2;3;1;0;0;5;0;0.04;0.08;0.12;0.04;0.12;Matches
531;Nnamdi Collins;de GER;DF;Eintracht Frankfurt;de Bundesliga;22-076;2004;23;16;1,500;16.7;1;2;3;1;0;0;4;0;0.06;0.12;0.18;0.06;0.18;Matches
532;Michele Collocolo;it ITA;MF;Cremonese;it Serie A;26-139;1999;6;5;308;3.4;0;0;0;0;0;0;1;0;0;0;0;0;0;Matches
533;Santiago Colombatto;ar ARG;MF;Oviedo;es La Liga;29-069;1997;24;18;1,630;18.1;0;1;1;0;0;0;6;0;0;0.06;0.06;0;0.06;Matches
534;Lorenzo Colombo;it ITA;FW;Genoa;it Serie A;24-019;2002;30;23;1,822;20.2;6;1;7;6;0;1;2;0;0.3;0.05;0.35;0.3;0.35;Matches
535;Eray Cömert;ch SUI;DF;Valencia;es La Liga;28-051;1998;12;10;924;10.3;2;0;2;2;0;0;2;0;0.19;0;0.19;0.19;0.19;Matches
536;Santi Comesaña;es ESP;MF;Villarreal;es La Liga;29-173;1996;27;22;1,889;21;3;5;8;3;0;0;4;1;0.14;0.24;0.38;0.14;0.38;Matches
537;Pietro Comuzzo;it ITA;DF;Fiorentina;it Serie A;21-035;2005;22;16;1,429;15.9;1;0;1;1;0;0;2;0;0.06;0;0.06;0.06;0.06;Matches
538;Francisco Conceição;pt POR;MF,FW;Juventus;it Serie A;23-103;2002;23;19;1,470;16.3;3;3;6;3;0;0;2;0;0.18;0.18;0.37;0.18;0.37;Matches
539;Christian Conteh;de GER;MF,FW;Heidenheim;de Bundesliga;26-212;1999;5;4;324;3.6;0;0;0;0;0;0;0;0;0;0;0;0;0;Matches
540;Sirlord Conteh;de GER;MF,FW;Heidenheim;de Bundesliga;29-261;1996;15;3;625;6.9;2;1;3;2;0;0;1;0;0.29;0.14;0.43;0.29;0.43;Matches
541;Lewis Cook;eng ENG;MF,DF;Bournemouth;eng Premier League;29-052;1997;16;8;872;9.7;0;1;1;0;0;0;1;1;0;0.1;0.1;0;0.1;Matches
542;Copete;es ESP;DF;Valencia;es La Liga;26-168;1999;21;19;1,759;19.5;0;0;0;0;0;0;5;0;0;0;0;0;0;Matches
543;Diego Coppola;it ITA;DF;Paris FC;fr Ligue 1;22-089;2003;6;6;540;6;0;1;1;0;0;0;1;0;0;0.17;0.17;0;0.17;Matches
544;Diego Coppola;it ITA;DF;Brighton;eng Premier League;22-089;2003;5;2;194;2.2;0;0;0;0;0;0;2;0;0;0;0;0;0;Matches
545;Francesco Coppola;it ITA;DF;Pisa;it Serie A;20-350;2005;6;5;451;5;0;0;0;0;0;0;3;0;0;0;0;0;0;Matches
546;Francis Coquelin;fr FRA;MF;Nantes;fr Ligue 1;34-318;1991;12;5;433;4.8;0;0;0;0;0;0;1;0;0;0;0;0;0;Matches
547;Derek Cornelius;ca CAN;DF,FW;Marseille;fr Ligue 1;28-122;1997;2;0;58;0.6;0;0;0;0;0;0;0;0;0;0;0;0;0;Matches
548;Maxwel Cornet;ci CIV;MF;Genoa;it Serie A;29-181;1996;7;1;108;1.2;0;0;0;0;0;1;0;0;0;0;0;0;0;Matches
549;Iván Corralejo;es ESP;MF;Real Betis;es La Liga;18-330;2007;1;0;15;0.2;0;0;0;0;0;0;0;0;0;0;0;0;0;Matches
550;Félix Correia;pt POR;MF;Lille;fr Ligue 1;25-064;2001;27;19;1,570;17.4;3;5;8;3;0;0;2;0;0.17;0.29;0.46;0.17;0.46;Matches
551;Thierry Correia;pt POR;DF,MF;Valencia;es La Liga;27-018;1999;19;15;1,235;13.7;0;1;1;0;0;0;5;0;0;0.07;0.07;0;0.07;Matches
552;Paco Cortés;es ESP;MF,FW;Levante;es La Liga;18-228;2007;11;3;413;4.6;0;0;0;0;0;0;2;0;0;0;0;0;0;Matches
553;Edoardo Corvi;it ITA;GK;Parma;it Serie A;25-004;2001;16;16;1,440;16;0;0;0;0;0;0;1;0;0;0;0;0;0;Matches
554;Coba da Costa;es ESP;MF;Getafe;es La Liga;23-244;2002;14;2;348;3.9;0;0;0;0;0;0;1;0;0;0;0;0;0;Matches
555;Danny da Costa;de GER;DF,MF;Mainz 05;de Bundesliga;32-257;1993;27;24;2,202;24.5;2;3;5;2;0;0;3;0;0.08;0.12;0.2;0.08;0.2;Matches
556;Samu Costa;pt POR;MF;Mallorca;es La Liga;25-120;2000;26;23;2,046;22.7;5;0;5;5;0;0;9;0;0.22;0;0.22;0.22;0.22;Matches
557;David Costas;es ESP;DF;Oviedo;es La Liga;31-001;1995;19;18;1,610;17.9;1;0;1;1;0;0;2;0;0.06;0;0.06;0.06;0.06;Matches
558;Grégoire Coudert;fr FRA;GK;Brest;fr Ligue 1;26-358;1999;18;17;1,562;17.4;0;0;0;0;0;0;0;0;0;0;0;0;0;Matches
559;Vladimír Coufal;cz CZE;DF,MF;Hoffenheim;de Bundesliga;33-217;1992;27;27;2,414;26.8;1;6;7;1;0;0;3;0;0.04;0.22;0.26;0.04;0.26;Matches
560;Abdoul Coulibaly;de GER;DF;Werder Bremen;de Bundesliga;18-308;2007;22;20;1,760;19.6;1;0;1;1;0;0;5;1;0.05;0;0.05;0.05;0.05;Matches
561;Djibril Coulibaly;fr FRA;MF;Nice;fr Ligue 1;17-129;2008;1;0;6;0.1;0;0;0;0;0;0;0;0;0;0;0;0;0;Matches
562;Lassana Coulibaly;ml MLI;MF;Lecce;it Serie A;29-351;1996;25;24;2,036;22.6;3;1;4;3;0;0;3;0;0.13;0.04;0.18;0.13;0.18;Matches
563;Lasso Coulibaly;ci CIV;MF;Auxerre;fr Ligue 1;23-159;2002;14;1;290;3.2;0;0;0;0;0;0;1;0;0;0;0;0;0;Matches
564;Mamadou Coulibaly;fr FRA;MF;Monaco;fr Ligue 1;21-340;2004;19;13;1,145;12.7;3;3;6;3;0;0;5;1;0.24;0.24;0.47;0.24;0.47;Matches
565;Soumaïla Coulibaly;fr FRA;DF;Brest;fr Ligue 1;22-164;2003;13;13;1,143;12.7;0;0;0;0;0;0;3;0;0;0;0;0;0;Matches
566;Woyo Coulibaly;ml MLI;DF;Sassuolo;it Serie A;26-305;1999;13;5;586;6.5;0;0;0;0;0;0;2;0;0;0;0;0;0;Matches
567;Marius Courcoul;fr FRA;MF;Angers;fr Ligue 1;19-085;2007;18;3;374;4.2;0;0;0;0;0;0;0;0;0;0;0;0;0;Matches
568;Thibaut Courtois;be BEL;GK;Real Madrid;es La Liga;33-320;1992;28;28;2,520;28;0;0;0;0;0;0;1;0;0;0;0;0;0;Matches
569;Yan Couto;br BRA;MF;Dortmund;de Bundesliga;23-297;2002;17;11;987;11;1;2;3;1;0;0;4;0;0.09;0.18;0.27;0.09;0.27;Matches
570;Patrice Čović;hr CRO;MF;Werder Bremen;de Bundesliga;18-275;2007;13;2;288;3.2;1;0;1;1;0;0;1;0;0.31;0;0.31;0.31;0.31;Matches
571;Nicolas Cozza;fr FRA;DF;Nantes;fr Ligue 1;27-078;1999;22;18;1,671;18.6;0;0;0;0;0;0;1;0;0;0;0;0;0;Matches
572;Ben Cremaschi;us USA;MF;Parma;it Serie A;21-025;2005;8;2;132;1.5;0;0;0;0;0;0;0;0;0;0;0;0;0;Matches
573;Charlie Cresswell;eng ENG;DF;Toulouse;fr Ligue 1;23-222;2002;24;24;2,160;24;3;2;5;3;0;0;6;0;0.12;0.08;0.21;0.12;0.21;Matches
574;Bryan Cristante;it ITA;MF;Roma;it Serie A;31-024;1995;29;28;2,406;26.7;2;1;3;2;0;0;6;0;0.07;0.04;0.11;0.07;0.11;Matches
575;Juan Cruz Armada;es ESP;DF;Osasuna;es La Liga;33-242;1992;14;7;604;6.7;0;0;0;0;0;0;0;0;0;0;0;0;0;Matches
576;Juan Cuadrado;co COL;MF;Pisa;it Serie A;37-305;1988;13;2;409;4.5;1;0;1;0;1;1;3;0;0.22;0;0.22;0;0;Matches
577;Pau Cubarsí;es ESP;DF;Barcelona;es La Liga;19-064;2007;24;24;2,102;23.4;1;0;1;1;0;0;3;0;0.04;0;0.04;0.04;0.04;Matches
578;Cucho;co COL;FW;Real Betis;es La Liga;26-341;1999;24;23;1,973;21.9;8;3;11;7;1;1;3;0;0.36;0.14;0.5;0.32;0.46;Matches
579;Marc Cucurella;es ESP;DF;Chelsea;eng Premier League;27-248;1998;27;24;2,077;23.1;1;3;4;1;0;0;5;1;0.04;0.13;0.17;0.04;0.17;Matches
580;Jorge Cuenca;es ESP;DF;Fulham;eng Premier League;26-130;1999;14;11;933;10.4;0;0;0;0;0;0;5;0;0;0;0;0;0;Matches
581;Montrell Culbreath;de GER;MF,DF;Leverkusen;de Bundesliga;18-210;2007;5;3;275;3.1;1;0;1;1;0;0;0;0;0.33;0;0.33;0.33;0.33;Matches
582;Josh Cullen;ie IRL;MF;Burnley;eng Premier League;29-354;1996;18;18;1,514;16.8;2;2;4;2;0;0;2;0;0.12;0.12;0.24;0.12;0.24;Matches
583;Pablo Cuñat;es ESP;GK;Levante;es La Liga;23-333;2002;2;2;180;2;0;0;0;0;0;0;0;0;0;0;0;0;0;Matches
584;Jair Cunha;br BRA;DF;Nottingham Forest;eng Premier League;21-020;2005;3;2;215;2.4;0;0;0;0;0;0;0;0;0;0;0;0;0;Matches
585;Matheus Cunha;br BRA;MF,FW;Manchester Utd;eng Premier League;26-304;1999;28;24;2,069;23;7;2;9;7;0;0;1;0;0.3;0.09;0.39;0.3;0.39;Matches
586;Patrick Cutrone;it ITA;FW;Parma;it Serie A;28-083;1998;15;11;888;9.9;1;0;1;1;0;0;0;0;0.1;0;0.1;0.1;0.1;Matches
587;Lucas Da Cunha;fr FRA;MF;Como;it Serie A;24-291;2001;28;24;2,088;23.2;3;3;6;1;2;2;4;0;0.13;0.13;0.26;0.04;0.17;Matches
588;Adam Daghim;dk DEN;MF;Wolfsburg;de Bundesliga;20-180;2005;21;9;1,072;11.9;2;2;4;2;0;0;1;0;0.17;0.17;0.34;0.17;0.34;Matches
589;Finn Dahmen;de GER;GK;Augsburg;de Bundesliga;28-000;1998;27;27;2,430;27;0;0;0;0;0;0;1;0;0;0;0;0;0;Matches
590;Mahmoud Dahoud;de GER;MF,FW;Eintracht Frankfurt;de Bundesliga;30-085;1996;13;7;629;7;2;2;4;2;0;0;0;0;0.29;0.29;0.57;0.29;0.57;Matches
591;David Daiber;pt POR;FW;Bayern Munich;de Bundesliga;19-076;2007;2;0;29;0.3;0;0;0;0;0;0;0;0;0;0;0;0;0;Matches
592;Ameen Al-Dakhil;be BEL;DF;Stuttgart;de Bundesliga;24-021;2002;8;3;380;4.2;0;0;0;0;0;0;1;0;0;0;0;0;0;Matches
593;Thijs Dallinga;nl NED;FW;Bologna;it Serie A;25-236;2000;21;9;786;8.7;2;2;4;2;0;0;2;0;0.23;0.23;0.46;0.23;0.46;Matches
594;Diogo Dalot;pt POR;MF,DF;Manchester Utd;eng Premier League;27-009;1999;29;25;2,233;24.8;1;3;4;1;0;0;5;0;0.04;0.12;0.16;0.04;0.16;Matches
595;Muhammed Damar;de GER;MF,FW;Hoffenheim;de Bundesliga;21-352;2004;13;2;274;3;0;0;0;0;0;0;0;0;0;0;0;0;0;Matches
596;Mikkel Damsgaard;dk DEN;MF;Brentford;eng Premier League;25-267;2000;26;18;1,575;17.5;3;4;7;3;0;0;0;0;0.17;0.23;0.4;0.17;0.4;Matches
597;Arnaut Danjuma;nl NED;MF,FW;Valencia;es La Liga;29-055;1997;26;18;1,556;17.3;3;2;5;3;0;1;0;0;0.17;0.12;0.29;0.17;0.29;Matches
598;Kévin Danois;fr FRA;MF;Auxerre;fr Ligue 1;21-272;2004;26;25;2,204;24.5;2;1;3;2;0;0;3;0;0.08;0.04;0.12;0.08;0.12;Matches
599;Kevin Danso;at AUT;DF;Tottenham Hotspur;eng Premier League;27-189;1998;17;11;933;10.4;0;0;0;0;0;0;4;0;0;0;0;0;0;Matches
600;Dante;br BRA;DF;Nice;fr Ligue 1;42-160;1983;10;8;714;7.9;0;0;0;0;0;0;1;0;0;0;0;0;0;Matches
601;Bence Dárdai;hu HUN;MF;Wolfsburg;de Bundesliga;20-062;2006;1;0;35;0.4;0;0;0;0;0;0;0;0;0;0;0;0;0;Matches
602;Aiman Dardari;lu LUX;MF;Augsburg;de Bundesliga;21-006;2005;3;0;34;0.4;0;0;0;0;0;0;1;0;0;0;0;0;0;Matches
603;Sergi Darder;es ESP;MF;Mallorca;es La Liga;32-095;1993;29;21;1,917;21.3;1;4;5;1;0;0;3;0;0.05;0.19;0.23;0.05;0.23;Matches
604;Karl Darlow;wls WAL;GK;Leeds United;eng Premier League;35-170;1990;15;15;1,350;15;0;0;0;0;0;0;1;0;0;0;0;0;0;Matches
605;Matteo Darmian;it ITA;DF,MF;Inter;it Serie A;36-115;1989;3;0;73;0.8;0;0;0;0;0;0;0;0;0;0;0;0;0;Matches
606;David Datro Fofana;ci CIV;FW;Strasbourg;fr Ligue 1;23-095;2002;4;2;126;1.4;0;0;0;0;0;0;0;0;0;0;0;0;0;Matches
607;Juan David Cabal;co COL;MF;Juventus;it Serie A;25-078;2001;12;2;296;3.3;2;0;2;2;0;0;1;0;0.61;0;0.61;0.61;0.61;Matches
608;Jonathan David;ca CAN;FW;Juventus;it Serie A;26-072;2000;28;16;1,420;15.8;5;4;9;5;0;1;0;0;0.32;0.25;0.57;0.32;0.57;Matches
609;Alphonso Davies;ca CAN;DF;Bayern Munich;de Bundesliga;25-145;2000;8;4;358;4;0;1;1;0;0;0;1;0;0;0.25;0.25;0;0.25;Matches
610;Ben Davies;wls WAL;DF;Tottenham Hotspur;eng Premier League;32-337;1993;3;2;137;1.5;1;0;1;1;0;0;1;0;0.66;0;0.66;0.66;0.66;Matches
611;Davinchi;es ESP;DF;Getafe;es La Liga;18-162;2007;7;4;429;4.8;0;0;0;0;0;0;1;0;0;0;0;0;0;Matches
612;Keinan Davis;eng ENG;FW;Udinese;it Serie A;28-042;1998;26;24;1,815;20.2;10;3;13;6;4;4;5;0;0.5;0.15;0.64;0.3;0.45;Matches
613;Kevin De Bruyne;be BEL;MF;Napoli;it Serie A;34-272;1991;11;8;713;7.9;4;0;4;1;3;3;1;0;0.5;0;0.5;0.13;0.13;Matches
614;Mathys De Carvalho;fr FRA;MF;Lyon;fr Ligue 1;20-330;2005;10;3;288;3.2;0;0;0;0;0;0;1;0;0;0;0;0;0;Matches
615;Maxim De Cuyper;be BEL;DF,MF;Brighton;eng Premier League;25-095;2000;24;14;1,152;12.8;2;0;2;2;0;0;2;0;0.16;0;0.16;0.16;0.16;Matches
616;Charles De Ketelaere;be BEL;MF,FW;Atalanta;it Serie A;25-017;2001;23;19;1,630;18.1;3;3;6;3;0;0;3;0;0.17;0.17;0.33;0.17;0.33;Matches
617;Jeffrey De Lange;nl NED;GK;Marseille;fr Ligue 1;27-360;1998;4;4;360;4;0;0;0;0;0;0;0;0;0;0;0;0;0;Matches
618;Manuel De Luca;it ITA;FW;Cremonese;it Serie A;27-253;1998;2;0;16;0.2;1;0;1;0;1;1;0;0;5.63;0;5.63;0;0;Matches
619;Théo De Percin;mq MTQ;GK;Auxerre;fr Ligue 1;25-053;2001;4;2;309;3.4;0;0;0;0;0;0;0;0;0;0;0;0;0;Matches
620;Lorenzo De Silvestri;it ITA;DF;Bologna;it Serie A;37-308;1988;9;4;317;3.5;0;0;0;0;0;0;2;0;0;0;0;0;0;Matches
621;Thibault De Smet;be BEL;DF;Paris FC;fr Ligue 1;27-295;1998;16;12;1,057;11.7;0;1;1;0;0;0;6;2;0;0.09;0.09;0;0.09;Matches
622;Koni De Winter;be BEL;DF;Milan;it Serie A;23-288;2002;22;16;1,548;17.2;1;1;2;1;0;0;1;0;0.06;0.06;0.12;0.06;0.12;Matches
623;Alessandro Deiola;it ITA;MF,DF;Cagliari;it Serie A;30-238;1995;13;11;976;10.8;0;2;2;0;0;0;3;0;0;0.18;0.18;0;0.18;Matches
624;Romain Del Castillo;fr FRA;MF,FW;Brest;fr Ligue 1;29-363;1996;25;25;2,061;22.9;8;2;10;2;6;8;1;1;0.35;0.09;0.44;0.09;0.17;Matches
625;Enrico Del Prato;it ITA;DF;Parma;it Serie A;26-137;1999;28;27;2,348;26.1;1;0;1;1;0;0;5;0;0.04;0;0.04;0.04;0.04;Matches
626;Thomas Delaine;fr FRA;MF,DF;Le Havre;fr Ligue 1;34-003;1992;5;2;201;2.2;0;0;0;0;0;0;1;0;0;0;0;0;0;Matches
627;Liam Delap;eng ENG;FW;Chelsea;eng Premier League;23-047;2003;22;9;796;8.8;1;0;1;1;0;0;2;0;0.11;0;0.11;0.11;0.11;Matches
628;Fisayo Dele-Bashiru;ng NGA;MF;Lazio;it Serie A;25-049;2001;16;8;767;8.5;0;0;0;0;0;0;0;0;0;0;0;0;0;Matches
629;Olivier Deman;be BEL;DF,MF;Werder Bremen;de Bundesliga;25-355;2000;9;7;624;6.9;1;1;2;1;0;0;2;0;0.14;0.14;0.29;0.14;0.29;Matches
630;Pape Demba Diop;sn SEN;MF;Toulouse;fr Ligue 1;22-204;2003;10;10;868;9.6;1;2;3;1;0;0;2;0;0.1;0.21;0.31;0.1;0.31;Matches
631;Ali Dembélé;fr FRA;DF;Torino;it Serie A;22-081;2004;2;0;21;0.2;0;0;0;0;0;0;0;0;0;0;0;0;0;Matches
632;Ousmane Dembélé;fr FRA;FW;Paris Saint-Germain;fr Ligue 1;28-316;1997;16;7;746;8.3;8;5;13;6;2;3;0;0;0.97;0.6;1.57;0.72;1.33;Matches
633;Jessy Deminguet;fr FRA;MF;Metz;fr Ligue 1;28-079;1998;25;19;1,504;16.7;1;0;1;1;0;0;4;0;0.06;0;0.06;0.06;0.06;Matches
634;Ermedin Demirović;ba BIH;FW;Stuttgart;de Bundesliga;28-002;1998;18;14;1,165;12.9;9;2;11;8;1;1;4;0;0.7;0.15;0.85;0.62;0.77;Matches
635;Rav van den Berg;nl NED;DF;Köln;de Bundesliga;21-263;2004;13;11;1,041;11.6;0;1;1;0;0;0;0;1;0;0.09;0.09;0;0.09;Matches
636;Sepp van den Berg;nl NED;DF;Brentford;eng Premier League;24-097;2001;26;25;2,304;25.6;0;1;1;0;0;0;1;0;0;0.04;0.04;0;0.04;Matches
637;Branco van den Boomen;nl NED;MF;Angers;fr Ligue 1;30-249;1995;8;7;618;6.9;0;1;1;0;0;0;2;0;0;0.15;0.15;0;0.15;Matches
638;Leander Dendoncker;be BEL;MF;Oviedo;es La Liga;30-346;1995;19;15;1,330;14.8;1;0;1;1;0;0;2;0;0.07;0;0.07;0.07;0.07;Matches
639;Daniel Denoon;ch SUI;DF;Pisa;it Serie A;22-058;2004;2;2;122;1.4;0;0;0;0;0;0;1;0;0;0;0;0;0;Matches
640;Nelson Deossa;co COL;MF;Real Betis;es La Liga;26-049;2000;16;7;602;6.7;0;0;0;0;0;0;3;0;0;0;0;0;0;Matches
641;Rémy Descamps;fr FRA;GK;Lyon;fr Ligue 1;29-275;1996;5;5;450;5;0;0;0;0;0;0;0;0;0;0;0;0;0;Matches
642;Bahmed Deuff;mr MTN;MF;Nantes;fr Ligue 1;20-014;2006;10;1;232;2.6;0;0;0;0;0;0;1;0;0;0;0;0;0;Matches
643;Justin Devenny;nir NIR;MF,FW;Crystal Palace;eng Premier League;22-167;2003;18;5;603;6.7;1;0;1;0;1;1;0;0;0.15;0;0.15;0;0;Matches
644;Tidiane Devernois;fr FRA;MF;Auxerre;fr Ligue 1;18-160;2007;2;0;10;0.1;0;0;0;0;0;0;0;0;0;0;0;0;0;Matches
645;Kiernan Dewsbury-Hall;eng ENG;MF;Everton;eng Premier League;27-202;1998;24;23;2,005;22.3;6;3;9;6;0;0;6;0;0.27;0.13;0.4;0.27;0.4;Matches
646;Michele Di Gregorio;it ITA;GK;Juventus;it Serie A;28-243;1997;23;23;2,070;23;0;0;0;0;0;0;1;0;0;0;0;0;0;Matches
647;Giovanni Di Lorenzo;it ITA;DF,MF;Napoli;it Serie A;32-235;1993;23;23;2,009;22.3;1;1;2;1;0;0;1;0;0.04;0.04;0.09;0.04;0.09;Matches
648;Alessandro Di Pardo;it ITA;DF,MF;Cagliari;it Serie A;26-252;1999;3;0;54;0.6;0;0;0;0;0;0;0;0;0;0;0;0;0;Matches
649;Boulaye Dia;sn SEN;FW,MF;Lazio;it Serie A;29-131;1996;19;11;956;10.6;1;1;2;1;0;0;0;0;0.09;0.09;0.19;0.09;0.19;Matches
650;Ibrahim Diabaté;ci CIV;FW;Alavés;es La Liga;26-130;1999;1;0;45;0.5;0;0;0;0;0;0;0;0;0;0;0;0;0;Matches
651;Bambo Diaby;sn SEN;DF;Elche;es La Liga;28-100;1997;4;1;102;1.1;0;0;0;0;0;0;1;0;0;0;0;0;0;Matches
652;Mouctar Diakhaby;gn GUI;DF;Valencia;es La Liga;29-098;1996;8;7;543;6;1;0;1;1;0;0;3;0;0.17;0;0.17;0.17;0.17;Matches
653;Bafodé Diakité;fr FRA;DF;Bournemouth;eng Premier League;25-080;2001;18;15;1,277;14.2;0;0;0;0;0;0;1;0;0;0;0;0;0;Matches
654;Amad Diallo;ci CIV;MF;Manchester Utd;eng Premier League;23-259;2002;25;22;1,917;21.3;2;2;4;2;0;0;2;0;0.09;0.09;0.19;0.09;0.19;Matches
655;Habib Diallo;sn SEN;FW;Metz;fr Ligue 1;30-282;1995;20;18;1,663;18.5;4;1;5;4;0;1;0;0;0.22;0.05;0.27;0.22;0.27;Matches
656;Zoumana Diallo;fr FRA;FW;Nice;fr Ligue 1;21-053;2005;1;0;10;0.1;0;0;0;0;0;0;0;0;0;0;0;0;0;Matches
657;Grady Diangana;cd COD;MF;Elche;es La Liga;27-342;1998;17;11;763;8.5;1;0;1;1;0;0;2;0;0.12;0;0.12;0.12;0.12;Matches
658;Assane Diao;sn SEN;MF;Como;it Serie A;20-201;2005;9;5;442;4.9;1;1;2;1;0;0;0;0;0.2;0.2;0.41;0.2;0.41;Matches
659;Soriba Diaoune;fr FRA;MF;Lille;fr Ligue 1;18-225;2007;10;1;185;2.1;1;1;2;1;0;0;0;0;0.49;0.49;0.97;0.49;0.97;Matches
660;Habib Diarra;sn SEN;MF;Sunderland;eng Premier League;22-083;2004;14;12;1,098;12.2;2;0;2;1;1;1;4;0;0.16;0;0.16;0.08;0.08;Matches
661;Moussa Diarra;ml MLI;DF;Alavés;es La Liga;25-137;2000;3;3;216;2.4;0;0;0;0;0;0;1;0;0;0;0;0;0;Matches
662;Rúben Dias;pt POR;DF;Manchester City;eng Premier League;28-317;1997;25;23;2,051;22.8;2;0;2;2;0;0;3;0;0.09;0;0.09;0.09;0.09;Matches
663;Krépin Diatta;sn SEN;MF,DF;Monaco;fr Ligue 1;27-030;1999;15;9;852;9.5;0;1;1;0;0;0;2;0;0;0.11;0.11;0;0.11;Matches
664;Mory Diaw;sn SEN;GK;Le Havre;fr Ligue 1;32-278;1993;23;23;2,025;22.5;0;1;1;0;0;0;1;0;0;0.04;0.04;0;0.04;Matches
665;Brahim Díaz;ma MAR;FW,MF;Real Madrid;es La Liga;26-236;1999;21;6;686;7.6;0;4;4;0;0;0;1;0;0;0.52;0.52;0;0.52;Matches
666;Daniel Díaz;es ESP;FW;Real Sociedad;es La Liga;19-278;2006;1;0;18;0.2;0;0;0;0;0;0;0;0;0;0;0;0;0;Matches
667;Julio Diaz;es ESP;DF;Atlético Madrid;es La Liga;21-076;2005;1;1;90;1;0;0;0;0;0;0;0;0;0;0;0;0;0;Matches
668;Junior Diaz;ci CIV;DF;Brest;fr Ligue 1;22-247;2003;16;14;1,296;14.4;0;0;0;0;0;0;3;0;0;0;0;0;0;Matches
669;Luis Díaz;co COL;MF;Bayern Munich;de Bundesliga;29-073;1997;25;23;2,069;23;15;11;26;15;0;0;7;1;0.65;0.48;1.13;0.65;1.13;Matches
670;Pedro Díaz;es ESP;MF,FW;Rayo Vallecano;es La Liga;27-295;1998;26;16;1,386;15.4;0;0;0;0;0;0;1;0;0;0;0;0;0;Matches
671;Tyler Dibling;eng ENG;MF;Everton;eng Premier League;20-015;2006;14;4;358;4;0;0;0;0;0;0;2;0;0;0;0;0;0;Matches
672;Nouha Dicko;ml MLI;FW,MF;Paris FC;fr Ligue 1;33-317;1992;8;0;72;0.8;1;1;2;1;0;0;0;0;1.25;1.25;2.5;1.25;2.5;Matches
673;Bamba Dieng;sn SEN;FW;Lorient;fr Ligue 1;26-004;2000;15;9;757;8.4;7;1;8;6;1;1;2;0;0.83;0.12;0.95;0.71;0.83;Matches
674;Eric Dier;eng ENG;DF;Monaco;fr Ligue 1;32-071;1994;8;7;672;7.5;1;0;1;1;0;0;0;0;0.13;0;0.13;0.13;0.13;Matches
675;Lucas Digne;fr FRA;DF;Aston Villa;eng Premier League;32-250;1993;26;18;1,557;17.3;0;4;4;0;0;0;3;0;0;0.23;0.23;0;0.23;Matches
676;Kevin Diks;id IDN;DF;Gladbach;de Bundesliga;29-172;1996;24;23;2,042;22.7;4;0;4;0;4;4;5;0;0.18;0;0.18;0;0;Matches
677;Federico Dimarco;it ITA;MF;Inter;it Serie A;28-137;1997;28;24;2,229;24.8;6;13;19;6;0;0;3;0;0.24;0.52;0.77;0.24;0.77;Matches
678;Stole Dimitrievski;mk MKD;GK;Valencia;es La Liga;32-092;1993;11;11;990;11;0;0;0;0;0;0;0;0;0;0;0;0;0;Matches
679;Junior Dina Ebimbe;cm CMR;MF,FW;Brest;fr Ligue 1;25-126;2000;21;10;774;8.6;2;0;2;2;0;0;2;0;0.23;0;0.23;0.23;0.23;Matches
680;Eren Dinkçi;de GER;MF,FW;Heidenheim;de Bundesliga;24-104;2001;8;7;621;6.9;1;1;2;1;0;0;1;0;0.14;0.14;0.29;0.14;0.29;Matches
681;Eren Dinkçi;de GER;MF;Freiburg;de Bundesliga;24-104;2001;8;3;248;2.8;0;0;0;0;0;0;1;0;0;0;0;0;0;Matches
682;Sinaly Diomande;ci CIV;DF;Auxerre;fr Ligue 1;24-352;2001;17;17;1,501;16.7;1;1;2;1;0;0;4;1;0.06;0.06;0.12;0.06;0.12;Matches
683;Yan Diomandé;ci CIV;FW,MF;RB Leipzig;de Bundesliga;19-133;2006;26;21;1,871;20.8;10;6;16;10;0;0;2;0;0.48;0.29;0.77;0.48;0.77;Matches
684;Issa Diop;fr FRA;DF;Fulham;eng Premier League;29-077;1997;10;6;596;6.6;0;0;0;0;0;0;2;0;0;0;0;0;0;Matches
685;Sérigné Diop;sn SEN;FW;Brest;fr Ligue 1;20-319;2005;2;0;12;0.1;0;0;0;0;0;0;0;0;0;0;0;0;0;Matches
686;Sofiane Diop;ma MAR;MF,FW;Nice;fr Ligue 1;25-291;2000;26;21;1,695;18.8;7;2;9;5;2;2;5;0;0.37;0.11;0.48;0.27;0.37;Matches
687;Andy Diouf;fr FRA;MF;Inter;it Serie A;22-314;2003;14;1;238;2.6;0;0;0;0;0;0;0;0;0;0;0;0;0;Matches
688;Andy Diouf;fr FRA;MF;Lens;fr Ligue 1;22-314;2003;1;1;90;1;0;0;0;0;0;0;0;0;0;0;0;0;0;Matches
689;El Hadji Malick Diouf;sn SEN;DF,MF;West Ham United;eng Premier League;21-089;2004;25;23;2,094;23.3;0;5;5;0;0;0;4;0;0;0.21;0.21;0;0.21;Matches
690;Yehvann Diouf;sn SEN;GK;Nice;fr Ligue 1;26-131;1999;19;19;1,710;19;0;0;0;0;0;0;1;0;0;0;0;0;0;Matches
691;Assane Dioussé;sn SEN;MF;Auxerre;fr Ligue 1;28-188;1997;14;1;215;2.4;0;0;0;0;0;0;3;0;0;0;0;0;0;Matches
692;Axel Disasi;fr FRA;DF;West Ham United;eng Premier League;28-016;1998;7;7;630;7;0;0;0;0;0;0;0;0;0;0;0;0;0;Matches
693;Matías Dituro;ar ARG;GK;Elche;es La Liga;38-323;1987;13;13;1,170;13;0;0;0;0;0;0;1;0;0;0;0;0;0;Matches
694;Djené;tg TOG;DF,MF;Getafe;es La Liga;34-086;1991;27;25;2,048;22.8;0;0;0;0;0;0;7;1;0;0;0;0;0;Matches
695;Harouna Djibrin;cm CMR;MF;Angers;fr Ligue 1;19-142;2006;15;1;336;3.7;2;1;3;2;0;0;2;0;0.54;0.27;0.8;0.54;0.8;Matches
696;Berat Djimsiti;al ALB;DF;Atalanta;it Serie A;33-036;1993;27;23;2,016;22.4;0;0;0;0;0;0;2;0;0;0;0;0;0;Matches
697;Marko Dmitrović;rs SRB;GK;Espanyol;es La Liga;34-062;1992;29;29;2,610;29;0;0;0;0;0;0;0;0;0;0;0;0;0;Matches
698;Henrick Do Marcolino;fr FRA;FW;Rennes;fr Ligue 1;20-006;2006;1;0;3;0;0;0;0;0;0;0;0;0;0;0;0;0;0;Matches
699;Ritsu Doan;jp JPN;MF;Eintracht Frankfurt;de Bundesliga;27-284;1998;27;25;2,082;23.1;4;5;9;4;0;0;4;0;0.17;0.22;0.39;0.17;0.39;Matches
700;Dodô;br BRA;DF,MF;Fiorentina;it Serie A;27-130;1998;29;29;2,504;27.8;1;2;3;1;0;0;6;0;0.04;0.07;0.11;0.04;0.11;Matches
701;Danilho Doekhi;nl NED;DF;Union Berlin;de Bundesliga;27-270;1998;27;27;2,430;27;4;0;4;4;0;0;4;0;0.15;0;0.15;0.15;0.15;Matches
702;Matt Doherty;ie IRL;DF,MF;Wolves;eng Premier League;34-070;1992;10;10;702;7.8;0;0;0;0;0;0;4;0;0;0;0;0;0;Matches
703;Josh Doig;sct SCO;DF;Sassuolo;it Serie A;23-313;2002;28;20;1,763;19.6;0;0;0;0;0;0;4;0;0;0;0;0;0;Matches
704;Jeremy Doku;be BEL;MF,FW;Manchester City;eng Premier League;23-304;2002;22;13;1,231;13.7;1;4;5;1;0;0;0;0;0.07;0.29;0.37;0.07;0.37;Matches
705;Tyrhys Dolan;eng ENG;MF;Espanyol;es La Liga;24-089;2001;28;22;1,901;21.1;1;4;5;1;0;0;6;1;0.05;0.19;0.24;0.05;0.24;Matches
706;Marc Domenech;es ESP;MF;Mallorca;es La Liga;20-085;2006;7;2;214;2.4;0;1;1;0;0;0;0;0;0;0.42;0.42;0;0.42;Matches
707;Benjamín Domínguez;ar ARG;MF;Bologna;it Serie A;22-189;2003;13;5;482;5.4;0;3;3;0;0;0;1;0;0;0.56;0.56;0;0.56;Matches
708;Carlos Dominguez;es ESP;DF;Celta Vigo;es La Liga;25-044;2001;8;6;610;6.8;0;0;0;0;0;0;1;0;0;0;0;0;0;Matches
709;Nicolás Domínguez;ar ARG;MF;Nottingham Forest;eng Premier League;27-272;1998;20;14;935;10.4;1;0;1;1;0;0;2;0;0.1;0;0.1;0.1;0.1;Matches
710;Jean-Luc Dompé;fr FRA;FW,MF;Hamburger SV;de Bundesliga;30-227;1995;20;12;1,138;12.6;3;0;3;2;1;1;0;0;0.24;0;0.24;0.16;0.16;Matches
711;John Donald;es ESP;DF,MF;Elche;es La Liga;25-209;2000;14;5;458;5.1;1;0;1;1;0;0;2;0;0.2;0;0.2;0.2;0.2;Matches
712;Gianluigi Donnarumma;it ITA;GK;Manchester City;eng Premier League;27-030;1999;27;27;2,430;27;0;0;0;0;0;0;6;0;0;0;0;0;0;Matches
713;Romelle Donovan;eng ENG;FW;Brentford;eng Premier League;19-117;2006;4;0;41;0.5;0;0;0;0;0;0;0;0;0;0;0;0;0;Matches
714;Patrick Dorgu;dk DEN;MF;Manchester Utd;eng Premier League;21-152;2004;22;14;1,335;14.8;3;3;6;3;0;0;5;0;0.2;0.2;0.4;0.2;0.4;Matches
715;Niklas Dorsch;de GER;MF;Heidenheim;de Bundesliga;28-071;1998;25;21;1,746;19.4;0;0;0;0;0;0;2;0;0;0;0;0;0;Matches
716;Alberto Dossena;it ITA;DF;Cagliari;it Serie A;27-165;1998;6;6;540;6;0;1;1;0;0;0;5;0;0;0.17;0.17;0;0.17;Matches
717;Lohann Doucet;bf BFA;MF;Paris FC;fr Ligue 1;23-194;2002;5;1;121;1.3;1;0;1;1;0;0;2;0;0.74;0;0.74;0.74;0.74;Matches
718;Fodé Doucouré;ml MLI;MF,FW;Le Havre;fr Ligue 1;25-052;2001;20;9;828;9.2;2;1;3;2;0;0;1;0;0.22;0.11;0.33;0.22;0.33;Matches
719;Sékou Doucoure;fr FRA;DF;Nantes;fr Ligue 1;20-335;2005;1;0;45;0.5;0;0;0;0;0;0;0;0;0;0;0;0;0;Matches
720;Désiré Doué;fr FRA;FW;Paris Saint-Germain;fr Ligue 1;20-297;2005;17;11;912;10.1;5;2;7;5;0;1;0;0;0.49;0.2;0.69;0.49;0.69;Matches
721;Guela Doué;ci CIV;DF,MF;Strasbourg;fr Ligue 1;23-161;2002;20;19;1,701;18.9;2;5;7;2;0;0;3;0;0.11;0.26;0.37;0.11;0.37;Matches
722;Ismaël Doukouré;fr FRA;DF,MF;Strasbourg;fr Ligue 1;22-246;2003;20;20;1,668;18.5;0;1;1;0;0;0;3;2;0;0.05;0.05;0;0.05;Matches
723;Kamory Doumbia;ml MLI;MF;Brest;fr Ligue 1;23-037;2003;20;19;1,515;16.8;5;3;8;5;0;0;6;0;0.3;0.18;0.48;0.3;0.48;Matches
724;Anastasios Douvikas;gr GRE;FW;Como;it Serie A;26-237;1999;30;18;1,668;18.5;11;1;12;10;1;1;0;0;0.59;0.05;0.65;0.54;0.59;Matches
725;Artem Dovbyk;ua UKR;FW;Roma;it Serie A;28-279;1997;13;3;390;4.3;3;1;4;3;0;0;0;0;0.69;0.23;0.92;0.69;0.92;Matches
726;Max Dowman;eng ENG;MF;Arsenal;eng Premier League;16-086;2009;3;0;46;0.5;1;0;1;1;0;0;0;0;1.96;0;1.96;1.96;1.96;Matches
727;Damion Downs;us USA;FW;Hamburger SV;de Bundesliga;21-264;2004;9;6;502;5.6;0;0;0;0;0;0;0;0;0;0;0;0;0;Matches
728;Radu Drăgușin;ro ROU;DF;Tottenham Hotspur;eng Premier League;24-052;2002;8;5;515;5.7;0;0;0;0;0;0;0;0;0;0;0;0;0;Matches
729;Joél Drakes-Thomas;eng ENG;MF;Crystal Palace;eng Premier League;16-291;2009;2;0;9;0.1;0;0;0;0;0;0;0;0;0;0;0;0;0;Matches
730;Domingos Duarte;pt POR;DF;Getafe;es La Liga;31-017;1995;26;26;2,222;24.7;1;1;2;1;0;0;8;0;0.04;0.04;0.08;0.04;0.08;Matches
731;Martin Dúbravka;sk SVK;GK;Burnley;eng Premier League;37-071;1989;31;31;2,790;31;0;0;0;0;0;0;1;0;0;0;0;0;0;Matches
732;Denzel Dumfries;nl NED;MF;Inter;it Serie A;29-343;1996;14;11;926;10.3;1;0;1;1;0;0;2;0;0.1;0;0.1;0.1;0.1;Matches
733;Lewis Dunk;eng ENG;DF;Brighton;eng Premier League;34-126;1991;29;28;2,565;28.5;0;0;0;0;0;0;10;0;0;0;0;0;0;Matches
734;Maxime Dupé;fr FRA;GK;Nice;fr Ligue 1;33-023;1993;8;8;720;8;0;0;0;0;0;0;0;0;0;0;0;0;0;Matches
735;Pablo Durán;es ESP;FW,MF;Celta Vigo;es La Liga;24-306;2001;22;12;1,064;11.8;2;2;4;2;0;0;0;0;0.17;0.17;0.34;0.17;0.34;Matches
736;Hugo Duro;es ESP;FW;Valencia;es La Liga;26-137;1999;28;17;1,555;17.3;9;0;9;8;1;1;4;0;0.52;0;0.52;0.46;0.46;Matches
737;Rafiu Durosinmi;ng NGA;FW;Pisa;it Serie A;23-085;2003;9;4;384;4.3;1;1;2;1;0;0;0;1;0.23;0.23;0.47;0.23;0.47;Matches
738;Paulo Dybala;ar ARG;FW,MF;Roma;it Serie A;32-132;1993;17;12;1,054;11.7;2;2;4;2;0;1;0;0;0.17;0.17;0.34;0.17;0.34;Matches
739;Edin Džeko;ba BIH;FW;Fiorentina;it Serie A;40-010;1986;11;2;244;2.7;0;0;0;0;0;0;1;0;0;0;0;0;0;Matches
740;Adam Dźwigała;pl POL;DF;St Pauli;de Bundesliga;30-183;1995;16;12;1,077;12;1;1;2;1;0;0;5;0;0.08;0.08;0.17;0.08;0.17;Matches
741;Aron Dønnum;no NOR;MF;Toulouse;fr Ligue 1;27-341;1998;22;22;1,949;21.7;4;4;8;1;3;3;7;0;0.18;0.18;0.37;0.05;0.23;Matches
742;George Earthy;eng ENG;MF;West Ham United;eng Premier League;21-203;2004;1;0;9;0.1;0;0;0;0;0;0;0;0;0;0;0;0;0;Matches
743;Younes Ebnoutalib;de GER;FW;Eintracht Frankfurt;de Bundesliga;22-195;2003;2;2;109;1.2;1;0;1;1;0;0;0;0;0.83;0;0.83;0.83;0.83;Matches
744;Simon Ebonog;cm CMR;MF;Le Havre;fr Ligue 1;21-223;2004;23;17;1,374;15.3;0;0;0;0;0;0;6;0;0;0;0;0;0;Matches
745;Enzo Ebosse;cm CMR;DF;Hellas Verona;it Serie A;27-016;1999;4;3;214;2.4;0;0;0;0;0;0;1;0;0;0;0;0;0;Matches
746;Enzo Ebosse;cm CMR;DF;Torino;it Serie A;27-016;1999;5;5;402;4.5;0;0;0;0;0;0;0;0;0;0;0;0;0;Matches
747;Claudio Echeverri;ar ARG;MF;Girona;es La Liga;20-084;2006;9;1;266;3;1;1;2;1;0;0;3;0;0.34;0.34;0.68;0.34;0.68;Matches
748;Claudio Echeverri;ar ARG;MF;Leverkusen;de Bundesliga;20-084;2006;6;1;134;1.5;0;0;0;0;0;0;0;0;0;0;0;0;0;Matches
749;Éderson;br BRA;MF;Atalanta;it Serie A;26-263;1999;23;20;1,683;18.7;1;0;1;0;1;1;1;0;0.05;0;0.05;0;0;Matches
750;Noah Edjouma;fr FRA;FW;Toulouse;fr Ligue 1;20-174;2005;12;2;256;2.8;0;0;0;0;0;0;0;0;0;0;0;0;0;Matches
751;Noah Edjouma;fr FRA;MF;Lille;fr Ligue 1;20-174;2005;3;1;92;1;0;0;0;0;0;0;0;0;0;0;0;0;0;Matches
752;Andrias Edmundsson;fo FRO;DF;Hellas Verona;it Serie A;25-099;2000;7;7;630;7;0;0;0;0;0;0;2;0;0;0;0;0;0;Matches
753;Odsonne Édouard;fr FRA;FW;Crystal Palace;eng Premier League;28-070;1998;1;0;3;0;0;0;0;0;0;0;0;0;0;0;0;0;0;Matches
754;Odsonne Édouard;fr FRA;FW;Lens;fr Ligue 1;28-070;1998;23;22;1,455;16.2;12;3;15;11;1;1;1;0;0.74;0.19;0.93;0.68;0.87;Matches
755;Tom Edozie;eng ENG;MF;Wolves;eng Premier League;19-313;2006;1;0;7;0.1;1;0;1;1;0;0;0;0;12.86;0;12.86;12.86;12.86;Matches
756;Yannick Eduardo;cz CZE;FW;Hoffenheim;de Bundesliga;20-063;2006;1;0;1;0;0;0;0;0;0;0;0;0;0;0;0;0;0;Matches
757;Alysson Edward;br BRA;MF;Aston Villa;eng Premier League;19-326;2006;3;0;49;0.5;0;0;0;0;0;0;0;0;0;0;0;0;0;Matches
758;Marcus Edwards;eng ENG;MF,FW;Burnley;eng Premier League;27-114;1998;19;9;910;10.1;1;3;4;1;0;0;0;0;0.1;0.3;0.4;0.1;0.4;Matches
759;CJ Egan-Riley;eng ENG;DF,MF;Marseille;fr Ligue 1;23-084;2003;10;7;548;6.1;0;0;0;0;0;0;1;1;0;0;0;0;0;Matches
760;Maximilian Eggestein;de GER;MF;Freiburg;de Bundesliga;29-109;1996;27;27;2,430;27;2;0;2;2;0;0;3;0;0.07;0;0.07;0.07;0.07;Matches
761;Kingsley Ehizibue;nl NED;MF,DF;Udinese;it Serie A;30-306;1995;25;13;1,239;13.8;0;0;0;0;0;0;3;0;0;0;0;0;0;Matches
762;Ovie Ejaria;eng ENG;MF;Oviedo;es La Liga;28-129;1997;7;2;180;2;0;0;0;0;0;0;1;0;0;0;0;0;0;Matches
763;Chidera Ejuke;ng NGA;MF,FW;Sevilla;es La Liga;28-084;1998;21;4;684;7.6;1;1;2;1;0;0;0;0;0.13;0.13;0.26;0.13;0.26;Matches
764;Hjalmar Ekdal;se SWE;DF;Burnley;eng Premier League;27-157;1998;15;13;1,179;13.1;0;0;0;0;0;0;0;0;0;0;0;0;0;Matches
765;Jeff Ekhator;it ITA;FW;Genoa;it Serie A;19-136;2006;24;5;649;7.2;2;0;2;2;0;0;3;0;0.28;0;0.28;0.28;0.28;Matches
766;Hugo Ekitike;fr FRA;FW;Liverpool;eng Premier League;23-280;2002;28;21;1,803;20;11;4;15;11;0;0;0;0;0.55;0.2;0.75;0.55;0.75;Matches
767;Jurgen Ekkelenkamp;nl NED;MF;Udinese;it Serie A;25-356;2000;26;22;1,803;20;4;1;5;4;0;0;1;0;0.2;0.05;0.25;0.2;0.25;Matches
768;Jacques Ekomie;ga GAB;DF,MF;Angers;fr Ligue 1;22-220;2003;25;19;1,673;18.6;0;0;0;0;0;0;3;0;0;0;0;0;0;Matches
769;Caleb Ekuban;gh GHA;FW,MF;Genoa;it Serie A;32-004;1994;25;6;847;9.4;3;1;4;3;0;0;0;0;0.32;0.11;0.43;0.32;0.43;Matches
770;Anthony Elanga;se SWE;FW,MF;Newcastle United;eng Premier League;23-334;2002;27;13;1,221;13.6;0;1;1;0;0;0;0;0;0;0.07;0.07;0;0.07;Matches
771;Daniel Elfadli;ly LBY;DF;Hamburger SV;de Bundesliga;28-355;1997;19;14;1,170;13;0;0;0;0;0;0;6;1;0;0;0;0;0;Matches
772;Unai Elgezabal;es ESP;DF,MF;Levante;es La Liga;32-336;1993;12;11;958;10.6;1;0;1;1;0;0;2;0;0.09;0;0.09;0.09;0.09;Matches
773;Melker Ellborg;se SWE;GK;Sunderland;eng Premier League;22-309;2003;3;3;270;3;0;0;0;0;0;0;0;0;0;0;0;0;0;Matches
774;Mikael Ellertsson;is ISL;MF;Genoa;it Serie A;24-016;2002;29;24;2,183;24.3;1;1;2;1;0;0;1;0;0.04;0.04;0.08;0.04;0.08;Matches
775;Harvey Elliott;eng ENG;FW,MF;Liverpool;eng Premier League;22-357;2003;1;0;1;0;0;0;0;0;0;0;0;0;0;0;0;0;0;Matches
776;Harvey Elliott;eng ENG;MF;Aston Villa;eng Premier League;22-357;2003;4;1;112;1.2;0;0;0;0;0;0;0;0;0;0;0;0;0;Matches
777;Elif Elmas;mk MKD;MF;Napoli;it Serie A;26-184;1999;26;18;1,540;17.1;1;2;3;1;0;0;2;0;0.06;0.12;0.18;0.06;0.18;Matches
778;Nesta Elphege;fr FRA;FW;Parma;it Serie A;25-077;2001;3;0;53;0.6;0;0;0;0;0;0;0;0;0;0;0;0;0;Matches
779;Aritz Elustondo;es ESP;DF;Real Sociedad;es La Liga;31-364;1994;10;4;395;4.4;0;0;0;0;0;0;0;0;0;0;0;0;0;Matches
780;Nico Elvedi;ch SUI;DF;Gladbach;de Bundesliga;29-178;1996;27;27;2,426;27;0;0;0;0;0;0;2;0;0;0;0;0;0;Matches
781;Breel Embolo;ch SUI;FW;Rennes;fr Ligue 1;29-041;1997;24;15;1,404;15.6;6;3;9;6;0;0;3;0;0.38;0.19;0.58;0.38;0.58;Matches
782;Emanuel Emegha;nl NED;FW;Strasbourg;fr Ligue 1;23-052;2003;7;4;414;4.6;4;2;6;4;0;0;3;0;0.87;0.43;1.3;0.87;1.3;Matches
783;Emersonn;br BRA;FW;Toulouse;fr Ligue 1;21-254;2004;21;15;1,209;13.4;4;2;6;4;0;0;4;1;0.3;0.15;0.45;0.3;0.45;Matches
784;Julio Enciso;py PAR;MF;Strasbourg;fr Ligue 1;22-063;2004;20;17;1,405;15.6;1;2;3;1;0;0;2;0;0.06;0.13;0.19;0.06;0.19;Matches
785;Wataru Endo;jp JPN;DF;Liverpool;eng Premier League;33-046;1993;8;1;175;1.9;0;1;1;0;0;0;1;0;0;0.51;0.51;0;0.51;Matches
786;Endrick;br BRA;FW;Real Madrid;es La Liga;19-249;2006;1;0;12;0.1;0;0;0;0;0;0;0;0;0;0;0;0;0;Matches
787;Endrick;br BRA;FW,MF;Lyon;fr Ligue 1;19-249;2006;9;8;701;7.8;3;4;7;2;1;1;2;1;0.39;0.51;0.9;0.26;0.77;Matches
788;Yannik Engelhardt;de GER;MF;Gladbach;de Bundesliga;25-048;2001;24;22;1,891;21;2;2;4;2;0;0;5;0;0.1;0.1;0.19;0.1;0.19;Matches
789;Christian Eriksen;dk DEN;MF;Wolfsburg;de Bundesliga;34-041;1992;24;20;1,839;20.4;2;6;8;0;2;2;4;0;0.1;0.29;0.39;0;0.29;Matches
790;Aarón Escandell;es ESP;GK;Oviedo;es La Liga;30-181;1995;29;29;2,610;29;0;0;0;0;0;0;2;0;0;0;0;0;0;Matches
791;Xavi Espart;es ESP;DF;Barcelona;es La Liga;18-310;2007;2;1;91;1;0;0;0;0;0;0;0;0;0;0;0;0;0;Matches
792;Carlos Espí;es ESP;FW;Levante;es La Liga;20-246;2005;16;4;568;6.3;7;0;7;7;0;0;1;0;1.11;0;1.11;1.11;1.11;Matches
793;Alfonso Espino;uy URU;DF,MF;Rayo Vallecano;es La Liga;34-081;1992;22;10;1,052;11.7;2;0;2;2;0;0;2;0;0.17;0;0.17;0.17;0.17;Matches
794;Francesco Esposito;it ITA;FW;Inter;it Serie A;20-272;2005;28;11;1,209;13.4;6;3;9;6;0;0;1;0;0.45;0.22;0.67;0.45;0.67;Matches
795;Sebastiano Esposito;it ITA;FW,MF;Cagliari;it Serie A;23-268;2002;28;26;2,023;22.5;4;5;9;4;0;0;5;0;0.18;0.22;0.4;0.18;0.4;Matches
796;Romain Esse;eng ENG;MF;Crystal Palace;eng Premier League;20-318;2005;4;0;44;0.5;0;0;0;0;0;0;0;0;0;0;0;0;0;Matches
797;Samuel Essende;cd COD;MF,FW;Augsburg;de Bundesliga;28-063;1998;14;2;414;4.6;1;0;1;1;0;0;2;0;0.22;0;0.22;0.22;0.22;Matches
798;Marco Esteban;es ESP;DF;Oviedo;es La Liga;20-085;2006;1;0;45;0.5;0;0;0;0;0;0;0;0;0;0;0;0;0;Matches
799;Maxime Estève;fr FRA;DF;Burnley;eng Premier League;23-305;2002;28;28;2,401;26.7;0;0;0;0;0;0;0;0;0;0;0;0;0;Matches
800;Tomás Esteves;pt POR;DF,MF;Pisa;it Serie A;23-358;2002;1;0;14;0.2;0;0;0;0;0;0;0;0;0;0;0;0;0;Matches
801;Nahuel Estévez;ar ARG;MF;Parma;it Serie A;30-133;1995;26;9;940;10.4;0;0;0;0;0;0;2;0;0;0;0;0;0;Matches
802;Pervis Estupiñán;ec ECU;MF;Milan;it Serie A;28-065;1998;16;12;888;9.9;1;1;2;1;0;0;3;1;0.1;0.1;0.2;0.1;0.2;Matches
803;Karl Etta Eyong;cm CMR;FW;Villarreal;es La Liga;22-164;2003;3;3;256;2.8;1;2;3;1;0;0;0;0;0.35;0.7;1.05;0.35;1.05;Matches
804;Karl Etta Eyong;cm CMR;FW;Levante;es La Liga;22-164;2003;23;15;1,335;14.8;5;2;7;5;0;1;2;0;0.34;0.13;0.47;0.34;0.47;Matches
805;Evanilson;br BRA;FW;Bournemouth;eng Premier League;26-172;1999;29;25;2,194;24.4;6;0;6;6;0;0;1;0;0.25;0;0.25;0.25;0.25;Matches
806;Edu Expósito;es ESP;MF;Espanyol;es La Liga;29-238;1996;27;23;1,812;20.1;1;6;7;1;0;0;6;0;0.05;0.3;0.35;0.05;0.35;Matches
807;Eberechi Eze;eng ENG;MF,FW;Arsenal;eng Premier League;27-271;1998;25;16;1,419;15.8;6;2;8;6;0;0;1;0;0.38;0.13;0.51;0.38;0.51;Matches
808;Eberechi Eze;eng ENG;MF;Crystal Palace;eng Premier League;27-271;1998;1;1;83;0.9;0;0;0;0;0;0;0;0;0;0;0;0;0;Matches
809;Abde Ezzalzouli;ma MAR;MF,FW;Real Betis;es La Liga;24-100;2001;20;18;1,536;17.1;5;5;10;5;0;0;3;0;0.29;0.29;0.59;0.29;0.59;Matches
810;Giovanni Fabbian;it ITA;MF;Bologna;it Serie A;23-072;2003;14;8;705;7.8;2;0;2;2;0;0;0;0;0.26;0;0.26;0.26;0.26;Matches
811;Giovanni Fabbian;it ITA;MF;Fiorentina;it Serie A;23-072;2003;8;1;161;1.8;0;0;0;0;0;0;2;0;0;0;0;0;0;Matches
812;Alieu Fadera;gm GAM;FW;Sassuolo;it Serie A;24-144;2001;25;8;936;10.4;2;1;3;2;0;0;4;0;0.19;0.1;0.29;0.19;0.29;Matches
813;Wout Faes;be BEL;DF;Monaco;fr Ligue 1;27-358;1998;8;8;658;7.3;0;0;0;0;0;0;3;0;0;0;0;0;0;Matches
814;Nicolò Fagioli;it ITA;MF;Fiorentina;it Serie A;25-043;2001;27;24;2,069;23;1;3;4;1;0;0;4;0;0.04;0.13;0.17;0.04;0.17;Matches
815;Romain Faivre;fr FRA;FW,MF;Auxerre;fr Ligue 1;27-256;1998;6;3;251;2.8;0;2;2;0;0;0;0;0;0;0.72;0.72;0;0.72;Matches
816;Omar Falah;es ESP;DF;Oviedo;es La Liga;22-199;2003;1;0;14;0.2;0;0;0;0;0;0;0;0;0;0;0;0;0;Matches
817;Wladimiro Falcone;it ITA;GK;Lecce;it Serie A;30-349;1995;30;30;2,700;30;0;0;0;0;0;0;2;0;0;0;0;0;0;Matches
818;Ansu Fati;es ESP;MF;Monaco;fr Ligue 1;23-147;2002;18;6;699;7.8;8;0;8;5;3;4;1;0;1.03;0;1.03;0.64;0.64;Matches
819;Abdoulaye Faye;sn SEN;DF;Lorient;fr Ligue 1;21-186;2004;10;9;843;9.4;0;0;0;0;0;0;7;0;0;0;0;0;0;Matches
820;Jacopo Fazzini;it ITA;MF,FW;Fiorentina;it Serie A;23-011;2003;15;4;434;4.8;0;0;0;0;0;0;1;0;0;0;0;0;0;Matches
821;Aleix Febas;es ESP;MF;Elche;es La Liga;30-053;1996;28;28;2,485;27.6;2;1;3;2;0;0;7;0;0.07;0.04;0.11;0.07;0.11;Matches
822;Mattia Felici;it ITA;MF;Cagliari;it Serie A;24-344;2001;11;4;411;4.6;2;1;3;2;0;0;3;0;0.44;0.22;0.66;0.44;0.66;Matches
823;Luiz Felipe;it ITA;DF;Rayo Vallecano;es La Liga;29-005;1997;9;6;380;4.2;0;0;0;0;0;0;1;0;0;0;0;0;0;Matches
824;Pedro Felipe;br BRA;DF;Sassuolo;it Serie A;21-308;2004;1;0;2;0;0;0;0;0;0;0;0;0;0;0;0;0;0;Matches
825;Frank Feller;de GER;GK;Heidenheim;de Bundesliga;22-079;2004;1;1;90;1;0;0;0;0;0;0;0;0;0;0;0;0;0;Matches
826;Robin Fellhauer;de GER;MF;Augsburg;de Bundesliga;28-065;1998;27;25;2,221;24.7;2;1;3;2;0;0;2;0;0.08;0.04;0.12;0.08;0.12;Matches
827;Kiko Femenía;es ESP;DF,MF;Getafe;es La Liga;35-053;1991;24;22;1,754;19.5;1;1;2;1;0;0;5;0;0.05;0.05;0.1;0.05;0.1;Matches
828;Evan Ferguson;ie IRL;FW;Roma;it Serie A;21-159;2004;16;10;773;8.6;3;2;5;3;0;0;1;0;0.35;0.23;0.58;0.35;0.58;Matches
829;Lewis Ferguson;sct SCO;MF;Bologna;it Serie A;26-215;1999;20;13;1,194;13.3;1;0;1;1;0;0;5;0;0.08;0;0.08;0.08;0.08;Matches
830;Bruno Fernandes;pt POR;MF;Manchester Utd;eng Premier League;31-200;1994;28;28;2,434;27;8;16;24;4;4;6;3;0;0.3;0.59;0.89;0.15;0.74;Matches
831;Mateus Fernandes;pt POR;MF;West Ham United;eng Premier League;21-260;2004;29;28;2,392;26.6;3;3;6;3;0;0;6;0;0.11;0.11;0.23;0.11;0.23;Matches
832;Dro Fernández;es ESP;MF;Barcelona;es La Liga;18-074;2008;4;1;92;1;0;0;0;0;0;0;0;0;0;0;0;0;0;Matches
833;Dro Fernández;es ESP;MF;Paris Saint-Germain;fr Ligue 1;18-074;2008;6;3;232;2.6;1;0;1;1;0;0;0;0;0.39;0;0.39;0.39;0.39;Matches
834;Enzo Fernández;ar ARG;MF;Chelsea;eng Premier League;25-069;2001;30;29;2,578;28.6;8;3;11;6;2;2;8;0;0.28;0.1;0.38;0.21;0.31;Matches
835;Ezequiél Fernández;ar ARG;MF;Leverkusen;de Bundesliga;23-245;2002;17;11;914;10.2;0;0;0;0;0;0;4;1;0;0;0;0;0;Matches
836;Manu Fernández;es ESP;DF;Celta Vigo;es La Liga;24-338;2001;13;9;713;7.9;0;0;0;0;0;0;2;0;0;0;0;0;0;Matches
837;Pelayo Fernandez;es ESP;DF;Rayo Vallecano;es La Liga;22-332;2003;1;0;45;0.5;0;0;0;0;0;0;0;0;0;0;0;0;0;Matches
838;Roberto Férnandez;es ESP;FW;Espanyol;es La Liga;23-267;2002;29;19;1,851;20.6;6;2;8;5;1;1;3;0;0.29;0.1;0.39;0.24;0.34;Matches
839;Thiago Fernández;ar ARG;MF;Oviedo;es La Liga;21-358;2004;8;3;327;3.6;0;3;3;0;0;0;2;0;0;0.83;0.83;0;0.83;Matches
840;Toni Fernández;es ESP;FW;Barcelona;es La Liga;17-255;2008;1;1;45;0.5;0;0;0;0;0;0;0;0;0;0;0;0;0;Matches
841;Matias Fernandez-Pardo;be BEL;MF,FW;Lille;fr Ligue 1;21-052;2005;22;20;1,760;19.6;5;4;9;5;0;0;4;0;0.26;0.2;0.46;0.26;0.46;Matches
842;Álvaro Fidalgo;mx MEX;MF;Real Betis;es La Liga;28-352;1997;6;6;441;4.9;1;0;1;1;0;0;0;0;0.2;0;0.2;0.2;0.2;Matches
843;Seydou Fini;it ITA;FW;Genoa;it Serie A;19-298;2006;1;0;32;0.4;0;0;0;0;0;0;0;0;0;0;0;0;0;Matches
844;Max Finkgräfe;de GER;DF;RB Leipzig;de Bundesliga;22-000;2004;7;1;140;1.6;0;0;0;0;0;0;0;0;0;0;0;0;0;Matches
845;Junior Firpo;do DOM;DF;Real Betis;es La Liga;29-217;1996;10;8;672;7.5;0;1;1;0;0;0;2;0;0;0.13;0.13;0;0.13;Matches
846;Jonathan Fischer;dk DEN;GK;Metz;fr Ligue 1;24-138;2001;26;25;2,264;25.2;0;0;0;0;0;0;0;0;0;0;0;0;0;Matches
847;Kilian Fischer;de GER;DF;Wolfsburg;de Bundesliga;25-166;2000;11;10;800;8.9;0;0;0;0;0;0;0;0;0;0;0;0;0;Matches
848;Mark Flekken;nl NED;GK;Leverkusen;de Bundesliga;32-287;1993;18;18;1,589;17.7;0;0;0;0;0;0;2;0;0;0;0;0;0;Matches
849;Zian Flemming;nl NED;FW;Burnley;eng Premier League;27-238;1998;22;14;1,189;13.2;8;0;8;6;2;2;3;0;0.61;0;0.61;0.45;0.45;Matches
850;Jack Fletcher;eng ENG;MF;Manchester Utd;eng Premier League;19-008;2007;3;0;108;1.2;0;0;0;0;0;0;0;0;0;0;0;0;0;Matches
851;Tyler Fletcher;sct SCO;MF;Manchester Utd;eng Premier League;19-008;2007;1;0;1;0;0;0;0;0;0;0;0;0;0;0;0;0;0;Matches
852;Romano Floriani;it ITA;MF,DF;Cremonese;it Serie A;23-059;2003;21;8;848;9.4;0;0;0;0;0;0;2;0;0;0;0;0;0;Matches
853;Phil Foden;eng ENG;MF;Manchester City;eng Premier League;25-303;2000;26;21;1,811;20.1;7;3;10;7;0;0;4;0;0.35;0.15;0.5;0.35;0.5;Matches
854;Malick Fofana;be BEL;MF,FW;Lyon;fr Ligue 1;20-361;2005;10;9;727;8.1;2;1;3;2;0;0;1;0;0.25;0.12;0.37;0.25;0.37;Matches
855;Rayan Fofana;fr FRA;FW;Lens;fr Ligue 1;20-043;2006;22;5;693;7.7;5;0;5;5;0;0;0;0;0.65;0;0.65;0.65;0.65;Matches
856;Sadik Fofana;tg TOG;MF;Lecce;it Serie A;22-315;2003;4;0;39;0.4;0;0;0;0;0;0;0;0;0;0;0;0;0;Matches
857;Seko Fofana;ci CIV;MF;Rennes;fr Ligue 1;30-324;1995;12;7;655;7.3;1;0;1;1;0;0;0;0;0.14;0;0.14;0.14;0.14;Matches
858;Wesley Fofana;fr FRA;DF;Chelsea;eng Premier League;25-100;2000;19;14;1,276;14.2;0;1;1;0;0;0;6;1;0;0.07;0.07;0;0.07;Matches
859;Youssouf Fofana;fr FRA;MF;Milan;it Serie A;27-076;1999;25;22;1,737;19.3;2;3;5;2;0;0;4;0;0.1;0.16;0.26;0.1;0.26;Matches
860;Jonas Föhrenbach;de GER;DF,MF;Heidenheim;de Bundesliga;30-060;1996;20;18;1,695;18.8;1;1;2;1;0;0;3;0;0.05;0.05;0.11;0.05;0.11;Matches
861;Francesco Folino;it ITA;DF;Cremonese;it Serie A;24-063;2002;16;7;686;7.6;1;0;1;1;0;0;1;0;0.13;0;0.13;0.13;0.13;Matches
862;Michael Folorunsho;it ITA;MF,FW;Cagliari;it Serie A;28-048;1998;20;19;1,580;17.6;2;0;2;2;0;0;3;0;0.11;0;0.11;0.11;0.11;Matches
863;Nicolas Fonseca;uy URU;MF;Oviedo;es La Liga;27-159;1998;12;5;513;5.7;0;0;0;0;0;0;3;0;0;0;0;0;0;Matches
864;Álex Forés;es ESP;FW;Oviedo;es La Liga;24-349;2001;15;2;296;3.3;0;1;1;0;0;0;0;0;0;0.3;0.3;0;0.3;Matches
865;Pablo Fornals;es ESP;MF;Real Betis;es La Liga;30-033;1996;29;26;2,253;25;7;4;11;7;0;0;2;0;0.28;0.16;0.44;0.28;0.44;Matches
866;Héctor Fort;es ESP;DF,MF;Elche;es La Liga;19-237;2006;9;5;327;3.6;1;2;3;1;0;0;0;0;0.28;0.55;0.83;0.28;0.83;Matches
867;Niccolò Fortini;it ITA;MF;Fiorentina;it Serie A;20-042;2006;16;2;541;6;0;0;0;0;0;0;0;0;0;0;0;0;0;Matches
868;Lyle Foster;za RSA;FW,MF;Burnley;eng Premier League;25-205;2000;23;15;1,303;14.5;3;2;5;3;0;0;4;0;0.21;0.14;0.35;0.21;0.35;Matches
869;Dimitri Foulquier;fr FRA;DF;Valencia;es La Liga;33-004;1993;15;12;1,150;12.8;0;0;0;0;0;0;1;0;0;0;0;0;0;Matches
870;Juan Foyth;ar ARG;DF;Villarreal;es La Liga;28-074;1998;13;12;934;10.4;0;0;0;0;0;0;2;0;0;0;0;0;0;Matches
871;Alejandro Francés;es ESP;DF;Girona;es La Liga;23-238;2002;17;6;619;6.9;0;1;1;0;0;0;1;1;0;0.15;0.15;0;0.15;Matches
872;Przemysław Frankowski;pl POL;MF,DF;Rennes;fr Ligue 1;30-349;1995;18;15;1,192;13.2;1;2;3;1;0;0;5;0;0.08;0.15;0.23;0.08;0.23;Matches
873;Davide Frattesi;it ITA;MF;Inter;it Serie A;26-156;1999;18;3;512;5.7;0;0;0;0;0;0;0;0;0;0;0;0;0;Matches
874;Oscar Fraulo;dk DEN;MF;Gladbach;de Bundesliga;22-111;2003;4;0;43;0.5;1;0;1;1;0;0;0;0;2.09;0;2.09;2.09;2.09;Matches
875;Tyler Fredricson;eng ENG;DF;Manchester Utd;eng Premier League;21-032;2005;1;0;3;0;0;0;0;0;0;0;0;0;0;0;0;0;0;Matches
876;Alex Freeman;us USA;DF;Villarreal;es La Liga;21-230;2004;4;0;42;0.5;0;0;0;0;0;0;0;0;0;0;0;0;0;Matches
877;Morten Frendrup;dk DEN;MF;Genoa;it Serie A;24-354;2001;29;28;2,459;27.3;1;0;1;1;0;0;3;0;0.04;0;0.04;0.04;0.04;Matches
878;Martin Frese;dk DEN;MF,DF;Hellas Verona;it Serie A;28-082;1998;24;20;1,816;20.2;2;0;2;2;0;0;5;0;0.1;0;0.1;0.1;0.1;Matches
879;Remo Freuler;ch SUI;MF;Bologna;it Serie A;33-346;1992;21;18;1,518;16.9;0;2;2;0;0;0;5;0;0;0.12;0.12;0;0.12;Matches
880;Marco Friedl;at AUT;DF;Werder Bremen;de Bundesliga;28-011;1998;25;25;2,208;24.5;1;0;1;1;0;0;7;0;0.04;0;0.04;0.04;0.04;Matches
881;Marvin Friedrich;de GER;DF;Gladbach;de Bundesliga;30-104;1995;6;1;152;1.7;0;0;0;0;0;0;0;0;0;0;0;0;0;Matches
882;Jeremie Frimpong;nl NED;DF,MF;Liverpool;eng Premier League;25-107;2000;15;9;752;8.4;0;1;1;0;0;0;1;0;0;0.12;0.12;0;0.12;Matches
883;Jorge de Frutos;es ESP;FW,MF;Rayo Vallecano;es La Liga;29-035;1997;27;26;1,912;21.2;10;1;11;9;1;1;3;0;0.47;0.05;0.52;0.42;0.47;Matches
884;Chris Führich;de GER;MF;Stuttgart;de Bundesliga;28-077;1998;26;14;1,215;13.5;4;5;9;4;0;0;1;0;0.3;0.37;0.67;0.3;0.67;Matches
885;Joel Fujita;jp JPN;MF;St Pauli;de Bundesliga;24-039;2002;26;25;2,213;24.6;1;3;4;1;0;0;4;0;0.04;0.12;0.16;0.04;0.16;Matches
886;Niclas Füllkrug;de GER;FW;West Ham United;eng Premier League;33-046;1993;8;5;409;4.5;0;0;0;0;0;0;0;0;0;0;0;0;0;Matches
887;Niclas Füllkrug;de GER;FW;Milan;it Serie A;33-046;1993;14;2;437;4.9;1;0;1;1;0;1;0;0;0.21;0;0.21;0.21;0.21;Matches
888;Matteo Gabbia;it ITA;DF;Milan;it Serie A;26-157;1999;24;22;1,990;22.1;0;0;0;0;0;0;3;0;0;0;0;0;0;Matches
889;Tiago Gabriel;pt POR;DF;Lecce;it Serie A;21-091;2004;30;29;2,589;28.8;1;0;1;1;0;0;4;0;0.03;0;0.03;0.03;0.03;Matches
890;Gianluca Gaetano;it ITA;MF,FW;Cagliari;it Serie A;25-326;2000;25;13;1,242;13.8;2;3;5;2;0;0;4;0;0.14;0.22;0.36;0.14;0.36;Matches
891;Roberto Gagliardini;it ITA;MF;Hellas Verona;it Serie A;31-354;1994;22;18;1,650;18.3;1;0;1;1;0;0;6;0;0.05;0;0.05;0.05;0.05;Matches
892;Cody Gakpo;nl NED;MF,FW;Liverpool;eng Premier League;26-324;1999;29;25;2,145;23.8;6;3;9;6;0;0;2;0;0.25;0.13;0.38;0.25;0.38;Matches
893;Javi Galán;es ESP;DF;Osasuna;es La Liga;31-128;1994;12;12;1,050;11.7;0;1;1;0;0;0;2;0;0;0.09;0.09;0;0.09;Matches
894;Javi Galán;es ESP;DF;Atlético Madrid;es La Liga;31-128;1994;5;1;134;1.5;0;0;0;0;0;0;0;0;0;0;0;0;0;Matches
895;Iñigo Ruiz de Galarreta;es ESP;MF;Athletic Club;es La Liga;32-233;1993;26;24;1,707;19;1;1;2;1;0;0;10;0;0.05;0.05;0.11;0.05;0.11;Matches
896;Conor Gallagher;eng ENG;MF;Tottenham Hotspur;eng Premier League;26-049;2000;9;7;585;6.5;0;1;1;0;0;0;0;0;0;0.15;0.15;0;0.15;Matches
897;Conor Gallagher;eng ENG;MF;Atlético Madrid;es La Liga;26-049;2000;19;4;679;7.5;2;0;2;2;0;0;2;0;0.27;0;0.27;0.27;0.27;Matches
898;Antonino Gallo;it ITA;DF;Lecce;it Serie A;26-081;2000;30;28;2,477;27.5;0;3;3;0;0;0;2;0;0;0.11;0.11;0;0.11;Matches
899;Idrissa Gana Gueye;sn SEN;MF;Everton;eng Premier League;36-182;1989;22;22;1,845;20.5;2;2;4;2;0;0;1;1;0.1;0.1;0.2;0.1;0.2;Matches
900;Ignatius Ganago;cm CMR;FW;Nantes;fr Ligue 1;27-039;1999;6;4;332;3.7;1;0;1;0;1;1;0;0;0.27;0;0.27;0;0;Matches
901;Omri Gandelman;il ISR;MF,FW;Lecce;it Serie A;25-315;2000;12;9;734;8.2;2;0;2;2;0;0;0;0;0.25;0;0.25;0.25;0.25;Matches
902;Ismaëlo Ganiou;fr FRA;DF;Lens;fr Ligue 1;21-013;2005;16;16;1,422;15.8;2;0;2;2;0;0;4;1;0.13;0;0.13;0.13;0.13;Matches
903;Ben Gannon-Doak;sct SCO;MF;Bournemouth;eng Premier League;20-136;2005;5;0;61;0.7;0;1;1;0;0;0;0;0;0;1.48;1.48;0;1.48;Matches
904;Facundo Garcés;my MAS;DF;Alavés;es La Liga;26-203;1999;10;8;793;8.8;0;0;0;0;0;0;3;0;0;0;0;0;0;Matches
905;Aleix García;es ESP;MF;Leverkusen;de Bundesliga;28-272;1997;27;25;2,185;24.3;2;6;8;2;0;0;5;0;0.08;0.25;0.33;0.08;0.33;Matches
906;Álvaro García;es ESP;MF,FW;Rayo Vallecano;es La Liga;33-151;1992;29;20;1,897;21.1;4;4;8;4;0;0;3;0;0.19;0.19;0.38;0.19;0.38;Matches
907;Andrés García;es ESP;DF;Aston Villa;eng Premier League;23-048;2003;4;0;40;0.4;0;0;0;0;0;0;0;0;0;0;0;0;0;Matches
908;Eder García;es ESP;FW;Athletic Club;es La Liga;22-082;2004;2;0;38;0.4;0;0;0;0;0;0;1;0;0;0;0;0;0;Matches
909;Eric García;es ESP;DF,MF;Barcelona;es La Liga;25-077;2001;27;25;2,170;24.1;1;1;2;1;0;0;3;0;0.04;0.04;0.08;0.04;0.08;Matches
910;Fran Garcia;es ESP;DF,MF;Real Madrid;es La Liga;26-225;1999;9;7;594;6.6;1;1;2;1;0;0;2;1;0.15;0.15;0.3;0.15;0.3;Matches
911;Gonzalo García;es ESP;FW;Real Madrid;es La Liga;22-003;2004;23;6;676;7.5;4;0;4;4;0;0;1;0;0.53;0;0.53;0.53;0.53;Matches
912;Hugo García;es ESP;MF;Celta Vigo;es La Liga;19-147;2006;1;0;8;0.1;0;0;0;0;0;0;0;0;0;0;0;0;0;Matches
913;Joan García;es ESP;GK;Barcelona;es La Liga;24-327;2001;23;23;2,070;23;0;0;0;0;0;0;1;0;0;0;0;0;0;Matches
914;Pablo Garcia;es ESP;MF;Real Betis;es La Liga;19-287;2006;14;2;372;4.1;0;0;0;0;0;0;1;0;0;0;0;0;0;Matches
915;Rubén García;es ESP;MF,FW;Osasuna;es La Liga;32-256;1993;26;20;1,625;18.1;2;5;7;2;0;0;5;0;0.11;0.28;0.39;0.11;0.39;Matches
916;Ulisses Garcia;ch SUI;MF,DF;Marseille;fr Ligue 1;30-075;1996;4;2;211;2.3;0;0;0;0;0;0;1;1;0;0;0;0;0;Matches
917;Ulisses Garcia;ch SUI;DF;Sassuolo;it Serie A;30-075;1996;7;5;477;5.3;0;1;1;0;0;0;2;0;0;0.19;0.19;0;0.19;Matches
918;Víctor García;es ESP;MF,FW;Levante;es La Liga;28-192;1997;15;8;689;7.7;0;1;1;0;0;0;0;0;0;0.13;0.13;0;0.13;Matches
919;Alejandro Garnacho;ar ARG;MF;Chelsea;eng Premier League;21-269;2004;20;14;1,122;12.5;1;4;5;1;0;0;2;0;0.08;0.32;0.4;0.08;0.4;Matches
920;James Garner;eng ENG;MF,DF;Everton;eng Premier League;25-014;2001;31;31;2,783;30.9;2;6;8;2;0;0;7;0;0.06;0.19;0.26;0.06;0.26;Matches
921;Erawan Garnier;th THA;DF;Lens;fr Ligue 1;20-081;2006;1;0;7;0.1;0;0;0;0;0;0;0;0;0;0;0;0;0;Matches
922;Federico Gatti;it ITA;DF;Juventus;it Serie A;27-276;1998;16;11;957;10.6;2;0;2;2;0;0;3;0;0.19;0;0.19;0.19;0.19;Matches
923;Federico Gattoni;ar ARG;DF;Sevilla;es La Liga;27-039;1999;1;0;10;0.1;0;0;0;0;0;0;0;0;0;0;0;0;0;Matches
924;Gavi;es ESP;FW,MF;Barcelona;es La Liga;21-234;2004;3;0;76;0.8;0;1;1;0;0;0;0;0;0;1.18;1.18;0;1.18;Matches
925;Jusuf Gazibegović;ba BIH;DF;Köln;de Bundesliga;26-016;2000;1;0;23;0.3;0;0;0;0;0;0;0;0;0;0;0;0;0;Matches
926;Paulo Gazzaniga;ar ARG;GK;Girona;es La Liga;34-084;1992;26;26;2,292;25.5;0;0;0;0;0;0;4;1;0;0;0;0;0;Matches
927;Jean-Philippe Gbamin;ci CIV;DF,MF;Metz;fr Ligue 1;30-183;1995;24;24;2,007;22.3;1;1;2;1;0;0;2;1;0.04;0.04;0.09;0.04;0.09;Matches
928;Yann Gboho;fr FRA;MF,FW;Toulouse;fr Ligue 1;25-072;2001;26;25;2,250;25;8;2;10;8;0;0;1;0;0.32;0.08;0.4;0.32;0.4;Matches
929;David de Gea;es ESP;GK;Fiorentina;it Serie A;35-140;1990;30;30;2,700;30;0;0;0;0;0;0;0;0;0;0;0;0;0;Matches
930;Lutsharel Geertruida;nl NED;DF,MF;Sunderland;eng Premier League;25-252;2000;25;14;1,423;15.8;0;0;0;0;0;0;1;0;0;0;0;0;0;Matches
931;Valentin Gendrey;fr FRA;DF;Hoffenheim;de Bundesliga;25-279;2000;8;0;59;0.7;1;1;2;1;0;0;0;0;1.53;1.53;3.05;1.53;3.05;Matches
932;Tyrique George;eng ENG;FW;Chelsea;eng Premier League;20-051;2006;4;0;145;1.6;0;0;0;0;0;0;2;0;0;0;0;0;0;Matches
933;Tyrique George;eng ENG;MF;Everton;eng Premier League;20-051;2006;5;1;106;1.2;0;0;0;0;0;0;0;0;0;0;0;0;0;Matches
934;Yannick Gerhardt;de GER;MF;Wolfsburg;de Bundesliga;32-014;1994;15;12;1,006;11.2;1;0;1;1;0;0;1;0;0.09;0;0.09;0.09;0.09;Matches
935;Willem Geubbels;fr FRA;FW;Paris FC;fr Ligue 1;24-223;2001;18;8;725;8.1;3;0;3;2;1;1;0;0;0.37;0;0.37;0.25;0.25;Matches
936;Ismaël Gharbi;tn TUN;MF;Augsburg;de Bundesliga;21-351;2004;5;0;92;1;0;0;0;0;0;0;0;0;0;0;0;0;0;Matches
937;Mourad El Ghezouani;ma MAR;FW;Elche;es La Liga;27-304;1998;2;0;50;0.6;0;0;0;0;0;0;0;0;0;0;0;0;0;Matches
938;Rachid Ghezzal;dz ALG;FW;Lyon;fr Ligue 1;33-322;1992;8;1;153;1.7;0;0;0;0;0;0;0;0;0;0;0;0;0;Matches
939;Daniele Ghilardi;it ITA;DF;Roma;it Serie A;23-080;2003;16;7;799;8.9;0;0;0;0;0;0;1;0;0;0;0;0;0;Matches
940;Andrea Ghion;it ITA;MF;Sassuolo;it Serie A;26-032;2000;1;0;10;0.1;0;0;0;0;0;0;0;0;0;0;0;0;0;Matches
941;Dimitris Giannoulis;gr GRE;MF;Augsburg;de Bundesliga;30-161;1995;21;19;1,450;16.1;2;3;5;2;0;0;7;0;0.12;0.19;0.31;0.12;0.31;Matches
942;Morgan Gibbs-White;eng ENG;MF,FW;Nottingham Forest;eng Premier League;26-059;2000;31;30;2,637;29.3;9;2;11;8;1;1;1;0;0.31;0.07;0.38;0.27;0.34;Matches
943;Bryan Gil;es ESP;MF;Girona;es La Liga;25-044;2001;23;17;1,349;15;0;3;3;0;0;0;4;0;0;0.2;0.2;0;0.2;Matches
944;Mario Gila;es ESP;DF;Lazio;it Serie A;25-210;2000;27;27;2,222;24.7;0;0;0;0;0;0;3;1;0;0;0;0;0;Matches
945;Billy Gilmour;sct SCO;MF;Napoli;it Serie A;24-289;2001;14;8;699;7.8;1;0;1;1;0;0;1;0;0.13;0;0.13;0.13;0.13;Matches
946;Benedikt Gimber;de GER;DF;Heidenheim;de Bundesliga;29-036;1997;20;18;1,412;15.7;0;0;0;0;0;0;6;0;0;0;0;0;0;Matches
947;Santiago Giménez;mx MEX;FW;Milan;it Serie A;24-343;2001;10;8;635;7.1;0;0;0;0;0;0;2;0;0;0;0;0;0;Matches
948;Gvidas Gineitis;lt LTU;MF;Torino;it Serie A;21-346;2004;22;16;1,219;13.5;0;1;1;0;0;0;4;0;0;0.07;0.07;0;0.07;Matches
949;Matthias Ginter;de GER;DF;Freiburg;de Bundesliga;32-067;1994;26;26;2,340;26;2;2;4;2;0;0;1;0;0.08;0.08;0.15;0.08;0.15;Matches
950;Giovane;br BRA;FW,MF;Hellas Verona;it Serie A;22-123;2003;21;19;1,533;17;3;4;7;3;0;0;2;0;0.18;0.23;0.41;0.18;0.41;Matches
951;Giovane;br BRA;FW;Napoli;it Serie A;22-123;2003;7;0;111;1.2;0;1;1;0;0;0;0;0;0;0.81;0.81;0;0.81;Matches
952;Olivier Giroud;fr FRA;FW;Lille;fr Ligue 1;39-178;1986;24;17;1,471;16.3;6;1;7;4;2;3;2;0;0.37;0.06;0.43;0.24;0.31;Matches
953;Jamie Gittens;eng ENG;MF;Chelsea;eng Premier League;21-231;2004;16;5;495;5.5;0;2;2;0;0;0;0;0;0;0.36;0.36;0;0.36;Matches
954;Robert Glatzel;de GER;FW;Hamburger SV;de Bundesliga;32-078;1994;14;3;295;3.3;1;1;2;1;0;0;0;0;0.31;0.31;0.61;0.31;0.61;Matches
955;Serge Gnabry;de GER;MF;Bayern Munich;de Bundesliga;30-256;1995;20;15;1,155;12.8;8;6;14;8;0;0;1;0;0.62;0.47;1.09;0.62;1.09;Matches
956;Wilfried Gnonto;it ITA;FW;Leeds United;eng Premier League;22-142;2003;16;4;387;4.3;0;1;1;0;0;0;3;0;0;0.23;0.23;0;0.23;Matches
957;Giorgi Gocholeishvili;ge GEO;MF;Hamburger SV;de Bundesliga;25-041;2001;20;9;858;9.5;0;2;2;0;0;0;3;1;0;0.21;0.21;0;0.21;Matches
958;Martial Godo;ci CIV;MF;Strasbourg;fr Ligue 1;23-013;2003;22;14;1,178;13.1;7;1;8;7;0;0;2;0;0.53;0.08;0.61;0.53;0.61;Matches
959;Maxima Goffi;fr FRA;DF;Lille;fr Ligue 1;18-063;2008;1;0;39;0.4;0;0;0;0;0;0;0;0;0;0;0;0;0;Matches
960;Saba Goglichidze;ge GEO;DF;Udinese;it Serie A;21-275;2004;8;4;424;4.7;0;0;0;0;0;0;2;0;0;0;0;0;0;Matches
961;Edoardo Goldaniga;it ITA;DF;Como;it Serie A;32-145;1993;2;0;15;0.2;0;0;0;0;0;0;0;0;0;0;0;0;0;Matches
962;Aleksandr Golovin;ru RUS;MF;Monaco;fr Ligue 1;29-301;1996;20;18;1,401;15.6;4;5;9;4;0;0;4;1;0.26;0.32;0.58;0.26;0.58;Matches
963;André Gomes;pt POR;MF;Lille;fr Ligue 1;32-240;1993;2;0;8;0.1;0;0;0;0;0;0;0;0;0;0;0;0;0;Matches
964;Angel Gomes;eng ENG;MF;Marseille;fr Ligue 1;25-208;2000;14;12;888;9.9;3;0;3;3;0;0;4;0;0.3;0;0.3;0.3;0.3;Matches
965;Angel Gomes;eng ENG;MF,FW;Wolves;eng Premier League;25-208;2000;7;4;284;3.2;0;0;0;0;0;0;1;0;0;0;0;0;0;Matches
966;João Gomes;br BRA;MF;Wolves;eng Premier League;25-043;2001;29;26;2,297;25.5;1;1;2;1;0;0;9;0;0.04;0.04;0.08;0.04;0.08;Matches
967;Rodrigo Gomes;pt POR;MF,FW;Wolves;eng Premier League;22-263;2003;15;6;602;6.7;3;0;3;3;0;0;0;0;0.45;0;0.45;0.45;0.45;Matches
968;Toti Gomes;pt POR;DF;Wolves;eng Premier League;27-070;1999;14;13;1,039;11.5;0;0;0;0;0;0;2;1;0;0;0;0;0;Matches
969;Diego Gómez;py PAR;MF,FW;Brighton;eng Premier League;23-000;2003;28;23;1,930;21.4;5;1;6;5;0;0;9;0;0.23;0.05;0.28;0.23;0.28;Matches
970;Joe Gomez;eng ENG;DF;Liverpool;eng Premier League;28-308;1997;16;6;500;5.6;0;2;2;0;0;0;2;0;0;0.36;0.36;0;0.36;Matches
971;Moi Gómez;es ESP;MF;Osasuna;es La Liga;31-277;1994;20;10;980;10.9;0;1;1;0;0;0;2;0;0;0.09;0.09;0;0.09;Matches
972;Sergio Gómez;es ESP;DF;Real Sociedad;es La Liga;25-204;2000;27;23;2,062;22.9;0;2;2;0;0;0;2;0;0;0.09;0.09;0;0.09;Matches
973;Unai Gómez;es ESP;MF,FW;Athletic Club;es La Liga;22-306;2003;20;7;627;7;1;1;2;1;0;0;1;0;0.14;0.14;0.29;0.14;0.29;Matches
974;Valentín Gómez;ar ARG;DF;Real Betis;es La Liga;22-274;2003;21;13;1,330;14.8;1;0;1;1;0;0;5;0;0.07;0;0.07;0.07;0.07;Matches
975;Tidiam Gomis;fr FRA;FW;RB Leipzig;de Bundesliga;19-231;2006;15;2;316;3.5;1;0;1;1;0;0;0;0;0.28;0;0.28;0.28;0.28;Matches
976;Rafael Gonçalves;pt POR;MF;Strasbourg;fr Ligue 1;21-037;2005;8;3;273;3;0;0;0;0;0;0;0;0;0;0;0;0;0;Matches
977;Nicolás González;es ESP;MF;Manchester City;eng Premier League;24-083;2002;21;15;1,376;15.3;1;0;1;1;0;0;6;0;0.07;0;0.07;0.07;0.07;Matches
978;Nicolás González;ar ARG;MF,DF;Atlético Madrid;es La Liga;27-355;1998;21;16;1,286;14.3;3;0;3;3;0;0;3;0;0.21;0;0.21;0.21;0.21;Matches
979;Nicolás González;ar ARG;FW,MF;Juventus;it Serie A;27-355;1998;2;0;19;0.2;0;0;0;0;0;0;0;0;0;0;0;0;0;Matches
980;Urko González;es ESP;MF;Espanyol;es La Liga;25-007;2001;27;20;1,910;21.2;0;1;1;0;0;0;4;0;0;0.05;0.05;0;0.05;Matches
981;Urko González;es ESP;DF,MF;Real Sociedad;es La Liga;25-007;2001;1;0;11;0.1;0;0;0;0;0;0;0;0;0;0;0;0;0;Matches
982;Anthony Gordon;eng ENG;FW;Newcastle United;eng Premier League;25-031;2001;25;23;1,725;19.2;6;2;8;3;3;3;3;1;0.31;0.1;0.42;0.16;0.26;Matches
983;Leon Goretzka;de GER;MF;Bayern Munich;de Bundesliga;31-049;1995;24;18;1,405;15.6;2;1;3;2;0;0;4;0;0.13;0.06;0.19;0.13;0.19;Matches
984;Andoni Gorosabel;es ESP;DF;Athletic Club;es La Liga;29-235;1996;16;10;818;9.1;0;1;1;0;0;0;2;0;0;0.11;0.11;0;0.11;Matches
985;Jon Gorrotxategi;es ESP;MF;Real Sociedad;es La Liga;24-053;2002;25;22;1,908;21.2;1;3;4;1;0;0;7;0;0.05;0.14;0.19;0.05;0.19;Matches
986;Olaf Gorter;nl NED;MF;Lecce;it Serie A;21-055;2005;2;0;28;0.3;0;0;0;0;0;0;0;0;0;0;0;0;0;Matches
987;Alimami Gory;ml MLI;MF,DF;Paris FC;fr Ligue 1;29-209;1996;18;7;736;8.2;2;1;3;2;0;0;0;0;0.24;0.12;0.37;0.24;0.37;Matches
988;Robin Gosens;de GER;DF,MF;Fiorentina;it Serie A;31-265;1994;19;17;1,389;15.4;2;1;3;2;0;0;2;0;0.13;0.06;0.19;0.13;0.19;Matches
989;Mikel Goti;es ESP;MF;Real Sociedad;es La Liga;23-308;2002;4;1;76;0.8;0;0;0;0;0;0;0;0;0;0;0;0;0;Matches
990;Mario Götze;de GER;MF;Eintracht Frankfurt;de Bundesliga;33-297;1992;18;7;769;8.5;0;0;0;0;0;0;1;0;0;0;0;0;0;Matches
991;Amine Gouiri;dz ALG;FW,MF;Marseille;fr Ligue 1;26-039;2000;16;10;883;9.8;6;2;8;6;0;0;0;0;0.61;0.2;0.82;0.61;0.82;Matches
992;Lucas Gourna-Douath;fr FRA;MF;Le Havre;fr Ligue 1;22-234;2003;9;9;802;8.9;0;0;0;0;0;0;3;0;0;0;0;0;0;Matches
993;Tiago Gouveia;pt POR;MF;Nice;fr Ligue 1;24-282;2001;14;5;531;5.9;0;0;0;0;0;0;3;0;0;0;0;0;0;Matches
994;Jeffrey Gouweleeuw;nl NED;DF;Augsburg;de Bundesliga;34-260;1991;5;4;365;4.1;0;0;0;0;0;0;2;0;0;0;0;0;0;Matches
995;Kamil Grabara;pl POL;GK;Wolfsburg;de Bundesliga;27-078;1999;27;27;2,430;27;0;0;0;0;0;0;1;0;0;0;0;0;0;Matches
996;Jonathan Gradit;fr FRA;DF;Lens;fr Ligue 1;33-123;1992;10;10;807;9;0;0;0;0;0;0;2;1;0;0;0;0;0;Matches
997;Alberto Grassi;it ITA;MF;Cremonese;it Serie A;31-020;1995;22;11;1,191;13.2;0;0;0;0;0;0;3;0;0;0;0;0;0;Matches
998;Ryan Gravenberch;nl NED;MF;Liverpool;eng Premier League;23-315;2002;29;29;2,518;28;4;3;7;4;0;0;5;0;0.14;0.11;0.25;0.14;0.25;Matches
999;Archie Gray;eng ENG;MF,DF;Tottenham Hotspur;eng Premier League;20-015;2006;21;17;1,374;15.3;2;2;4;2;0;0;5;0;0.13;0.13;0.26;0.13;0.26;Matches
1000;Jack Grealish;eng ENG;MF;Everton;eng Premier League;30-198;1995;20;18;1,627;18.1;2;6;8;2;0;0;5;1;0.11;0.33;0.44;0.11;0.44;Matches
1001;Mason Greenwood;eng ENG;MF;Marseille;fr Ligue 1;24-177;2001;26;24;1,997;22.2;15;4;19;10;5;7;4;0;0.68;0.18;0.86;0.45;0.63;Matches
1002;Michael Gregoritsch;at AUT;FW;Augsburg;de Bundesliga;31-343;1994;11;5;482;5.4;3;1;4;2;1;1;2;0;0.56;0.19;0.75;0.37;0.56;Matches
1003;Dominik Greif;sk SVK;GK;Lyon;fr Ligue 1;28-355;1997;22;22;1,980;22;0;1;1;0;0;0;1;0;0;0.05;0.05;0;0.05;Matches
1004;Antoine Griezmann;fr FRA;FW;Atlético Madrid;es La Liga;35-006;1991;26;7;982;10.9;6;1;7;6;0;0;0;0;0.55;0.09;0.64;0.55;0.64;Matches
1005;Vincenzo Grifo;it ITA;MF;Freiburg;de Bundesliga;32-354;1993;27;17;1,346;15;7;1;8;3;4;4;0;0;0.47;0.07;0.53;0.2;0.27;Matches
1006;Álex Grimaldo;es ESP;MF;Leverkusen;de Bundesliga;30-188;1995;22;22;1,891;21;6;6;12;4;2;2;5;0;0.29;0.29;0.57;0.19;0.48;Matches
1007;Pascal Groß;de GER;MF;Dortmund;de Bundesliga;34-285;1991;11;7;613;6.8;0;1;1;0;0;0;0;0;0;0.15;0.15;0;0.15;Matches
1008;Pascal Groß;de GER;MF;Brighton;eng Premier League;34-285;1991;12;11;1,006;11.2;1;1;2;1;0;0;2;0;0.09;0.09;0.18;0.09;0.18;Matches
1009;Brajan Gruda;de GER;MF,FW;RB Leipzig;de Bundesliga;21-300;2004;7;6;500;5.6;3;2;5;3;0;0;0;0;0.54;0.36;0.9;0.54;0.9;Matches
1010;Brajan Gruda;de GER;MF;Brighton;eng Premier League;21-300;2004;18;8;719;8;1;1;2;1;0;0;2;0;0.13;0.13;0.25;0.13;0.25;Matches
1011;Ilia Gruev;bg BUL;MF;Leeds United;eng Premier League;25-325;2000;21;15;1,293;14.4;0;3;3;0;0;0;3;0;0;0.21;0.21;0;0.21;Matches
1012;Marco Grüll;at AUT;MF,FW;Werder Bremen;de Bundesliga;27-264;1998;27;21;1,800;20;3;1;4;3;0;0;4;0;0.15;0.05;0.2;0.15;0.2;Matches
1013;Albert Grønbaek;dk DEN;MF;Genoa;it Serie A;24-308;2001;4;1;103;1.1;0;0;0;0;0;0;1;0;0;0;0;0;0;Matches
1014;Nemanja Gudelj;rs SRB;DF,MF;Sevilla;es La Liga;34-131;1991;25;20;1,860;20.7;1;0;1;1;0;0;7;0;0.05;0;0.05;0.05;0.05;Matches
1015;Gabriel Gudmundsson;se SWE;DF,MF;Leeds United;eng Premier League;26-332;1999;29;28;2,362;26.2;0;0;0;0;0;0;6;1;0;0;0;0;0;Matches
1016;Gonçalo Guedes;pt POR;MF;Real Sociedad;es La Liga;29-118;1996;29;21;1,682;18.7;8;4;12;8;0;0;2;0;0.43;0.21;0.64;0.43;0.64;Matches
1017;Marc Guéhi;eng ENG;DF;Crystal Palace;eng Premier League;25-257;2000;20;20;1,800;20;2;2;4;2;0;0;4;0;0.1;0.1;0.2;0.1;0.2;Matches
1018;Marc Guéhi;eng ENG;DF;Manchester City;eng Premier League;25-257;2000;8;8;720;8;0;0;0;0;0;0;1;0;0;0;0;0;0;Matches
1019;Mattéo Guendouzi;fr FRA;MF;Lazio;it Serie A;26-347;1999;16;16;1,428;15.9;2;1;3;2;0;0;5;1;0.13;0.06;0.19;0.13;0.19;Matches
1020;Javier Guerra;es ESP;MF;Valencia;es La Liga;22-318;2003;28;18;1,493;16.6;1;3;4;1;0;0;3;0;0.06;0.18;0.24;0.06;0.24;Matches
1021;Raphaël Guerreiro;pt POR;MF;Bayern Munich;de Bundesliga;32-095;1993;13;4;487;5.4;3;2;5;3;0;0;0;0;0.55;0.37;0.92;0.55;0.92;Matches
1022;Daniel Guerrero;es ESP;MF;Real Betis;es La Liga;20-244;2005;1;0;1;0;0;0;0;0;0;0;0;0;0;0;0;0;0;Matches
1023;Ismaël Guerti;fr FRA;FW;Metz;fr Ligue 1;21-240;2004;3;0;27;0.3;0;0;0;0;0;0;0;0;0;0;0;0;0;Matches
1024;Evann Guessand;ci CIV;MF;Crystal Palace;eng Premier League;24-269;2001;6;3;300;3.3;1;1;2;1;0;0;0;0;0.3;0.3;0.6;0.3;0.6;Matches
1025;Evann Guessand;ci CIV;MF;Aston Villa;eng Premier League;24-269;2001;13;6;588;6.5;0;1;1;0;0;0;0;0;0;0.15;0.15;0;0.15;Matches
1026;Ander Guevara;es ESP;MF;Alavés;es La Liga;28-263;1997;19;2;550;6.1;1;0;1;1;0;0;4;1;0.16;0;0.16;0.16;0.16;Matches
1027;Idrissa Guèye;sn SEN;FW;Udinese;it Serie A;19-192;2006;11;0;185;2.1;0;0;0;0;0;0;2;0;0;0;0;0;0;Matches
1028;Idrissa Guèye;sn SEN;FW;Metz;fr Ligue 1;19-192;2006;3;1;132;1.5;0;0;0;0;0;0;0;0;0;0;0;0;0;Matches
1029;Pape Gueye;sn SEN;MF;Villarreal;es La Liga;27-062;1999;23;19;1,589;17.7;4;2;6;3;1;1;7;0;0.23;0.11;0.34;0.17;0.28;Matches
1030;Morgan Guilavogui;gn GUI;MF;Lens;fr Ligue 1;28-017;1998;16;3;491;5.5;1;0;1;1;0;0;3;1;0.18;0;0.18;0.18;0.18;Matches
1031;Frederic Guilbert;fr FRA;DF,MF;Nantes;fr Ligue 1;31-093;1994;1;0;16;0.2;0;0;0;0;0;0;0;0;0;0;0;0;0;Matches
1032;Luis Guilherme;br BRA;FW;West Ham United;eng Premier League;20-046;2006;5;1;125;1.4;0;0;0;0;0;0;0;0;0;0;0;0;0;Matches
1033;Bruno Guimarães;br BRA;MF;Newcastle United;eng Premier League;28-131;1997;23;22;2,017;22.4;9;4;13;7;2;2;5;0;0.4;0.18;0.58;0.31;0.49;Matches
1034;Daouda Guindo;ml MLI;DF;Brest;fr Ligue 1;23-164;2002;20;14;1,272;14.1;0;0;0;0;0;0;3;1;0;0;0;0;0;Matches
1035;Bahereba Guirassy;fr FRA;FW,MF;Nantes;fr Ligue 1;19-210;2006;18;9;780;8.7;2;1;3;2;0;0;2;0;0.23;0.12;0.35;0.23;0.35;Matches
1036;Serhou Guirassy;gn GUI;FW;Dortmund;de Bundesliga;30-015;1996;26;21;1,836;20.4;13;1;14;12;1;3;2;0;0.64;0.05;0.69;0.59;0.64;Matches
1037;Marc Guiu;es ESP;FW;Sunderland;eng Premier League;20-082;2006;2;0;15;0.2;0;0;0;0;0;0;0;0;0;0;0;0;0;Matches
1038;Marc Guiu;es ESP;FW;Chelsea;eng Premier League;20-082;2006;7;1;238;2.6;0;1;1;0;0;0;1;0;0;0.38;0.38;0;0.38;Matches
1039;Péter Gulácsi;hu HUN;GK;RB Leipzig;de Bundesliga;35-325;1990;22;22;1,918;21.3;0;0;0;0;0;0;1;0;0;0;0;0;0;Matches
1040;Arda Güler;tr TUR;MF;Real Madrid;es La Liga;21-030;2005;29;23;1,842;20.5;4;8;12;4;0;0;1;0;0.2;0.39;0.59;0.2;0.59;Matches
1041;Gerard Gumbau;es ESP;MF;Rayo Vallecano;es La Liga;31-099;1994;21;10;769;8.5;0;1;1;0;0;0;4;0;0;0.12;0.12;0;0.12;Matches
1042;Angus Gunn;sct SCO;GK;Nottingham Forest;eng Premier League;30-064;1996;1;0;45;0.5;0;0;0;0;0;0;0;0;0;0;0;0;0;Matches
1043;Christian Günter;de GER;DF;Freiburg;de Bundesliga;33-027;1993;19;13;1,155;12.8;0;3;3;0;0;0;2;0;0;0.23;0.23;0;0.23;Matches
1044;Jon Guridi;es ESP;MF,FW;Alavés;es La Liga;31-027;1995;19;8;692;7.7;0;0;0;0;0;0;1;0;0;0;0;0;0;Matches
1045;Gorka Guruzeta;es ESP;FW,MF;Athletic Club;es La Liga;29-196;1996;26;20;1,686;18.7;6;1;7;5;1;1;4;1;0.32;0.05;0.37;0.27;0.32;Matches
1046;Malo Gusto;fr FRA;DF,MF;Chelsea;eng Premier League;22-312;2003;28;20;1,741;19.3;2;3;5;2;0;0;4;1;0.1;0.16;0.26;0.1;0.26;Matches
1047;Miguel Gutiérrez;es ESP;MF,DF;Napoli;it Serie A;24-243;2001;20;10;990;11;1;1;2;1;0;0;0;0;0.09;0.09;0.18;0.09;0.18;Matches
1048;Albert Guðmundsson;is ISL;FW,MF;Fiorentina;it Serie A;28-285;1997;26;22;1,865;20.7;5;4;9;2;3;3;3;0;0.24;0.19;0.43;0.1;0.29;Matches
1049;Joško Gvardiol;hr CRO;DF;Manchester City;eng Premier League;24-063;2002;16;15;1,302;14.5;2;2;4;2;0;0;2;0;0.14;0.14;0.28;0.14;0.28;Matches
1050;Viktor Gyökeres;se SWE;FW;Arsenal;eng Premier League;27-296;1998;29;23;1,892;21;11;0;11;9;2;2;4;0;0.52;0;0.52;0.43;0.43;Matches
1051;Erling Haaland;no NOR;FW;Manchester City;eng Premier League;25-249;2000;29;28;2,413;26.8;22;7;29;19;3;4;1;0;0.82;0.26;1.08;0.71;0.97;Matches
1052;Janik Haberer;de GER;MF;Union Berlin;de Bundesliga;31-359;1994;24;17;1,404;15.6;0;1;1;0;0;0;8;0;0;0.06;0.06;0;0.06;Matches
1053;Robin Hack;de GER;MF;Gladbach;de Bundesliga;27-212;1998;4;3;248;2.8;0;0;0;0;0;0;0;0;0;0;0;0;0;Matches
1054;Amadou Haidara;ml MLI;MF;Lens;fr Ligue 1;28-055;1998;4;0;99;1.1;1;0;1;1;0;0;0;0;0.91;0;0.91;0.91;0.91;Matches
1055;Albian Hajdari;xk KVX;DF;Hoffenheim;de Bundesliga;22-313;2003;23;21;1,853;20.6;1;1;2;1;0;0;8;0;0.05;0.05;0.1;0.05;0.1;Matches
1056;Achraf Hakimi;ma MAR;DF;Paris Saint-Germain;fr Ligue 1;27-143;1998;14;11;1,091;12.1;2;1;3;2;0;0;3;1;0.16;0.08;0.25;0.16;0.25;Matches
1057;Lewis Hall;eng ENG;DF;Newcastle United;eng Premier League;21-200;2004;24;19;1,753;19.5;1;1;2;1;0;0;3;0;0.05;0.05;0.1;0.05;0.1;Matches
1058;Adil Hamdani;fr FRA;MF;Lyon;fr Ligue 1;17-065;2009;4;0;27;0.3;0;0;0;0;0;0;0;0;0;0;0;0;0;Matches
1059;Pierre-Yves Hamel;fr FRA;FW;Paris FC;fr Ligue 1;32-052;1994;2;1;78;0.9;0;0;0;0;0;0;0;0;0;0;0;0;0;Matches
1060;Andreas Hanche-Olsen;no NOR;DF;Mainz 05;de Bundesliga;29-069;1997;13;8;851;9.5;0;1;1;0;0;0;3;0;0;0.11;0.11;0;0.11;Matches
1061;Dávid Hancko;sk SVK;DF;Atlético Madrid;es La Liga;28-104;1997;26;23;2,117;23.5;0;2;2;0;0;0;2;0;0;0.09;0.09;0;0.09;Matches
1062;Florent Hanin;dz ALG;DF,MF;Angers;fr Ligue 1;36-051;1990;19;8;765;8.5;0;0;0;0;0;0;0;0;0;0;0;0;0;Matches
1063;Isak Hansen-Aarøen;no NOR;MF;Werder Bremen;de Bundesliga;21-217;2004;1;0;2;0;0;0;0;0;0;0;0;0;0;0;0;0;0;Matches
1064;Taichi Hara;jp JPN;FW;St Pauli;de Bundesliga;26-326;1999;2;0;23;0.3;0;0;0;0;0;0;0;0;0;0;0;0;0;Matches
1065;Hákon Haraldsson;is ISL;MF;Lille;fr Ligue 1;22-351;2003;25;22;1,872;20.8;6;1;7;6;0;0;5;0;0.29;0.05;0.34;0.29;0.34;Matches
1066;Conrad Harder;dk DEN;FW;RB Leipzig;de Bundesliga;20-354;2005;24;7;786;8.7;2;3;5;2;0;0;3;0;0.23;0.34;0.57;0.23;0.57;Matches
1067;Jack Harrison;eng ENG;MF,FW;Fiorentina;it Serie A;29-127;1996;8;4;463;5.1;0;1;1;0;0;0;0;0;0;0.19;0.19;0;0.19;Matches
1068;Jack Harrison;eng ENG;FW;Leeds United;eng Premier League;29-127;1996;11;1;269;3;0;0;0;0;0;0;0;0;0;0;0;0;0;Matches
1069;Abdou Harroui;nl NED;MF;Hellas Verona;it Serie A;28-073;1998;19;9;723;8;1;0;1;0;1;1;2;0;0.12;0;0.12;0;0;Matches
1070;Quilindschy Hartman;nl NED;DF;Burnley;eng Premier League;24-133;2001;17;17;1,500;16.7;0;4;4;0;0;0;1;0;0;0.24;0.24;0;0.24;Matches
1071;Haissem Hassan;fr FRA;MF,FW;Oviedo;es La Liga;24-047;2002;28;17;1,593;17.7;0;3;3;0;0;0;1;0;0;0.17;0.17;0;0.17;Matches
1072;Hans Hateboer;nl NED;DF,MF;Rennes;fr Ligue 1;32-077;1994;1;0;22;0.2;0;0;0;0;0;0;0;0;0;0;0;0;0;Matches
1073;Hans Hateboer;nl NED;DF,MF;Lyon;fr Ligue 1;32-077;1994;13;8;664;7.4;0;0;0;0;0;0;0;1;0;0;0;0;0;Matches
1074;Jorrel Hato;nl NED;DF;Chelsea;eng Premier League;20-020;2006;16;6;647;7.2;0;0;0;0;0;0;4;0;0;0;0;0;0;Matches
1075;Kjetil Haug;no NOR;GK;Toulouse;fr Ligue 1;27-288;1998;1;0;31;0.3;0;0;0;0;0;0;0;0;0;0;0;0;0;Matches
1076;Kai Havertz;de GER;MF,FW;Arsenal;eng Premier League;26-289;1999;6;3;264;2.9;0;1;1;0;0;0;0;0;0;0.34;0.34;0;0.34;Matches
1077;Ayden Heaven;eng ENG;DF;Manchester Utd;eng Premier League;19-186;2006;14;8;654;7.3;0;1;1;0;0;0;2;0;0;0.14;0.14;0;0.14;Matches
1078;Jan Paul van Hecke;nl NED;DF;Brighton;eng Premier League;25-292;2000;29;29;2,580;28.7;3;2;5;3;0;0;7;0;0.1;0.07;0.17;0.1;0.17;Matches
1079;Hwang Hee-chan;kr KOR;FW,MF;Wolves;eng Premier League;30-060;1996;20;15;1,149;12.8;2;1;3;1;1;1;3;0;0.16;0.08;0.23;0.08;0.16;Matches
1080;Torbjørn Heggem;no NOR;DF;Bologna;it Serie A;27-074;1999;22;21;1,891;21;0;0;0;0;0;0;0;1;0;0;0;0;0;Matches
1081;Gauthier Hein;fr FRA;MF,FW;Metz;fr Ligue 1;29-232;1996;22;19;1,721;19.1;6;4;10;2;4;4;3;1;0.31;0.21;0.52;0.1;0.31;Matches
1082;Dominique Heintz;de GER;DF;Köln;de Bundesliga;32-224;1993;8;5;380;4.2;0;0;0;0;0;0;0;0;0;0;0;0;0;Matches
1083;George Hemmings;eng ENG;MF;Aston Villa;eng Premier League;19-023;2007;2;0;27;0.3;0;0;0;0;0;0;0;0;0;0;0;0;0;Matches
1084;Dean Henderson;eng ENG;GK;Crystal Palace;eng Premier League;29-015;1997;29;29;2,610;29;0;0;0;0;0;0;3;0;0;0;0;0;0;Matches
1085;Jordan Henderson;eng ENG;MF;Brentford;eng Premier League;35-283;1990;29;21;1,820;20.2;1;3;4;1;0;0;4;0;0.05;0.15;0.2;0.05;0.2;Matches
1086;Ramon Hendriks;nl NED;DF;Stuttgart;de Bundesliga;24-252;2001;24;16;1,440;16;0;2;2;0;0;0;2;0;0;0.12;0.12;0;0.12;Matches
1087;Benjamin Henrichs;de GER;DF;RB Leipzig;de Bundesliga;29-032;1997;10;2;204;2.3;1;0;1;1;0;0;0;0;0.44;0;0.44;0.44;0.44;Matches
1088;Luis Henrique;br BRA;MF;Inter;it Serie A;24-103;2001;25;17;1,419;15.8;1;2;3;1;0;0;1;0;0.06;0.13;0.19;0.06;0.19;Matches
1089;Rico Henry;jm JAM;DF;Brentford;eng Premier League;28-262;1997;25;14;1,328;14.8;0;1;1;0;0;0;2;0;0;0.07;0.07;0;0.07;Matches
1090;Pharell Hensel;de GER;MF;Wolfsburg;de Bundesliga;19-018;2007;5;1;69;0.8;0;0;0;0;0;0;0;0;0;0;0;0;0;Matches
1091;Mads Hermansen;dk DEN;GK;West Ham United;eng Premier League;25-259;2000;11;11;990;11;0;0;0;0;0;0;0;0;0;0;0;0;0;Matches
1092;Mario Hermoso;es ESP;DF;Roma;it Serie A;30-282;1995;19;17;1,451;16.1;1;1;2;1;0;0;6;0;0.06;0.06;0.12;0.06;0.12;Matches
1093;Lucas Hernández;fr FRA;DF;Paris Saint-Germain;fr Ligue 1;30-041;1996;18;14;1,251;13.9;0;2;2;0;0;0;2;0;0;0.14;0.14;0;0.14;Matches
1094;Hernani;br BRA;MF;Parma;it Serie A;32-000;1994;4;0;73;0.8;0;0;0;0;0;0;0;0;0;0;0;0;0;Matches
1095;Jorge Herrando;es ESP;DF;Osasuna;es La Liga;25-027;2001;24;14;1,399;15.5;0;1;1;0;0;0;2;0;0;0.06;0.06;0;0.06;Matches
1096;Sergio Herrera;es ESP;GK;Osasuna;es La Liga;32-295;1993;29;29;2,610;29;0;0;0;0;0;0;3;0;0;0;0;0;0;Matches
1097;Yangel Herrera;ve VEN;MF;Girona;es La Liga;28-072;1998;2;2;110;1.2;0;0;0;0;0;0;0;0;0;0;0;0;0;Matches
1098;Yangel Herrera;ve VEN;MF;Real Sociedad;es La Liga;28-072;1998;8;4;304;3.4;0;0;0;0;0;0;1;0;0;0;0;0;0;Matches
1099;Charles Herrmann;de GER;FW;Gladbach;de Bundesliga;20-065;2006;1;0;5;0.1;0;1;1;0;0;0;0;0;0;18;18;0;18;Matches
1100;Daniel Heuer Fernandes;pt POR;GK;Hamburger SV;de Bundesliga;33-134;1992;27;27;2,430;27;0;0;0;0;0;0;3;0;0;0;0;0;0;Matches
1101;Aaron Hickey;sct SCO;DF;Brentford;eng Premier League;23-290;2002;18;7;599;6.7;0;0;0;0;0;0;1;0;0;0;0;0;0;Matches
1102;Santiago Hidalgo;ar ARG;FW,MF;Toulouse;fr Ligue 1;21-038;2005;23;10;1,010;11.2;4;4;8;4;0;0;4;0;0.36;0.36;0.71;0.36;0.71;Matches
1103;Isak Hien;se SWE;DF;Atalanta;it Serie A;27-073;1999;25;18;1,756;19.5;1;0;1;1;0;0;4;0;0.05;0;0.05;0.05;0.05;Matches
1104;Asier Hierro;es ESP;FW;Athletic Club;es La Liga;20-325;2005;1;0;34;0.4;0;0;0;0;0;0;0;0;0;0;0;0;0;Matches
1105;Omar El Hilali;ma MAR;DF;Espanyol;es La Liga;22-196;2003;27;24;2,094;23.3;0;2;2;0;0;0;5;0;0;0.09;0.09;0;0.09;Matches
1106;James Hill;eng ENG;DF;Bournemouth;eng Premier League;24-076;2002;22;15;1,476;16.4;0;3;3;0;0;0;2;0;0;0.18;0.18;0;0.18;Matches
1107;Rémi Himbert;fr FRA;FW;Lyon;fr Ligue 1;18-026;2008;6;1;131;1.5;1;0;1;1;0;0;0;0;0.69;0;0.69;0.69;0.69;Matches
1108;Piero Hincapié;ec ECU;DF;Arsenal;eng Premier League;24-077;2002;21;17;1,503;16.7;1;2;3;1;0;0;2;0;0.06;0.12;0.18;0.06;0.18;Matches
1109;Piero Hincapié;ec ECU;DF;Leverkusen;de Bundesliga;24-077;2002;1;1;90;1;0;0;0;0;0;0;0;0;0;0;0;0;0;Matches
1110;Jack Hinshelwood;eng ENG;MF;Brighton;eng Premier League;20-350;2005;20;13;1,176;13.1;1;3;4;1;0;0;0;0;0.08;0.23;0.31;0.08;0.31;Matches
1111;Adam Hložek;cz CZE;FW,MF;Hoffenheim;de Bundesliga;23-245;2002;3;0;24;0.3;0;0;0;0;0;0;0;0;0;0;0;0;0;Matches
1112;Ki-Jana Hoever;nl NED;MF,DF;Wolves;eng Premier League;24-068;2002;8;6;425;4.7;0;0;0;0;0;0;0;0;0;0;0;0;0;Matches
1113;Nicolas Höfler;de GER;MF;Freiburg;de Bundesliga;36-018;1990;7;0;82;0.9;0;0;0;0;0;0;0;0;0;0;0;0;0;Matches
1114;Jonas Hofmann;de GER;MF;Leverkusen;de Bundesliga;33-256;1992;21;11;974;10.8;2;2;4;2;0;0;3;0;0.18;0.18;0.37;0.18;0.37;Matches
1115;Malthe Hojholt;dk DEN;MF;Pisa;it Serie A;24-345;2001;12;6;561;6.2;0;0;0;0;0;0;1;0;0;0;0;0;0;Matches
1116;Lucas Höler;de GER;FW,MF;Freiburg;de Bundesliga;31-260;1994;26;19;1,513;16.8;1;1;2;1;0;0;1;0;0.06;0.06;0.12;0.06;0.12;Matches
1117;Benedict Hollerbach;de GER;FW,MF;Mainz 05;de Bundesliga;24-314;2001;14;13;872;9.7;1;3;4;1;0;0;0;0;0.1;0.31;0.41;0.1;0.41;Matches
1118;Emil Holm;se SWE;DF;Bologna;it Serie A;25-318;2000;11;8;655;7.3;1;4;5;1;0;0;3;1;0.14;0.55;0.69;0.14;0.69;Matches
1119;Emil Holm;se SWE;DF,MF;Juventus;it Serie A;25-318;2000;1;0;45;0.5;0;0;0;0;0;0;0;0;0;0;0;0;0;Matches
1120;Franck Honorat;fr FRA;MF,FW;Gladbach;de Bundesliga;29-228;1996;21;19;1,543;17.1;1;6;7;1;0;0;0;0;0.06;0.35;0.41;0.06;0.41;Matches
1121;Mathias Honsak;at AUT;MF,FW;Heidenheim;de Bundesliga;29-097;1996;22;12;1,011;11.2;0;0;0;0;0;0;1;0;0;0;0;0;0;Matches
1122;Ali Houary;ma MAR;MF;Elche;es La Liga;20-234;2005;2;2;123;1.4;0;0;0;0;0;0;0;0;0;0;0;0;0;Matches
1123;Andreas Hountondji;bj BEN;FW,MF;St Pauli;de Bundesliga;23-259;2002;14;9;641;7.1;4;0;4;4;0;1;1;0;0.56;0;0.56;0.56;0.56;Matches
1124;Harry Howell;eng ENG;MF;Brighton;eng Premier League;17-341;2008;3;1;94;1;0;0;0;0;0;0;0;0;0;0;0;0;0;Matches
1125;Lukáš Hrádecký;fi FIN;GK;Monaco;fr Ligue 1;36-123;1989;10;10;809;9;0;0;0;0;0;0;0;0;0;0;0;0;0;Matches
1126;Robin Hranáč;cz CZE;DF;Hoffenheim;de Bundesliga;26-057;2000;25;24;2,077;23.1;0;0;0;0;0;0;4;0;0;0;0;0;0;Matches
1127;Timo Hübers;de GER;DF;Köln;de Bundesliga;29-250;1996;8;8;675;7.5;0;0;0;0;0;0;0;0;0;0;0;0;0;Matches
1128;Callum Hudson-Odoi;eng ENG;MF;Nottingham Forest;eng Premier League;25-140;2000;29;20;1,751;19.5;3;3;6;3;0;0;0;0;0.15;0.15;0.31;0.15;0.31;Matches
1129;Will Hughes;eng ENG;MF;Crystal Palace;eng Premier League;30-344;1995;27;15;1,301;14.5;0;0;0;0;0;0;7;0;0;0;0;0;0;Matches
1130;Dean Huijsen;es ESP;DF;Real Madrid;es La Liga;20-347;2005;21;19;1,586;17.6;2;2;4;2;0;0;5;1;0.11;0.11;0.23;0.11;0.23;Matches
1131;Trai Hume;nir NIR;DF,MF;Sunderland;eng Premier League;24-009;2002;31;29;2,581;28.7;0;1;1;0;0;0;8;0;0;0.03;0.03;0;0.03;Matches
1132;Bashir Humphreys;eng ENG;DF,MF;Burnley;eng Premier League;23-012;2003;15;13;1,242;13.8;0;0;0;0;0;0;5;0;0;0;0;0;0;Matches
1133;Denis Huseinbasic;ba BIH;MF;Köln;de Bundesliga;24-267;2001;14;8;660;7.3;0;0;0;0;0;0;1;0;0;0;0;0;0;Matches
1134;Omari Hutchinson;eng ENG;MF;Nottingham Forest;eng Premier League;22-148;2003;24;12;1,287;14.3;1;3;4;1;0;0;0;0;0.07;0.21;0.28;0.07;0.28;Matches
1135;Kwon Hyeokkyu;kr KOR;MF;Nantes;fr Ligue 1;25-014;2001;12;9;753;8.4;0;0;0;0;0;0;2;0;0;0;0;0;0;Matches
1136;Elseid Hysaj;al ALB;DF;Lazio;it Serie A;32-035;1994;4;1;165;1.8;0;0;0;0;0;0;0;0;0;0;0;0;0;Matches
1137;Hong Hyunseok;kr KOR;MF;Nantes;fr Ligue 1;26-284;1999;6;3;284;3.2;0;0;0;0;0;0;0;0;0;0;0;0;0;Matches
1138;Lucas Høgsberg;dk DEN;DF;Strasbourg;fr Ligue 1;19-277;2006;17;16;1,309;14.5;0;0;0;0;0;0;3;1;0;0;0;0;0;Matches
1139;Pierre Højbjerg;dk DEN;MF;Marseille;fr Ligue 1;30-234;1995;25;23;2,108;23.4;2;4;6;2;0;0;3;0;0.09;0.17;0.26;0.09;0.26;Matches
1140;Oscar Højlund;dk DEN;MF;Eintracht Frankfurt;de Bundesliga;21-082;2005;19;7;741;8.2;0;1;1;0;0;0;3;1;0;0.12;0.12;0;0.12;Matches
1141;Rasmus Højlund;dk DEN;FW;Napoli;it Serie A;23-051;2003;26;25;2,175;24.2;10;2;12;9;1;1;1;0;0.41;0.08;0.5;0.37;0.46;Matches
1142;Edoardo Iannoni;it ITA;MF;Sassuolo;it Serie A;24-350;2001;14;1;250;2.8;1;0;1;1;0;0;3;0;0.36;0;0.36;0.36;0.36;Matches
1143;Pablo Ibáñez;es ESP;MF;Alavés;es La Liga;27-188;1998;28;22;1,740;19.3;1;1;2;1;0;0;5;0;0.05;0.05;0.1;0.05;0.1;Matches
1144;Arijon Ibrahimović;de GER;MF;Heidenheim;de Bundesliga;20-106;2005;25;21;1,835;20.4;1;2;3;0;1;1;2;0;0.05;0.1;0.15;0;0.1;Matches
1145;Riyad Idrissi;it ITA;MF,DF;Cagliari;it Serie A;20-287;2005;23;4;783;8.7;2;0;2;2;0;0;3;0;0.23;0;0.23;0.23;0.23;Matches
1146;Stanis Idumbo;be BEL;MF;Sevilla;es La Liga;20-271;2005;1;1;45;0.5;0;0;0;0;0;0;0;0;0;0;0;0;0;Matches
1147;Stanis Idumbo;be BEL;MF;Monaco;fr Ligue 1;20-271;2005;8;0;171;1.9;1;1;2;1;0;0;0;0;0.53;0.53;1.05;0.53;1.05;Matches
1148;Jay Idzes;id IDN;DF;Sassuolo;it Serie A;25-298;2000;29;29;2,609;29;0;0;0;0;0;0;2;0;0;0;0;0;0;Matches
1149;Hamza Igamane;ma MAR;FW;Lille;fr Ligue 1;23-145;2002;13;4;432;4.8;5;1;6;5;0;0;2;0;1.04;0.21;1.25;1.04;1.25;Matches
1150;Iglesias;es ESP;DF,MF;Getafe;es La Liga;27-267;1998;28;27;2,380;26.4;1;2;3;1;0;0;3;0;0.04;0.08;0.11;0.04;0.11;Matches
1151;Borja Iglesias;es ESP;FW;Celta Vigo;es La Liga;33-069;1993;26;17;1,505;16.7;11;2;13;8;3;3;6;0;0.66;0.12;0.78;0.48;0.6;Matches
1152;Igor;br BRA;DF;West Ham United;eng Premier League;28-048;1998;4;1;105;1.2;0;0;0;0;0;0;0;0;0;0;0;0;0;Matches
1153;Jonathan Ikone;fr FRA;MF,FW;Paris FC;fr Ligue 1;27-329;1998;17;8;720;8;1;0;1;1;0;0;1;0;0.12;0;0.12;0.12;0.12;Matches
1154;George Ilenikhena;ng NGA;FW;Monaco;fr Ligue 1;19-223;2006;15;3;385;4.3;2;0;2;2;0;0;0;0;0.47;0;0.47;0.47;0.47;Matches
1155;Andrej Ilic;rs SRB;FW;Union Berlin;de Bundesliga;25-358;2000;25;18;1,721;19.1;1;8;9;1;0;1;5;0;0.05;0.42;0.47;0.05;0.47;Matches
1156;Ivan Ilić;rs SRB;MF;Torino;it Serie A;25-010;2001;8;5;416;4.6;0;0;0;0;0;0;2;0;0;0;0;0;0;Matches
1157;Luka Ilić;rs SRB;MF,FW;Oviedo;es La Liga;26-268;1999;18;8;714;7.9;1;0;1;1;0;0;4;1;0.13;0;0.13;0.13;0.13;Matches
1158;Samuel Iling-Junior;eng ENG;MF;Pisa;it Serie A;22-174;2003;5;1;110;1.2;0;0;0;0;0;0;0;0;0;0;0;0;0;Matches
1159;Emirhan İlkhan;tr TUR;MF;Torino;it Serie A;21-299;2004;14;9;685;7.6;1;1;2;1;0;0;2;1;0.13;0.13;0.26;0.13;0.26;Matches
1160;Ciro Immobile;it ITA;FW;Paris FC;fr Ligue 1;36-035;1990;7;6;452;5;1;0;1;1;0;0;1;0;0.2;0;0.2;0.2;0.2;Matches
1161;Ciro Immobile;it ITA;FW;Bologna;it Serie A;36-035;1990;6;2;193;2.1;0;0;0;0;0;0;1;0;0;0;0;0;0;Matches
1162;Samuele Inácio;it ITA;FW;Dortmund;de Bundesliga;17-359;2008;1;0;16;0.2;0;0;0;0;0;0;0;0;0;0;0;0;0;Matches
1163;Cyriaque Irié;bf BFA;MF;Freiburg;de Bundesliga;20-280;2005;7;2;255;2.8;0;0;0;0;0;0;3;0;0;0;0;0;0;Matches
1164;Tim Iroegbunam;eng ENG;MF;Everton;eng Premier League;22-270;2003;23;13;1,110;12.3;0;2;2;0;0;0;8;0;0;0.16;0.16;0;0.16;Matches
1165;Jackson Irvine;au AUS;MF;St Pauli;de Bundesliga;33-020;1993;18;12;1,093;12.1;0;0;0;0;0;0;0;0;0;0;0;0;0;Matches
1166;Andy Irving;sct SCO;MF;West Ham United;eng Premier League;25-318;2000;7;2;158;1.8;0;0;0;0;0;0;0;0;0;0;0;0;0;Matches
1167;Isaac;br BRA;FW;Hellas Verona;it Serie A;22-001;2004;1;0;20;0.2;0;0;0;0;0;0;0;0;0;0;0;0;0;Matches
1168;Alexander Isak;se SWE;FW;Liverpool;eng Premier League;26-187;1999;10;6;504;5.6;2;1;3;2;0;0;0;0;0.36;0.18;0.54;0.36;0.54;Matches
1169;Gustav Isaksen;dk DEN;FW;Lazio;it Serie A;24-342;2001;24;16;1,351;15;4;1;5;4;0;0;0;0;0.27;0.07;0.33;0.27;0.33;Matches
1170;Isco;es ESP;FW,MF;Real Betis;es La Liga;33-340;1992;1;0;31;0.3;0;1;1;0;0;0;0;0;0;2.9;2.9;0;2.9;Matches
1171;Wilson Isidor;fr FRA;FW;Sunderland;eng Premier League;25-212;2000;26;11;1,068;11.9;4;0;4;4;0;0;1;0;0.34;0;0.34;0.34;0.34;Matches
1172;Ardian Ismajli;al ALB;DF;Torino;it Serie A;29-178;1996;21;17;1,546;17.2;0;1;1;0;0;0;4;0;0;0.06;0.06;0;0.06;Matches
1173;Franco Israel;uy URU;GK;Torino;it Serie A;25-339;2000;9;9;810;9;0;0;0;0;0;0;1;0;0;0;0;0;0;Matches
1174;Hiroki Ito;jp JPN;DF;Bayern Munich;de Bundesliga;26-319;1999;11;5;501;5.6;1;2;3;1;0;0;0;0;0.18;0.36;0.54;0.18;0.54;Matches
1175;Alex Iwobi;ng NGA;MF;Fulham;eng Premier League;29-328;1996;25;25;2,131;23.7;4;3;7;4;0;0;3;0;0.17;0.13;0.3;0.17;0.3;Matches
1176;Urko Izeta;es ESP;FW;Athletic Club;es La Liga;26-179;1999;11;1;171;1.9;0;0;0;0;0;0;2;0;0;0;0;0;0;Matches
1177;Jairo Izquierdo;es ESP;DF,FW;Elche;es La Liga;32-156;1993;1;0;24;0.3;0;0;0;0;0;0;0;0;0;0;0;0;0;Matches
1178;Nicolas Jackson;sn SEN;FW;Bayern Munich;de Bundesliga;24-280;2001;17;7;580;6.4;4;0;4;4;0;0;1;1;0.62;0;0.62;0.62;0.62;Matches
1179;Jérémy Jacquet;fr FRA;DF;Rennes;fr Ligue 1;20-257;2005;19;19;1,671;18.6;0;0;0;0;0;0;6;1;0;0;0;0;0;Matches
1180;Ricky Jade-Jones;eng ENG;FW;St Pauli;de Bundesliga;24-276;2001;8;3;337;3.7;2;0;2;2;0;0;1;0;0.53;0;0.53;0.53;0.53;Matches
1181;Lee Jae-sung;kr KOR;MF,FW;Mainz 05;de Bundesliga;33-229;1992;25;25;2,066;23;4;2;6;4;0;0;3;0;0.17;0.09;0.26;0.17;0.26;Matches
1182;Kristijan Jakić;hr CRO;MF,DF;Augsburg;de Bundesliga;28-317;1997;22;17;1,492;16.6;1;1;2;1;0;0;4;0;0.06;0.06;0.12;0.06;0.12;Matches
1183;Karl Jakob Hein;ee EST;GK;Werder Bremen;de Bundesliga;23-348;2002;2;2;180;2;0;0;0;0;0;0;0;0;0;0;0;0;0;Matches
1184;Daniel James;wls WAL;FW;Leeds United;eng Premier League;28-137;1997;15;4;416;4.6;0;0;0;0;0;0;0;0;0;0;0;0;0;Matches
1185;Reece James;eng ENG;DF,MF;Chelsea;eng Premier League;26-109;1999;27;20;1,896;21.1;2;4;6;2;0;0;4;0;0.09;0.19;0.28;0.09;0.28;Matches
1186;Vitaly Janelt;de GER;MF;Brentford;eng Premier League;27-321;1998;22;13;1,261;14;1;4;5;1;0;0;7;0;0.07;0.29;0.36;0.07;0.36;Matches
1187;Mathis Jangeal;fr FRA;FW;Paris Saint-Germain;fr Ligue 1;17-276;2008;1;0;11;0.1;0;0;0;0;0;0;0;0;0;0;0;0;0;Matches
1188;Isak Jansson;se SWE;MF,FW;Nice;fr Ligue 1;24-055;2002;16;6;541;6;1;0;1;1;0;0;2;0;0.17;0;0.17;0.17;0.17;Matches
1189;Adnan Januzaj;be BEL;MF,FW;Sevilla;es La Liga;31-050;1995;12;2;321;3.6;0;0;0;0;0;0;1;0;0;0;0;0;0;Matches
1190;Luca Jaquez;ch SUI;DF;Stuttgart;de Bundesliga;22-298;2003;9;8;642;7.1;0;1;1;0;0;0;1;0;0;0.14;0.14;0;0.14;Matches
1191;Ardon Jashari;ch SUI;MF;Milan;it Serie A;23-240;2002;9;4;461;5.1;0;1;1;0;0;0;0;0;0;0.2;0.2;0;0.2;Matches
1192;Bakery Jatta;gm GAM;MF;Hamburger SV;de Bundesliga;27-294;1998;11;9;690;7.7;0;1;1;0;0;0;0;0;0;0.13;0.13;0;0.13;Matches
1193;Mikel Jauregizar;es ESP;MF;Athletic Club;es La Liga;22-134;2003;28;27;2,272;25.2;2;0;2;2;0;0;3;0;0.08;0;0.08;0.08;0.08;Matches
1194;Gaby Jean;fr FRA;DF;Lecce;it Serie A;26-036;2000;2;0;19;0.2;0;0;0;0;0;0;0;0;0;0;0;0;0;Matches
1195;Finn Jeltsch;de GER;DF;Stuttgart;de Bundesliga;19-253;2006;20;15;1,372;15.2;0;1;1;0;0;0;3;0;0;0.07;0.07;0;0.07;Matches
1196;Castrop Jens;kr KOR;MF;Gladbach;de Bundesliga;22-241;2003;22;16;1,250;13.9;3;0;3;3;0;0;1;1;0.22;0;0.22;0.22;0.22;Matches
1197;Mathias Jensen;dk DEN;MF;Brentford;eng Premier League;30-085;1996;29;19;1,653;18.4;2;1;3;2;0;0;3;0;0.11;0.05;0.16;0.11;0.16;Matches
1198;Oliver Jensen;dk DEN;MF;Parma;it Serie A;24-017;2002;28;19;1,738;19.3;1;0;1;1;0;0;2;0;0.05;0;0.05;0.05;0.05;Matches
1199;Moritz Jenz;de GER;DF;Wolfsburg;de Bundesliga;26-331;1999;19;19;1,695;18.8;1;0;1;1;0;0;8;1;0.05;0;0.05;0.05;0.05;Matches
1200;Gabriel Jesus;br BRA;FW;Arsenal;eng Premier League;28-358;1997;11;2;313;3.5;2;0;2;2;0;0;2;0;0.58;0;0.58;0.58;0.58;Matches
1201;Igor Jesus;br BRA;FW;Nottingham Forest;eng Premier League;25-030;2001;30;22;1,800;20;3;3;6;3;0;0;0;0;0.15;0.15;0.3;0.15;0.3;Matches
1202;Juan Jesus;br BRA;DF;Napoli;it Serie A;34-290;1991;21;17;1,501;16.7;0;0;0;0;0;0;10;1;0;0;0;0;0;Matches
1203;Álex Jiménez;es ESP;DF,MF;Bournemouth;eng Premier League;20-323;2005;27;22;1,958;21.8;1;0;1;1;0;0;9;0;0.05;0;0.05;0.05;0.05;Matches
1204;Álex Jiménez;es ESP;DF;Milan;it Serie A;20-323;2005;1;0;45;0.5;0;0;0;0;0;0;1;0;0;0;0;0;0;Matches
1205;David Jiménez;es ESP;DF;Real Madrid;es La Liga;22-013;2004;2;1;76;0.8;0;0;0;0;0;0;0;0;0;0;0;0;0;Matches
1206;Raúl Jiménez;mx MEX;FW;Fulham;eng Premier League;34-326;1991;30;25;1,974;21.9;9;3;12;5;4;4;5;0;0.41;0.14;0.55;0.23;0.36;Matches
1207;Jamaldeen Jimoh;eng ENG;MF;Aston Villa;eng Premier League;19-176;2006;1;0;9;0.1;0;0;0;0;0;0;0;0;0;0;0;0;0;Matches
1208;João Pedro;br BRA;FW,MF;Chelsea;eng Premier League;24-182;2001;31;27;2,311;25.7;14;5;19;14;0;0;4;0;0.55;0.19;0.74;0.55;0.74;Matches
1209;Joelinton;br BRA;MF;Newcastle United;eng Premier League;29-225;1996;24;20;1,688;18.8;2;1;3;2;0;0;9;0;0.11;0.05;0.16;0.11;0.16;Matches
1210;Jofre;es ESP;MF;Espanyol;es La Liga;24-283;2001;21;8;784;8.7;1;0;1;1;0;0;1;0;0.11;0;0.11;0.11;0.11;Matches
1211;Þórir Jóhann Helgason;is ISL;MF;Lecce;it Serie A;25-180;2000;7;1;126;1.4;0;0;0;0;0;0;0;0;0;0;0;0;0;Matches
1212;Ísak Jóhannesson;is ISL;MF;Köln;de Bundesliga;23-004;2003;25;17;1,434;15.9;1;2;3;1;0;0;4;0;0.06;0.13;0.19;0.06;0.19;Matches
1213;John;br BRA;GK;Nottingham Forest;eng Premier League;30-042;1996;5;5;437;4.9;0;0;0;0;0;0;1;0;0;0;0;0;0;Matches
1214;Dennis Johnsen;no NOR;MF,FW;Cremonese;it Serie A;28-038;1998;11;5;390;4.3;1;1;2;1;0;0;0;0;0.23;0.23;0.46;0.23;0.46;Matches
1215;Brennan Johnson;wls WAL;MF,FW;Tottenham Hotspur;eng Premier League;24-308;2001;16;6;610;6.8;2;0;2;2;0;0;2;0;0.3;0;0.3;0.3;0.3;Matches
1216;Brennan Johnson;wls WAL;MF;Crystal Palace;eng Premier League;24-308;2001;11;7;626;7;0;1;1;0;0;0;3;0;0;0.14;0.14;0;0.14;Matches
1217;Karl-Johan Johnsson;se SWE;GK;Strasbourg;fr Ligue 1;36-058;1990;1;1;90;1;0;0;0;0;0;0;0;0;0;0;0;0;0;Matches
1218;Sam Johnstone;eng ENG;GK;Wolves;eng Premier League;33-002;1993;12;12;1,080;12;0;0;0;0;0;0;0;0;0;0;0;0;0;Matches
1219;Curtis Jones;eng ENG;MF;Liverpool;eng Premier League;25-056;2001;27;11;1,356;15.1;0;1;1;0;0;0;1;0;0;0.07;0.07;0;0.07;Matches
1220;Frenkie de Jong;nl NED;MF;Barcelona;es La Liga;28-319;1997;19;16;1,495;16.6;1;4;5;1;0;0;4;1;0.06;0.24;0.3;0.06;0.3;Matches
1221;Joan Jordán;es ESP;MF;Sevilla;es La Liga;31-264;1994;3;0;25;0.3;0;0;0;0;0;0;1;1;0;0;0;0;0;Matches
1222;Josan;es ESP;MF,DF;Elche;es La Liga;36-114;1989;15;4;490;5.4;0;2;2;0;0;0;2;0;0;0.37;0.37;0;0.37;Matches
1223;Mateo Joseph;es ESP;MF,FW;Mallorca;es La Liga;22-159;2003;28;19;1,678;18.6;2;2;4;2;0;0;2;0;0.11;0.11;0.21;0.11;0.21;Matches
1224;Lazar Jovanović;rs SRB;FW;Stuttgart;de Bundesliga;19-117;2006;3;0;40;0.4;0;0;0;0;0;0;0;0;0;0;0;0;0;Matches
1225;Juanmi;es ESP;FW,MF;Getafe;es La Liga;32-311;1993;8;0;179;2;1;0;1;1;0;0;0;0;0.5;0;0.5;0.5;0.5;Matches
1226;Abdulai Juma Bah;sl SLE;DF;Nice;fr Ligue 1;19-350;2006;21;17;1,553;17.3;0;0;0;0;0;0;6;0;0;0;0;0;0;Matches
1227;Anthony Jung;de GER;DF;Freiburg;de Bundesliga;34-144;1991;10;4;490;5.4;0;0;0;0;0;0;2;0;0;0;0;0;0;Matches
1228;Eli Junior Kroupi;fr FRA;MF,FW;Bournemouth;eng Premier League;19-277;2006;26;14;1,158;12.9;9;0;9;8;1;1;3;0;0.7;0;0.7;0.62;0.62;Matches
1229;Luiz Lúcio Reis Júnior;br BRA;GK;Villarreal;es La Liga;25-072;2001;26;26;2,340;26;0;0;0;0;0;0;3;0;0;0;0;0;0;Matches
1230;Hamed Junior Traorè;ci CIV;MF;Bournemouth;eng Premier League;26-039;2000;1;0;17;0.2;0;1;1;0;0;0;0;0;0;5.29;5.29;0;5.29;Matches
1231;Hamed Junior Traorè;ci CIV;MF;Marseille;fr Ligue 1;26-039;2000;9;4;359;4;1;1;2;1;0;0;1;0;0.25;0.25;0.5;0.25;0.5;Matches
1232;Vinicius Júnior;br BRA;FW,MF;Real Madrid;es La Liga;25-258;2000;28;25;2,174;24.2;11;5;16;7;4;5;7;0;0.46;0.21;0.66;0.29;0.5;Matches
1233;Josip Juranović;hr CRO;MF;Union Berlin;de Bundesliga;30-223;1995;7;2;206;2.3;0;0;0;0;0;0;1;0;0;0;0;0;0;Matches
1234;James Justin;eng ENG;DF,MF;Leeds United;eng Premier League;28-032;1998;22;14;1,271;14.1;1;1;2;1;0;0;2;0;0.07;0.07;0.14;0.07;0.14;Matches
1235;Ferran Jutglà;es ESP;FW,MF;Celta Vigo;es La Liga;27-054;1999;21;16;1,175;13.1;7;2;9;7;0;0;4;0;0.54;0.15;0.69;0.54;0.69;Matches
1236;Filip Jørgensen;dk DEN;GK;Chelsea;eng Premier League;23-345;2002;3;2;264;2.9;0;0;0;0;0;0;0;0;0;0;0;0;0;Matches
1237;Martijn Kaars;nl NED;FW;St Pauli;de Bundesliga;27-022;1999;22;11;1,020;11.3;3;0;3;2;1;1;1;0;0.26;0;0.26;0.18;0.18;Matches
1238;Mohamed Kaba;gn GUI;MF;Nantes;fr Ligue 1;24-151;2001;7;6;523;5.8;0;1;1;0;0;0;2;0;0;0.17;0.17;0;0.17;Matches
1239;Mohamed Kaba;gn GUI;MF;Lecce;it Serie A;24-151;2001;15;5;633;7;0;0;0;0;0;0;1;0;0;0;0;0;0;Matches
1240;Ozan Kabak;tr TUR;DF;Hoffenheim;de Bundesliga;26-002;2000;18;11;1,121;12.5;4;0;4;4;0;0;2;0;0.32;0;0.32;0.32;0.32;Matches
1241;Christian Kabasele;be BEL;DF;Udinese;it Serie A;35-031;1991;23;21;1,717;19.1;3;0;3;3;0;0;4;0;0.16;0;0.16;0.16;0.16;Matches
1242;Anton Kade;de GER;MF,FW;Augsburg;de Bundesliga;22-069;2004;21;11;1,135;12.6;3;0;3;3;0;0;3;0;0.24;0;0.24;0.24;0.24;Matches
1243;Ferdi Kadioglu;tr TUR;DF,MF;Brighton;eng Premier League;26-171;1999;30;27;2,503;27.8;0;0;0;0;0;0;6;0;0;0;0;0;0;Matches
1244;Florian Kainz;at AUT;MF;Köln;de Bundesliga;33-154;1992;13;2;258;2.9;1;1;2;1;0;0;1;0;0.35;0.35;0.7;0.35;0.7;Matches
1245;Sasa Kalajdzic;at AUT;FW,MF;Wolves;eng Premier League;28-263;1997;1;0;15;0.2;0;0;0;0;0;0;0;0;0;0;0;0;0;Matches
1246;Arnaud Kalimuendo;fr FRA;FW;Nottingham Forest;eng Premier League;24-066;2002;9;0;96;1.1;0;0;0;0;0;0;0;0;0;0;0;0;0;Matches
1247;Arnaud Kalimuendo;fr FRA;FW,MF;Eintracht Frankfurt;de Bundesliga;24-066;2002;12;10;847;9.4;4;1;5;4;0;0;3;0;0.43;0.11;0.53;0.43;0.53;Matches
1248;Pierre Kalulu;fr FRA;DF,MF;Juventus;it Serie A;25-295;2000;29;29;2,561;28.5;2;3;5;2;0;0;3;1;0.07;0.11;0.18;0.07;0.18;Matches
1249;Justin-Noël Kalumba;fr FRA;FW;Mallorca;es La Liga;21-092;2004;2;0;36;0.4;0;0;0;0;0;0;0;0;0;0;0;0;0;Matches
1250;Justin-Noël Kalumba;fr FRA;FW,MF;Angers;fr Ligue 1;21-092;2004;4;3;224;2.5;0;0;0;0;0;0;0;0;0;0;0;0;0;Matches
1251;Daichi Kamada;jp JPN;MF;Crystal Palace;eng Premier League;29-234;1996;20;17;1,479;16.4;0;0;0;0;0;0;2;0;0;0;0;0;0;Matches
1252;Warren Kamanzi;no NOR;MF;Toulouse;fr Ligue 1;25-136;2000;18;6;679;7.5;0;1;1;0;0;0;1;0;0;0.13;0.13;0;0.13;Matches
1253;Abu Kamara;eng ENG;MF;Getafe;es La Liga;22-249;2003;9;1;196;2.2;0;0;0;0;0;0;1;0;0;0;0;0;0;Matches
1254;Bingourou Kamara;sn SEN;GK;Lorient;fr Ligue 1;29-157;1996;3;3;270;3;0;0;0;0;0;0;0;0;0;0;0;0;0;Matches
1255;Boubacar Kamara;fr FRA;MF;Aston Villa;eng Premier League;26-124;1999;18;17;1,411;15.7;1;3;4;1;0;0;5;0;0.06;0.19;0.26;0.06;0.26;Matches
1256;Glen Kamara;fi FIN;MF;Rennes;fr Ligue 1;30-150;1995;3;0;52;0.6;0;0;0;0;0;0;0;0;0;0;0;0;0;Matches
1257;Hassane Kamara;ci CIV;MF,DF;Udinese;it Serie A;32-022;1994;19;15;1,301;14.5;0;1;1;0;0;0;4;0;0;0.07;0.07;0;0.07;Matches
1258;Noham Kamara;fr FRA;DF;Lyon;fr Ligue 1;19-064;2007;1;0;1;0;0;0;0;0;0;0;0;0;0;0;0;0;0;Matches
1259;Jakub Kamiński;pl POL;MF,FW;Köln;de Bundesliga;23-295;2002;27;27;2,407;26.7;6;3;9;6;0;0;3;0;0.22;0.11;0.34;0.22;0.34;Matches
1260;Kevin Kampl;si SVN;MF;RB Leipzig;de Bundesliga;35-169;1990;3;0;3;0;0;0;0;0;0;0;0;0;0;0;0;0;0;Matches
1261;Harry Kane;eng ENG;FW,MF;Bayern Munich;de Bundesliga;32-242;1993;26;23;2,062;22.9;31;5;36;21;10;10;1;0;1.35;0.22;1.57;0.92;1.13;Matches
1262;Lee Kang-in;kr KOR;MF,FW;Paris Saint-Germain;fr Ligue 1;25-036;2001;21;14;1,164;12.9;2;3;5;2;0;0;2;0;0.15;0.23;0.39;0.15;0.39;Matches
1263;Steeve Kango;fr FRA;DF;Lyon;fr Ligue 1;19-108;2006;2;0;17;0.2;0;0;0;0;0;0;0;0;0;0;0;0;0;Matches
1264;Mohamadou Kanté;fr FRA;MF;West Ham United;eng Premier League;20-188;2005;8;0;37;0.4;0;0;0;0;0;0;1;0;0;0;0;0;0;Matches
1265;Adam Karabec;cz CZE;MF,FW;Lyon;fr Ligue 1;22-268;2003;19;11;892;9.9;1;0;1;1;0;0;3;0;0.1;0;0.1;0.1;0.1;Matches
1266;Atakan Karazor;tr TUR;MF;Stuttgart;de Bundesliga;29-165;1996;25;19;1,636;18.2;0;0;0;0;0;0;4;0;0;0;0;0;0;Matches
1267;Dermane Karim;tg TOG;MF;Lorient;fr Ligue 1;22-091;2003;25;14;1,233;13.7;1;2;3;1;0;0;3;0;0.07;0.15;0.22;0.07;0.22;Matches
1268;Lennart Karl;de GER;MF;Bayern Munich;de Bundesliga;18-033;2008;23;14;1,116;12.4;4;3;7;4;0;0;0;0;0.32;0.24;0.56;0.32;0.56;Matches
1269;Jesper Karlström;se SWE;MF;Udinese;it Serie A;30-279;1995;30;30;2,638;29.3;1;0;1;1;0;0;4;0;0.03;0;0.03;0.03;0.03;Matches
1270;Jon Karrikaburu;es ESP;FW;Real Sociedad;es La Liga;23-189;2002;6;0;132;1.5;0;0;0;0;0;0;0;0;0;0;0;0;0;Matches
1271;Grigoris Kastanos;cy CYP;MF;Hellas Verona;it Serie A;28-056;1998;6;0;44;0.5;0;0;0;0;0;0;0;0;0;0;0;0;0;Matches
1272;Silas Katompa;cd COD;FW;Mainz 05;de Bundesliga;27-172;1998;8;4;334;3.7;1;0;1;1;0;0;1;0;0.27;0;0.27;0.27;0.27;Matches
1273;Panos Katseris;gr GRE;MF,DF;Lorient;fr Ligue 1;24-265;2001;9;3;246;2.7;0;0;0;0;0;0;2;0;0;0;0;0;0;Matches
1274;Mikkel Kaufmann;dk DEN;FW;Heidenheim;de Bundesliga;25-083;2001;14;6;522;5.8;1;1;2;1;0;0;2;0;0.17;0.17;0.34;0.17;0.34;Matches
1275;Sota Kawasaki;jp JPN;MF,DF;Mainz 05;de Bundesliga;24-240;2001;8;2;233;2.6;0;0;0;0;0;0;1;0;0;0;0;0;0;Matches
1276;Michael Kayode;it ITA;DF;Brentford;eng Premier League;21-260;2004;30;30;2,628;29.2;1;0;1;1;0;0;6;0;0.03;0;0.03;0.03;0.03;Matches
1277;Moise Kean;it ITA;FW;Fiorentina;it Serie A;26-027;2000;25;22;1,961;21.8;8;1;9;6;2;2;4;0;0.37;0.05;0.41;0.28;0.32;Matches
1278;Michael Keane;eng ENG;DF;Everton;eng Premier League;33-075;1993;27;24;2,137;23.7;3;0;3;3;0;0;0;1;0.13;0;0.13;0.13;0.13;Matches
1279;Ilan Kebbal;dz ALG;MF,FW;Paris FC;fr Ligue 1;27-261;1998;23;23;1,957;21.7;8;4;12;5;3;3;5;0;0.37;0.18;0.55;0.23;0.41;Matches
1280;Yassine Kechta;ma MAR;MF;Le Havre;fr Ligue 1;24-030;2002;25;12;1,132;12.6;1;1;2;1;0;0;3;0;0.08;0.08;0.16;0.08;0.16;Matches
1281;Thilo Kehrer;de GER;DF;Monaco;fr Ligue 1;29-187;1996;21;21;1,826;20.3;0;0;0;0;0;0;7;2;0;0;0;0;0;Matches
1282;Mandela Keita;be BEL;MF;Parma;it Serie A;23-321;2002;29;28;2,328;25.9;0;1;1;0;0;0;1;0;0;0.04;0.04;0;0.04;Matches
1283;Yannik Keitel;de GER;DF;Augsburg;de Bundesliga;26-040;2000;4;1;165;1.8;0;0;0;0;0;0;2;0;0;0;0;0;0;Matches
1284;Caoimhín Kelleher;ie IRL;GK;Brentford;eng Premier League;27-124;1998;30;30;2,700;30;0;0;0;0;0;0;1;0;0;0;0;0;0;Matches
1285;Thomas Keller;de GER;DF;Heidenheim;de Bundesliga;26-234;1999;4;3;188;2.1;0;0;0;0;0;0;1;0;0;0;0;0;0;Matches
1286;Lloyd Kelly;eng ENG;DF;Juventus;it Serie A;27-172;1998;27;25;2,297;25.5;1;0;1;1;0;0;4;0;0.04;0;0.04;0.04;0.04;Matches
1287;Aljoscha Kemlein;de GER;MF;Union Berlin;de Bundesliga;21-237;2004;25;19;1,584;17.6;0;1;1;0;0;0;3;0;0;0.06;0.06;0;0.06;Matches
1288;Marc-Oliver Kempf;de GER;DF;Como;it Serie A;31-058;1995;27;21;1,761;19.6;4;0;4;4;0;0;2;0;0.2;0;0.2;0.2;0.2;Matches
1289;Luca Kerber;de GER;MF;Heidenheim;de Bundesliga;24-017;2002;14;8;626;7;2;0;2;2;0;0;3;0;0.29;0;0.29;0.29;0.29;Matches
1290;Milos Kerkez;hu HUN;DF;Liverpool;eng Premier League;22-140;2003;28;25;2,028;22.5;2;1;3;2;0;0;4;0;0.09;0.04;0.13;0.09;0.13;Matches
1291;Kevin;br BRA;MF;Fulham;eng Premier League;23-082;2003;23;8;908;10.1;1;1;2;1;0;0;1;0;0.1;0.1;0.2;0.1;0.2;Matches
1292;Reda Khadra;de GER;FW;Le Havre;fr Ligue 1;24-266;2001;8;1;229;2.5;0;0;0;0;0;0;0;0;0;0;0;0;0;Matches
1293;Bilal El Khannouss;ma MAR;MF,FW;Stuttgart;de Bundesliga;21-321;2004;19;16;1,322;14.7;3;3;6;3;0;0;5;0;0.2;0.2;0.41;0.2;0.41;Matches
1294;Rani Khedira;de GER;MF;Union Berlin;de Bundesliga;32-059;1994;26;26;2,297;25.5;5;0;5;5;0;0;6;0;0.2;0;0.2;0.2;0.2;Matches
1295;Abdukodir Khusanov;uz UZB;DF;Manchester City;eng Premier League;22-026;2004;15;9;892;9.9;0;0;0;0;0;0;2;0;0;0;0;0;0;Matches
1296;Cassiano Kiala;de GER;DF;Bayern Munich;de Bundesliga;17-075;2009;1;0;1;0;0;0;0;0;0;0;0;0;0;0;0;0;0;Matches
1297;Kialonda;ao ANG;DF;Lecce;it Serie A;28-181;1997;22;21;1,828;20.3;0;0;0;0;0;0;6;1;0;0;0;0;0;Matches
1298;Kiké;es ESP;FW;Espanyol;es La Liga;36-122;1989;28;13;1,337;14.9;6;1;7;5;1;1;3;0;0.4;0.07;0.47;0.34;0.4;Matches
1299;Semih Kılıçsoy;tr TUR;FW;Cagliari;it Serie A;20-224;2005;21;11;967;10.7;4;0;4;4;0;0;1;0;0.37;0;0.37;0.37;0.37;Matches
1300;Max Kilman;eng ENG;DF;West Ham United;eng Premier League;28-308;1997;21;17;1,561;17.3;0;0;0;0;0;0;4;0;0;0;0;0;0;Matches
1301;Joshua Kimmich;de GER;MF;Bayern Munich;de Bundesliga;31-047;1995;23;19;1,817;20.2;2;6;8;2;0;0;4;0;0.1;0.3;0.4;0.1;0.4;Matches
1302;Joshua King;eng ENG;MF;Fulham;eng Premier League;19-083;2007;25;14;1,139;12.7;1;2;3;1;0;0;3;0;0.08;0.16;0.24;0.08;0.24;Matches
1303;Tim Kleindienst;de GER;FW;Gladbach;de Bundesliga;30-208;1995;2;0;2;0;0;0;0;0;0;0;0;0;0;0;0;0;0;Matches
1304;Lukas Klostermann;de GER;DF,MF;RB Leipzig;de Bundesliga;29-297;1996;4;0;6;0.1;0;0;0;0;0;0;0;0;0;0;0;0;0;Matches
1305;Justin Kluivert;nl NED;MF;Bournemouth;eng Premier League;26-326;1999;18;10;919;10.2;2;0;2;2;0;0;4;0;0.2;0;0.2;0.2;0.2;Matches
1306;Ruben Kluivert;nl NED;DF;Lyon;fr Ligue 1;24-310;2001;11;7;642;7.1;1;2;3;1;0;0;2;0;0.14;0.28;0.42;0.14;0.42;Matches
1307;Ansgar Knauff;de GER;MF,FW;Eintracht Frankfurt;de Bundesliga;24-076;2002;21;10;1,017;11.3;4;1;5;4;0;0;2;0;0.35;0.09;0.44;0.35;0.44;Matches
1308;Joe Knight;eng ENG;MF;Brighton;eng Premier League;20-187;2005;1;0;1;0;0;0;0;0;0;0;0;0;0;0;0;0;0;Matches
1309;Gregor Kobel;ch SUI;GK;Dortmund;de Bundesliga;28-111;1997;27;27;2,430;27;0;0;0;0;0;0;2;0;0;0;0;0;0;Matches
1310;Robin Koch;de GER;DF;Eintracht Frankfurt;de Bundesliga;29-253;1996;25;25;2,203;24.5;3;1;4;3;0;0;3;1;0.12;0.04;0.16;0.12;0.16;Matches
1311;Christian Kofane;cm CMR;FW,MF;Leverkusen;de Bundesliga;19-244;2006;24;9;1,002;11.1;5;3;8;5;0;0;3;0;0.45;0.27;0.72;0.45;0.72;Matches
1312;Hervé Koffi;bf BFA;GK;Angers;fr Ligue 1;29-162;1996;23;23;2,070;23;0;0;0;0;0;0;1;0;0;0;0;0;0;Matches
1313;Enzo Koffi Vinette;fr FRA;DF;Le Havre;fr Ligue 1;20-023;2006;11;3;313;3.5;0;0;0;0;0;0;1;0;0;0;0;0;0;Matches
1314;Derrick Köhn;gh GHA;MF,DF;Union Berlin;de Bundesliga;27-051;1999;25;19;1,705;18.9;1;1;2;0;1;1;4;1;0.05;0.05;0.11;0;0.05;Matches
1315;Philipp Köhn;ch SUI;GK;Monaco;fr Ligue 1;27-359;1998;19;17;1,621;18;0;0;0;0;0;0;1;0;0;0;0;0;0;Matches
1316;Dominik Kohr;de GER;DF;Mainz 05;de Bundesliga;32-055;1994;22;22;1,843;20.5;1;0;1;1;0;0;8;2;0.05;0;0.05;0.05;0.05;Matches
1317;Koke;es ESP;MF;Atlético Madrid;es La Liga;34-078;1992;27;18;1,725;19.2;2;2;4;2;0;0;4;0;0.1;0.1;0.21;0.1;0.21;Matches
1318;Sead Kolašinac;ba BIH;DF;Atalanta;it Serie A;32-280;1993;13;10;841;9.3;0;0;0;0;0;0;3;0;0;0;0;0;0;Matches
1319;Luca Koleosho;it ITA;MF;Paris FC;fr Ligue 1;21-193;2004;9;1;260;2.9;1;0;1;1;0;0;0;0;0.35;0;0.35;0.35;0.35;Matches
1320;Luca Koleosho;it ITA;MF;Espanyol;es La Liga;21-193;2004;3;0;63;0.7;0;0;0;0;0;0;0;0;0;0;0;0;0;Matches
1321;Adam Kölle;de GER;DF;Heidenheim;de Bundesliga;19-333;2006;6;0;93;1;1;0;1;1;0;0;1;0;0.97;0;0.97;0.97;0.97;Matches
1322;Randal Kolo Muani;fr FRA;FW,MF;Tottenham Hotspur;eng Premier League;27-112;1998;23;15;1,231;13.7;1;1;2;1;0;0;2;0;0.07;0.07;0.15;0.07;0.15;Matches
1323;Timothée Kolodziejczak;fr FRA;DF;Paris FC;fr Ligue 1;34-177;1991;11;7;662;7.4;0;0;0;0;0;0;2;0;0;0;0;0;0;Matches
1324;Mert Kömür;de GER;MF,FW;Augsburg;de Bundesliga;20-253;2005;23;15;1,316;14.6;2;3;5;2;0;0;1;0;0.14;0.21;0.34;0.14;0.34;Matches
1325;Ibrahima Konaté;fr FRA;DF;Liverpool;eng Premier League;26-306;1999;29;29;2,480;27.6;1;0;1;1;0;0;6;0;0.04;0;0.04;0.04;0.04;Matches
1326;Samba Konaté;fr FRA;FW;RB Leipzig;de Bundesliga;17-028;2009;1;0;4;0;0;0;0;0;0;0;0;0;0;0;0;0;0;Matches
1327;Geoffrey Kondogbia;cf CTA;MF,DF;Marseille;fr Ligue 1;33-040;1993;10;9;587;6.5;0;0;0;0;0;0;3;0;0;0;0;0;0;Matches
1328;Ismaël Koné;ca CAN;MF;Sassuolo;it Serie A;23-294;2002;27;26;2,167;24.1;5;0;5;5;0;0;4;1;0.21;0;0.21;0.21;0.21;Matches
1329;Manu Koné;fr FRA;MF;Roma;it Serie A;24-314;2001;26;26;2,300;25.6;2;2;4;2;0;0;2;0;0.08;0.08;0.16;0.08;0.16;Matches
1330;Ransford Königsdörffer;gh GHA;FW,MF;Hamburger SV;de Bundesliga;24-195;2001;27;23;1,829;20.3;4;1;5;4;0;1;1;0;0.2;0.05;0.25;0.2;0.25;Matches
1331;Ezri Konsa;eng ENG;DF;Aston Villa;eng Premier League;28-155;1997;30;30;2,675;29.7;0;0;0;0;0;0;0;1;0;0;0;0;0;Matches
1332;Teun Koopmeiners;nl NED;DF,MF;Juventus;it Serie A;28-027;1998;27;16;1,620;18;0;0;0;0;0;0;5;0;0;0;0;0;0;Matches
1333;Ville Koski;fi FIN;DF;Alavés;es La Liga;24-059;2002;2;0;12;0.1;0;0;0;0;0;0;0;0;0;0;0;0;0;Matches
1334;Odilon Kossounou;ci CIV;DF;Atalanta;it Serie A;25-082;2001;15;10;888;9.9;1;0;1;1;0;0;1;0;0.1;0;0.1;0.1;0.1;Matches
1335;Filip Kostić;rs SRB;MF;Juventus;it Serie A;33-146;1992;17;4;467;5.2;3;1;4;3;0;0;0;0;0.58;0.19;0.77;0.58;0.77;Matches
1336;Charalampos Kostoulas;gr GRE;FW;Brighton;eng Premier League;18-301;2007;16;2;305;3.4;2;1;3;2;0;0;2;0;0.59;0.3;0.89;0.59;0.89;Matches
1337;Eddy Kouadio;ci CIV;DF;Fiorentina;it Serie A;19-301;2006;3;0;72;0.8;0;0;0;0;0;0;0;0;0;0;0;0;0;Matches
1338;Christian Kouamé;ci CIV;FW,MF;Fiorentina;it Serie A;28-111;1997;2;0;27;0.3;0;0;0;0;0;0;0;0;0;0;0;0;0;Matches
1339;Koffi Kouao;ci CIV;DF,MF;Metz;fr Ligue 1;27-311;1998;23;23;1,931;21.5;2;1;3;2;0;0;8;0;0.09;0.05;0.14;0.09;0.14;Matches
1340;Arsène Kouassi;bf BFA;MF;Lorient;fr Ligue 1;21-197;2004;25;24;2,083;23.1;2;5;7;2;0;0;3;0;0.09;0.22;0.3;0.09;0.3;Matches
1341;Christ-Owen Kouassi;fr FRA;DF;Lecce;it Serie A;22-346;2003;4;3;228;2.5;0;0;0;0;0;0;0;0;0;0;0;0;0;Matches
1342;Konstantinos Koulierakis;gr GRE;DF;Wolfsburg;de Bundesliga;22-119;2003;23;21;1,943;21.6;2;0;2;2;0;0;4;0;0.09;0;0.09;0.09;0.09;Matches
1343;Seny Koumbassa;fr FRA;DF;Toulouse;fr Ligue 1;18-280;2007;5;1;173;1.9;0;0;0;0;0;0;0;0;0;0;0;0;0;Matches
1344;Jules Koundé;fr FRA;DF;Barcelona;es La Liga;27-135;1998;25;20;1,903;21.1;1;3;4;1;0;0;4;0;0.05;0.14;0.19;0.05;0.19;Matches
1345;Lancinet Kourouma;gn GUI;FW;Girona;es La Liga;21-362;2004;5;0;43;0.5;0;0;0;0;0;0;0;1;0;0;0;0;0;Matches
1346;Hamza Koutoune;ma MAR;DF;Nice;fr Ligue 1;19-191;2006;1;0;1;0;0;0;0;0;0;0;0;0;0;0;0;0;0;Matches
1347;Mateo Kovačić;hr CRO;MF;Manchester City;eng Premier League;31-325;1994;1;0;5;0.1;0;0;0;0;0;0;0;0;0;0;0;0;0;Matches
1348;Goduine Koyalipou;cf CTA;FW;Angers;fr Ligue 1;26-040;2000;7;6;482;5.4;0;0;0;0;0;0;0;0;0;0;0;0;0;Matches
1349;Goduine Koyalipou;cf CTA;FW;Levante;es La Liga;26-040;2000;11;2;247;2.7;1;0;1;1;0;0;1;0;0.36;0;0.36;0.36;0.36;Matches
1350;Emil Krafth;se SWE;DF;Newcastle United;eng Premier League;31-237;1994;1;1;45;0.5;0;0;0;0;0;0;0;0;0;0;0;0;0;Matches
1351;Alex Král;cz CZE;MF;Union Berlin;de Bundesliga;27-312;1998;17;1;355;3.9;0;0;0;0;0;0;1;0;0;0;0;0;0;Matches
1352;Andrej Kramarić;hr CRO;MF,FW;Hoffenheim;de Bundesliga;34-281;1991;27;20;1,710;19;10;5;15;7;3;3;1;0;0.53;0.26;0.79;0.37;0.63;Matches
1353;Vladyslav Krapyvtsov;ua UKR;GK;Girona;es La Liga;20-275;2005;2;1;136;1.5;0;0;0;0;0;0;0;0;0;0;0;0;0;Matches
1354;Jean-Philippe Krasso;ci CIV;FW;Paris FC;fr Ligue 1;28-253;1997;25;12;1,092;12.1;2;2;4;1;1;1;0;0;0.16;0.16;0.33;0.08;0.25;Matches
1355;Tom Krauß;de GER;MF,DF;Köln;de Bundesliga;24-278;2001;22;16;1,547;17.2;0;1;1;0;0;0;4;0;0;0.06;0.06;0;0.06;Matches
1356;Ladislav Krejčí;cz CZE;DF,MF;Wolves;eng Premier League;26-341;1999;24;23;2,037;22.6;2;1;3;2;0;0;5;1;0.09;0.04;0.13;0.09;0.13;Matches
1357;Ladislav Krejčí;cz CZE;DF;Girona;es La Liga;26-341;1999;2;2;180;2;0;0;0;0;0;0;1;0;0;0;0;0;0;Matches
1358;Rasmus Kristensen;dk DEN;DF,MF;Eintracht Frankfurt;de Bundesliga;28-259;1997;19;18;1,421;15.8;2;0;2;2;0;0;4;0;0.13;0;0.13;0.13;0.13;Matches
1359;Thomas Kristensen;dk DEN;DF;Udinese;it Serie A;24-069;2002;20;20;1,794;19.9;2;0;2;2;0;0;2;0;0.1;0;0.1;0.1;0.1;Matches
1360;Nikola Krstović;me MNE;FW;Atalanta;it Serie A;25-356;2000;26;12;1,246;13.8;8;4;12;8;0;0;2;0;0.58;0.29;0.87;0.58;0.87;Matches
1361;Lukas Kübler;de GER;DF;Freiburg;de Bundesliga;33-209;1992;16;15;1,207;13.4;2;1;3;2;0;0;2;0;0.15;0.07;0.22;0.15;0.22;Matches
1362;Takefusa Kubo;jp JPN;MF;Real Sociedad;es La Liga;24-296;2001;18;13;1,179;13.1;2;3;5;2;0;0;0;0;0.15;0.23;0.38;0.15;0.38;Matches
1363;Mohammed Kudus;gh GHA;MF,FW;Tottenham Hotspur;eng Premier League;25-237;2000;19;19;1,535;17.1;2;5;7;2;0;0;3;0;0.12;0.29;0.41;0.12;0.41;Matches
1364;Nicolas-Gerrit Kühn;de GER;MF;Como;it Serie A;26-085;2000;21;6;645;7.2;1;1;2;1;0;0;0;0;0.14;0.14;0.28;0.14;0.28;Matches
1365;Sandro Kulenović;hr CRO;FW;Torino;it Serie A;26-113;1999;7;2;177;2;0;1;1;0;0;0;2;0;0;0.51;0.51;0;0.51;Matches
1366;Sael Kumbedi;fr FRA;DF,MF;Wolfsburg;de Bundesliga;21-001;2005;19;16;1,433;15.9;0;5;5;0;0;0;2;0;0;0.31;0.31;0;0.31;Matches
1367;Sael Kumbedi;fr FRA;DF;Lyon;fr Ligue 1;21-001;2005;1;1;65;0.7;0;0;0;0;0;0;1;0;0;0;0;0;0;Matches
1368;Marash Kumbulla;al ALB;DF;Mallorca;es La Liga;26-047;2000;7;5;420;4.7;0;0;0;0;0;0;1;0;0;0;0;0;0;Matches
1369;Jonah Kusi-Asare;se SWE;FW;Bayern Munich;de Bundesliga;18-266;2007;1;0;5;0.1;0;0;0;0;0;0;0;0;0;0;0;0;0;Matches
1370;Jonah Kusi-Asare;se SWE;FW;Fulham;eng Premier League;18-266;2007;5;0;34;0.4;0;0;0;0;0;0;1;0;0;0;0;0;0;Matches
1371;Khvicha Kvaratskhelia;ge GEO;FW;Paris Saint-Germain;fr Ligue 1;25-043;2001;22;14;1,158;12.9;4;3;7;4;0;0;1;0;0.31;0.23;0.54;0.31;0.54;Matches
1372;Giorgi Kvilitaia;ge GEO;FW;Metz;fr Ligue 1;32-177;1993;5;1;120;1.3;0;0;0;0;0;0;0;0;0;0;0;0;0;Matches
1373;Godson Kyeremeh;fr FRA;FW;Le Havre;fr Ligue 1;25-286;2000;11;3;345;3.8;1;1;2;1;0;0;0;0;0.26;0.26;0.52;0.26;0.52;Matches
1374;Adrián de la Fuente;es ESP;DF;Levante;es La Liga;27-029;1999;25;22;2,006;22.3;2;1;3;1;1;1;5;0;0.09;0.04;0.13;0.04;0.09;Matches
1375;Rémy Labeau Lascary;gp GLP;MF,FW;Brest;fr Ligue 1;23-024;2003;21;9;883;9.8;4;1;5;4;0;0;2;0;0.41;0.1;0.51;0.41;0.51;Matches
1376;Shea Lacey;eng ENG;FW;Manchester Utd;eng Premier League;18-347;2007;2;0;14;0.2;0;0;0;0;0;0;0;0;0;0;0;0;0;Matches
1377;Maxence Lacroix;fr FRA;DF;Crystal Palace;eng Premier League;25-355;2000;28;28;2,485;27.6;1;2;3;1;0;0;3;1;0.04;0.07;0.11;0.04;0.11;Matches
1378;Yoel Lago;es ESP;DF;Celta Vigo;es La Liga;22-002;2004;4;4;333;3.7;0;0;0;0;0;0;2;0;0;0;0;0;0;Matches
1379;Mayckel Lahdo;se SWE;FW,MF;Nantes;fr Ligue 1;23-087;2002;8;5;415;4.6;1;1;2;1;0;0;0;0;0.22;0.22;0.43;0.22;0.43;Matches
1380;Konrad Laimer;at AUT;DF;Bayern Munich;de Bundesliga;28-304;1997;22;18;1,603;17.8;3;5;8;3;0;0;5;0;0.17;0.28;0.45;0.17;0.45;Matches
1381;Kenny Lala;mg MAD;DF;Brest;fr Ligue 1;34-175;1991;26;26;2,317;25.7;0;2;2;0;0;0;3;0;0;0.08;0.08;0;0.08;Matches
1382;Senne Lammens;be BEL;GK;Manchester Utd;eng Premier League;23-263;2002;25;25;2,250;25;0;0;0;0;0;0;0;0;0;0;0;0;0;Matches
1383;Tariq Lamptey;gh GHA;MF;Fiorentina;it Serie A;25-178;2000;2;1;25;0.3;0;0;0;0;0;0;0;0;0;0;0;0;0;Matches
1384;Noa Lang;nl NED;FW,MF;Napoli;it Serie A;26-283;1999;18;7;666;7.4;1;2;3;1;0;0;2;0;0.14;0.27;0.41;0.14;0.41;Matches
1385;Aymeric Laporte;es ESP;DF;Athletic Club;es La Liga;31-304;1994;18;17;1,489;16.5;0;1;1;0;0;0;2;0;0;0.06;0.06;0;0.06;Matches
1386;Hugo Larsson;se SWE;MF;Eintracht Frankfurt;de Bundesliga;21-273;2004;20;16;1,400;15.6;1;2;3;1;0;0;0;0;0.06;0.13;0.19;0.06;0.19;Matches
1387;Jamaal Lascelles;eng ENG;DF;Newcastle United;eng Premier League;32-136;1993;2;0;21;0.2;0;0;0;0;0;0;0;0;0;0;0;0;0;Matches
1388;Toni Lato;es ESP;DF,MF;Mallorca;es La Liga;28-126;1997;9;6;465;5.2;0;1;1;0;0;0;3;0;0;0.19;0.19;0;0.19;Matches
1389;Josh Laurent;eng ENG;DF,MF;Burnley;eng Premier League;30-325;1995;28;16;1,585;17.6;1;0;1;1;0;0;7;1;0.06;0;0.06;0.06;0.06;Matches
1390;Armand Lauriente;fr FRA;FW;Sassuolo;it Serie A;27-113;1998;30;25;1,932;21.5;5;7;12;5;0;0;3;0;0.23;0.33;0.56;0.23;0.56;Matches
1391;Matteo Lavelli;it ITA;FW;Inter;it Serie A;19-109;2006;1;0;8;0.1;0;0;0;0;0;0;0;0;0;0;0;0;0;Matches
1392;Roméo Lavia;be BEL;MF;Chelsea;eng Premier League;22-080;2004;8;2;226;2.5;0;0;0;0;0;0;0;0;0;0;0;0;0;Matches
1393;Valentino Lazaro;at AUT;MF;Torino;it Serie A;30-003;1996;27;23;2,043;22.7;0;2;2;0;0;0;4;0;0;0.09;0.09;0;0.09;Matches
1394;Manuel Lazzari;it ITA;DF;Lazio;it Serie A;32-118;1993;16;6;608;6.8;0;0;0;0;0;0;2;0;0;0;0;0;0;Matches
1395;Andréa Le Borgne;fr FRA;MF;Como;it Serie A;19-243;2006;1;0;1;0;0;0;0;0;0;0;0;0;0;0;0;0;0;Matches
1396;Théo Le Bris;fr FRA;MF;Lorient;fr Ligue 1;23-177;2002;26;20;1,791;19.9;2;2;4;2;0;0;0;0;0.1;0.1;0.2;0.1;0.2;Matches
1397;Julien Le Cardinal;fr FRA;DF;Brest;fr Ligue 1;28-236;1997;5;3;328;3.6;1;0;1;1;0;0;1;0;0.27;0;0.27;0.27;0.27;Matches
1398;Enzo Le Fée;fr FRA;MF,FW;Sunderland;eng Premier League;26-052;2000;29;26;2,301;25.6;4;4;8;1;3;4;5;0;0.16;0.16;0.31;0.04;0.2;Matches
1399;Raphael Le Guen;fr FRA;DF;Brest;fr Ligue 1;19-207;2006;2;0;15;0.2;0;0;0;0;0;0;0;0;0;0;0;0;0;Matches
1400;Robin Le Normand;es ESP;DF;Atlético Madrid;es La Liga;29-136;1996;21;13;1,333;14.8;1;0;1;1;0;0;3;0;0.07;0;0.07;0.07;0.07;Matches
1401;Nicola Leali;it ITA;GK;Genoa;it Serie A;33-038;1993;20;20;1,712;19;0;0;0;0;0;0;2;1;0;0;0;0;0;Matches
1402;Rafael Leão;pt POR;FW;Milan;it Serie A;26-290;1999;22;18;1,487;16.5;9;2;11;7;2;2;3;0;0.54;0.12;0.67;0.42;0.54;Matches
1403;Pierre Lees-Melou;fr FRA;MF;Paris FC;fr Ligue 1;32-306;1993;17;15;1,346;15;1;2;3;1;0;0;4;0;0.07;0.13;0.2;0.07;0.2;Matches
1404;Pierre Lees-Melou;fr FRA;MF;Brest;fr Ligue 1;32-306;1993;2;2;180;2;0;0;0;0;0;0;0;0;0;0;0;0;0;Matches
1405;Jordan Lefort;mr MTN;DF;Angers;fr Ligue 1;32-230;1993;27;27;2,430;27;0;2;2;0;0;0;2;0;0;0.07;0.07;0;0.07;Matches
1406;Alexander Legendre;ec ECU;MF;Rennes;fr Ligue 1;17-339;2008;6;0;45;0.5;0;0;0;0;0;0;0;0;0;0;0;0;0;Matches
1407;Diogo Leite;pt POR;DF;Union Berlin;de Bundesliga;27-063;1999;16;16;1,355;15.1;0;0;0;0;0;0;2;0;0;0;0;0;0;Matches
1408;Maxim Leitsch;de GER;DF;Mainz 05;de Bundesliga;27-313;1998;3;2;162;1.8;0;0;0;0;0;0;0;0;0;0;0;0;0;Matches
1409;Florian Lejeune;fr FRA;DF;Rayo Vallecano;es La Liga;34-311;1991;29;29;2,600;28.9;0;1;1;0;0;0;4;0;0;0.03;0.03;0;0.03;Matches
1410;Youssef Lekhedim;es ESP;DF,MF;Alavés;es La Liga;20-171;2005;21;11;1,156;12.8;0;1;1;0;0;0;5;0;0;0.08;0.08;0;0.08;Matches
1411;Iñigo Lekue;es ESP;DF;Athletic Club;es La Liga;32-327;1993;9;7;524;5.8;0;0;0;0;0;0;2;2;0;0;0;0;0;Matches
1412;Thomas Lemar;fr FRA;MF;Girona;es La Liga;30-135;1995;19;11;980;10.9;2;1;3;2;0;0;2;0;0.18;0.09;0.28;0.18;0.28;Matches
1413;Félix Lemaréchal;fr FRA;MF,FW;Strasbourg;fr Ligue 1;22-232;2003;11;7;555;6.2;0;2;2;0;0;0;1;0;0;0.32;0.32;0;0.32;Matches
1414;Tim Lemperle;de GER;FW;Hoffenheim;de Bundesliga;24-050;2002;22;17;1,409;15.7;7;2;9;6;1;1;1;0;0.45;0.13;0.57;0.38;0.51;Matches
1415;Ruben Lendinez;es ESP;DF;Valencia;es La Liga;23-013;2003;1;0;4;0;0;0;0;0;0;0;0;0;0;0;0;0;0;Matches
1416;Clément Lenglet;fr FRA;DF;Atlético Madrid;es La Liga;30-283;1995;12;12;927;10.3;0;0;0;0;0;0;4;1;0;0;0;0;0;Matches
1417;Bernd Leno;de GER;GK;Fulham;eng Premier League;34-023;1992;31;31;2,790;31;0;0;0;0;0;0;3;0;0;0;0;0;0;Matches
1418;Donovan Léon;gf GUF;GK;Auxerre;fr Ligue 1;33-144;1992;25;25;2,119;23.5;0;0;0;0;0;0;0;2;0;0;0;0;0;Matches
1419;Esteban Lepaul;fr FRA;FW;Angers;fr Ligue 1;25-343;2000;2;2;174;1.9;1;0;1;1;0;0;0;0;0.52;0;0.52;0.52;0.52;Matches
1420;Esteban Lepaul;fr FRA;FW;Rennes;fr Ligue 1;25-343;2000;25;24;1,889;21;13;3;16;13;0;1;2;0;0.62;0.14;0.76;0.62;0.76;Matches
1421;Johann Lepenant;fr FRA;MF;Nantes;fr Ligue 1;23-156;2002;20;16;1,561;17.3;0;1;1;0;0;0;3;0;0;0.06;0.06;0;0.06;Matches
1422;Mehdi Léris;dz ALG;MF;Pisa;it Serie A;27-308;1998;27;14;1,396;15.5;1;3;4;1;0;0;2;0;0.06;0.19;0.26;0.06;0.26;Matches
1423;Jefferson Lerma;co COL;MF,DF;Crystal Palace;eng Premier League;31-153;1994;24;13;1,255;13.9;0;2;2;0;0;0;6;0;0;0.14;0.14;0;0.14;Matches
1424;Louis Leroux;fr FRA;MF,DF;Nantes;fr Ligue 1;20-063;2006;18;14;1,234;13.7;1;1;2;1;0;0;1;0;0.07;0.07;0.15;0.07;0.15;Matches
1425;Robert Lewandowski;pl POL;FW;Barcelona;es La Liga;37-218;1988;24;12;1,194;13.3;11;1;12;10;1;3;2;0;0.83;0.08;0.9;0.75;0.83;Matches
1426;Jamie Leweling;de GER;MF;Stuttgart;de Bundesliga;25-029;2001;25;20;1,842;20.5;7;6;13;7;0;0;4;0;0.34;0.29;0.64;0.34;0.64;Matches
1427;Rico Lewis;eng ENG;DF;Manchester City;eng Premier League;21-126;2004;10;3;317;3.5;0;1;1;0;0;0;1;0;0;0.28;0.28;0;0.28;Matches
1428;Keane Lewis-Potter;eng ENG;MF,DF;Brentford;eng Premier League;25-033;2001;29;15;1,345;14.9;3;2;5;3;0;0;1;0;0.2;0.13;0.33;0.2;0.33;Matches
1429;Myles Lewis-Skelly;eng ENG;DF;Arsenal;eng Premier League;19-182;2006;14;1;321;3.6;0;0;0;0;0;0;3;0;0;0;0;0;0;Matches
1430;Philipp Lienhart;at AUT;DF;Freiburg;de Bundesliga;29-259;1996;13;11;941;10.5;0;0;0;0;0;0;4;1;0;0;0;0;0;Matches
1431;Matthijs de Ligt;nl NED;DF;Manchester Utd;eng Premier League;26-227;1999;13;13;1,170;13;1;0;1;1;0;0;0;0;0.08;0;0.08;0.08;0.08;Matches
1432;Pedro Lima;br BRA;DF;Wolves;eng Premier League;19-269;2006;3;0;4;0;0;0;0;0;0;0;0;0;0;0;0;0;0;Matches
1433;Victor Lindelöf;se SWE;DF;Aston Villa;eng Premier League;31-253;1994;12;6;578;6.4;0;1;1;0;0;0;0;0;0;0.16;0.16;0;0.16;Matches
1434;Jesper Lindstrøm;dk DEN;MF;Wolfsburg;de Bundesliga;26-026;2000;10;3;308;3.4;0;0;0;0;0;0;2;0;0;0;0;0;0;Matches
1435;Luca Lipani;it ITA;MF;Sassuolo;it Serie A;20-313;2005;16;8;744;8.3;0;0;0;0;0;0;2;0;0;0;0;0;0;Matches
1436;Pol Lirola;es ESP;MF;Hellas Verona;it Serie A;28-226;1997;4;3;231;2.6;0;0;0;0;0;0;1;0;0;0;0;0;0;Matches
1437;Pol Lirola;es ESP;DF,MF;Marseille;fr Ligue 1;28-226;1997;3;0;34;0.4;0;0;0;0;0;0;0;0;0;0;0;0;0;Matches
1438;Adrián Liso;es ESP;FW,MF;Getafe;es La Liga;20-359;2005;23;17;1,423;15.8;3;0;3;3;0;0;5;1;0.19;0;0.19;0.19;0.19;Matches
1439;Joseph Liteta;zm ZAM;MF;Cagliari;it Serie A;20-033;2006;4;4;264;2.9;0;0;0;0;0;0;0;0;0;0;0;0;0;Matches
1440;Valentino Livramento;eng ENG;DF;Newcastle United;eng Premier League;23-135;2002;15;12;1,165;12.9;0;1;1;0;0;0;1;0;0;0.08;0.08;0;0.08;Matches
1441;Marin Ljubicic;hr CRO;FW;Union Berlin;de Bundesliga;24-027;2002;2;0;22;0.2;2;0;2;2;0;0;0;0;8.18;0;8.18;8.18;8.18;Matches
1442;Javier Llabrés;es ESP;MF;Mallorca;es La Liga;23-197;2002;14;1;168;1.9;0;0;0;0;0;0;0;0;0;0;0;0;0;Matches
1443;Diego Llorente;es ESP;DF;Real Betis;es La Liga;32-223;1993;11;8;630;7;1;0;1;1;0;0;3;0;0.14;0;0.14;0.14;0.14;Matches
1444;Marcos Llorente;es ESP;DF;Atlético Madrid;es La Liga;31-056;1995;25;21;1,861;20.7;0;4;4;0;0;0;5;0;0;0.19;0.19;0;0.19;Matches
1445;Gautier Lloris;fr FRA;DF;Le Havre;fr Ligue 1;30-252;1995;22;21;1,768;19.6;1;1;2;1;0;0;1;1;0.05;0.05;0.1;0.05;0.1;Matches
1446;Giovani Lo Celso;ar ARG;MF;Real Betis;es La Liga;29-352;1996;17;11;1,094;12.2;2;2;4;2;0;0;3;0;0.16;0.16;0.33;0.16;0.33;Matches
1447;Danny Loader;cm CMR;MF,FW;Auxerre;fr Ligue 1;25-211;2000;23;22;1,976;22;3;2;5;3;0;0;6;0;0.14;0.09;0.23;0.14;0.23;Matches
1448;Stanislav Lobotka;sk SVK;MF;Napoli;it Serie A;31-122;1994;24;21;1,845;20.5;1;1;2;1;0;0;2;0;0.05;0.05;0.1;0.05;0.1;Matches
1449;Manuel Locatelli;it ITA;MF;Juventus;it Serie A;28-078;1998;28;28;2,274;25.3;1;2;3;1;0;1;5;0;0.04;0.08;0.12;0.04;0.12;Matches
1450;Bradley Locko;fr FRA;DF;Brest;fr Ligue 1;23-325;2002;19;13;1,187;13.2;0;1;1;0;0;0;0;0;0;0.08;0.08;0;0.08;Matches
1451;Ruben Loftus-Cheek;eng ENG;MF,FW;Milan;it Serie A;30-063;1996;23;11;1,027;11.4;3;1;4;3;0;0;1;0;0.26;0.09;0.35;0.26;0.35;Matches
1452;Sean Longstaff;eng ENG;MF;Leeds United;eng Premier League;28-148;1997;17;10;947;10.5;1;2;3;1;0;0;2;0;0.1;0.19;0.29;0.1;0.29;Matches
1453;Ademola Lookman;ng NGA;FW,MF;Atalanta;it Serie A;28-158;1997;12;9;795;8.8;2;0;2;2;0;0;0;0;0.23;0;0.23;0.23;0.23;Matches
1454;Ademola Lookman;ng NGA;FW,MF;Atlético Madrid;es La Liga;28-158;1997;7;5;335;3.7;2;0;2;2;0;0;1;0;0.54;0;0.54;0.54;0.54;Matches
1455;Anthony Lopes;pt POR;GK;Nantes;fr Ligue 1;35-177;1990;25;25;2,248;25;0;0;0;0;0;0;3;0;0;0;0;0;0;Matches
1456;David López;es ESP;DF;Mallorca;es La Liga;23-052;2003;6;5;459;5.1;0;0;0;0;0;0;1;0;0;0;0;0;0;Matches
1457;David López;es ESP;DF;Girona;es La Liga;36-169;1989;4;2;203;2.3;0;0;0;0;0;0;0;0;0;0;0;0;0;Matches
1458;Diego López;es ESP;MF,FW;Valencia;es La Liga;23-318;2002;26;15;1,331;14.8;3;0;3;3;0;0;2;0;0.2;0;0.2;0.2;0.2;Matches
1459;Fer López;es ESP;MF;Wolves;eng Premier League;21-307;2004;9;2;235;2.6;0;1;1;0;0;0;1;0;0;0.38;0.38;0;0.38;Matches
1460;Fer López;es ESP;MF,FW;Celta Vigo;es La Liga;21-307;2004;8;6;508;5.6;0;0;0;0;0;0;1;0;0;0;0;0;0;Matches
1461;Fermin López;es ESP;MF;Barcelona;es La Liga;22-320;2003;23;13;1,321;14.7;5;8;13;5;0;0;2;0;0.34;0.55;0.89;0.34;0.89;Matches
1462;Hugo López;es ESP;MF;Villarreal;es La Liga;19-085;2007;2;1;56;0.6;0;0;0;0;0;0;0;0;0;0;0;0;0;Matches
1463;Javi López;es ESP;DF;Oviedo;es La Liga;24-002;2002;17;14;1,175;13.1;0;1;1;0;0;0;2;0;0;0.08;0.08;0;0.08;Matches
1464;Julien López;dz ALG;FW,MF;Paris FC;fr Ligue 1;34-026;1992;5;0;45;0.5;0;0;0;0;0;0;0;0;0;0;0;0;0;Matches
1465;Maxime Lopez;fr FRA;MF;Paris FC;fr Ligue 1;28-113;1997;20;19;1,686;18.7;0;3;3;0;0;0;9;0;0;0.16;0.16;0;0.16;Matches
1466;Pau López;es ESP;GK;Real Betis;es La Liga;31-104;1994;9;9;810;9;0;0;0;0;0;0;1;0;0;0;0;0;0;Matches
1467;Unai López;es ESP;MF;Rayo Vallecano;es La Liga;30-148;1995;21;15;1,211;13.5;0;3;3;0;0;0;7;1;0;0.22;0.22;0;0.22;Matches
1468;Dachi Lordkipanidze;ge GEO;MF;Cremonese;it Serie A;21-019;2005;1;0;29;0.3;0;0;0;0;0;0;0;0;0;0;0;0;0;Matches
1469;Lorran;br BRA;FW;Pisa;it Serie A;19-266;2006;8;0;111;1.2;1;0;1;1;0;0;0;0;0.81;0;0.81;0.81;0.81;Matches
1470;Iker Losada;es ESP;MF;Levante;es La Liga;24-238;2001;17;8;643;7.1;3;1;4;3;0;0;1;0;0.42;0.14;0.56;0.42;0.56;Matches
1471;Tom Louchet;fr FRA;MF;Nice;fr Ligue 1;22-327;2003;21;12;1,133;12.6;3;2;5;3;0;0;1;1;0.24;0.16;0.4;0.24;0.4;Matches
1472;Marius Louer;fr FRA;DF;Angers;fr Ligue 1;19-016;2007;4;1;113;1.3;0;0;0;0;0;0;0;0;0;0;0;0;0;Matches
1473;Sandi Lovrić;si SVN;MF;Udinese;it Serie A;27-364;1998;6;1;161;1.8;0;1;1;0;0;0;1;0;0;0.56;0.56;0;0.56;Matches
1474;Sandi Lovrić;si SVN;MF;Hellas Verona;it Serie A;27-364;1998;1;1;84;0.9;0;0;0;0;0;0;0;0;0;0;0;0;0;Matches
1475;Felipe Loyola;cl CHI;MF;Pisa;it Serie A;25-138;2000;6;4;347;3.9;1;0;1;1;0;0;0;0;0.26;0;0.26;0.26;0.26;Matches
1476;Pol Lozano;es ESP;MF;Espanyol;es La Liga;26-172;1999;26;23;1,788;19.9;1;1;2;1;0;0;7;0;0.05;0.05;0.1;0.05;0.1;Matches
1477;Sergio Lozano;es ESP;MF;Levante;es La Liga;27-003;1999;1;0;12;0.1;0;0;0;0;0;0;0;0;0;0;0;0;0;Matches
1478;Lucas;br BRA;MF,DF;Burnley;eng Premier League;25-003;2001;15;12;1,104;12.3;0;0;0;0;0;0;0;1;0;0;0;0;0;Matches
1479;Lorenzo Lucca;it ITA;FW;Napoli;it Serie A;25-198;2000;16;4;408;4.5;1;0;1;1;0;0;1;0;0.22;0;0.22;0.22;0.22;Matches
1480;Lorenzo Lucca;it ITA;FW;Nottingham Forest;eng Premier League;25-198;2000;3;1;121;1.3;1;0;1;1;0;0;0;0;0.74;0;0.74;0.74;0.74;Matches
1481;Jhon Lucumí;co COL;DF;Bologna;it Serie A;27-274;1998;22;19;1,657;18.4;1;0;1;1;0;0;4;0;0.05;0;0.05;0.05;0.05;Matches
1482;Oier Luengo;es ESP;DF;Oviedo;es La Liga;28-136;1997;3;3;225;2.5;0;1;1;0;0;0;1;0;0;0.4;0.4;0;0.4;Matches
1483;Florentino Luís;pt POR;MF;Burnley;eng Premier League;26-220;1999;24;20;1,654;18.4;0;2;2;0;0;0;4;0;0;0.11;0.11;0;0.11;Matches
1484;José Luis Gayà;es ESP;DF;Valencia;es La Liga;30-306;1995;25;24;1,893;21;1;1;2;1;0;0;6;1;0.05;0.05;0.1;0.05;0.1;Matches
1485;José Luis Morales;es ESP;MF;Levante;es La Liga;38-247;1987;19;1;338;3.8;1;1;2;0;1;1;1;0;0.27;0.27;0.53;0;0.27;Matches
1486;Douglas Luiz;br BRA;MF;Aston Villa;eng Premier League;27-322;1998;8;6;489;5.4;1;0;1;1;0;0;0;0;0.18;0;0.18;0.18;0.18;Matches
1487;Douglas Luiz;br BRA;MF;Nottingham Forest;eng Premier League;27-322;1998;8;5;315;3.5;0;0;0;0;0;0;2;0;0;0;0;0;0;Matches
1488;Romelu Lukaku;be BEL;FW;Napoli;it Serie A;32-318;1993;5;0;44;0.5;1;0;1;1;0;0;1;0;2.05;0;2.05;2.05;2.05;Matches
1489;Castello Lukeba;fr FRA;DF;RB Leipzig;de Bundesliga;23-100;2002;22;21;1,896;21.1;1;0;1;1;0;0;2;0;0.05;0;0.05;0.05;0.05;Matches
1490;Dodi Lukebakio;be BEL;MF;Sevilla;es La Liga;28-184;1997;2;2;180;2;1;0;1;1;0;0;0;0;0.5;0;0.5;0.5;0.5;Matches
1491;Saša Lukić;rs SRB;MF;Fulham;eng Premier League;29-226;1996;20;15;1,239;13.8;1;2;3;1;0;0;6;0;0.07;0.15;0.22;0.07;0.22;Matches
1492;Kristoffer Lund;us USA;DF,MF;Köln;de Bundesliga;23-317;2002;26;20;1,792;19.9;0;1;1;0;0;0;2;0;0;0.05;0.05;0;0.05;Matches
1493;Andriy Lunin;ua UKR;GK;Real Madrid;es La Liga;27-044;1999;1;1;90;1;0;0;0;0;0;0;0;1;0;0;0;0;0;Matches
1494;Sebastiano Luperto;it ITA;DF;Cremonese;it Serie A;29-202;1996;7;7;630;7;0;1;1;0;0;0;1;0;0;0.14;0.14;0;0.14;Matches
1495;Sebastiano Luperto;it ITA;DF;Cagliari;it Serie A;29-202;1996;19;19;1,706;19;1;0;1;1;0;0;3;0;0.05;0;0.05;0.05;0.05;Matches
1496;Mateus Lusuardi;br BRA;DF;Pisa;it Serie A;22-078;2004;3;3;198;2.2;0;0;0;0;0;0;1;0;0;0;0;0;0;Matches
1497;Zito Luvumbo;ao ANG;MF;Mallorca;es La Liga;24-018;2002;4;1;139;1.5;0;1;1;0;0;0;1;0;0;0.65;0.65;0;0.65;Matches
1498;Zito Luvumbo;ao ANG;MF,FW;Cagliari;it Serie A;24-018;2002;12;2;329;3.7;0;0;0;0;0;0;0;0;0;0;0;0;0;Matches
1499;Babis Lykogiannis;gr GRE;DF;Bologna;it Serie A;32-156;1993;10;7;627;7;0;1;1;0;0;0;3;0;0;0.14;0.14;0;0.14;Matches
1500;Senne Lynen;be BEL;MF;Werder Bremen;de Bundesliga;27-036;1999;24;24;2,122;23.6;0;0;0;0;0;0;4;0;0;0;0;0;0;Matches
1501;Mathias Løvik;no NOR;MF;Parma;it Serie A;22-111;2003;9;5;471;5.2;0;0;0;0;0;0;0;0;0;0;0;0;0;Matches
1502;Ian Maatsen;nl NED;DF;Aston Villa;eng Premier League;24-017;2002;24;13;1,264;14;0;0;0;0;0;0;2;0;0;0;0;0;0;Matches
1503;Alexis Mac Allister;ar ARG;MF;Liverpool;eng Premier League;27-093;1998;30;26;2,179;24.2;2;2;4;2;0;0;5;0;0.08;0.08;0.17;0.08;0.17;Matches
1504;Deiver Machado;co COL;MF,DF;Nantes;fr Ligue 1;32-206;1993;8;7;477;5.3;0;1;1;0;0;0;1;0;0;0.19;0.19;0;0.19;Matches
1505;Deiver Machado;co COL;MF;Lens;fr Ligue 1;32-206;1993;5;4;273;3;0;0;0;0;0;0;1;0;0;0;0;0;0;Matches
1506;Koki Machida;jp JPN;DF;Hoffenheim;de Bundesliga;28-214;1997;1;1;44;0.5;0;0;0;0;0;0;1;0;0;0;0;0;0;Matches
1507;Lanroy Machine;fr FRA;FW;Angers;fr Ligue 1;20-165;2005;15;1;301;3.3;1;0;1;1;0;0;0;0;0.3;0;0.3;0.3;0.3;Matches
1508;Shuto Machino;jp JPN;FW,MF;Gladbach;de Bundesliga;26-178;1999;26;7;880;9.8;3;0;3;3;0;0;1;0;0.31;0;0.31;0.31;0.31;Matches
1509;Carlos Macià;es ESP;MF;Villarreal;es La Liga;17-207;2008;4;0;81;0.9;0;0;0;0;0;0;1;0;0;0;0;0;0;Matches
1510;Brian Madjo;lu LUX;FW;Metz;fr Ligue 1;17-074;2009;5;2;157;1.7;0;0;0;0;0;0;0;0;0;0;0;0;0;Matches
1511;Noni Madueke;eng ENG;FW,MF;Arsenal;eng Premier League;24-017;2002;20;12;895;9.9;2;1;3;2;0;0;0;0;0.2;0.1;0.3;0.2;0.3;Matches
1512;Pablo Maffeo;es ESP;DF;Mallorca;es La Liga;28-258;1997;23;22;1,958;21.8;1;0;1;1;0;0;8;0;0.05;0;0.05;0.05;0.05;Matches
1513;Gabriel Magalhães;br BRA;DF;Arsenal;eng Premier League;28-098;1997;25;24;2,166;24.1;3;4;7;3;0;0;3;0;0.12;0.17;0.29;0.12;0.29;Matches
1514;Soungoutou Magassa;fr FRA;MF;West Ham United;eng Premier League;22-170;2003;20;11;972;10.8;1;0;1;1;0;0;4;0;0.09;0;0.09;0.09;0.09;Matches
1515;Hugo Magnetti;fr FRA;MF;Brest;fr Ligue 1;27-301;1998;26;25;2,171;24.1;1;1;2;1;0;0;4;1;0.04;0.04;0.08;0.04;0.08;Matches
1516;Frank Magri;cm CMR;FW,MF;Toulouse;fr Ligue 1;26-204;1999;17;16;1,253;13.9;5;1;6;5;0;1;3;0;0.36;0.07;0.43;0.36;0.43;Matches
1517;Harry Maguire;eng ENG;DF;Manchester Utd;eng Premier League;33-022;1993;18;14;1,203;13.4;1;1;2;1;0;0;3;1;0.07;0.07;0.15;0.07;0.15;Matches
1518;Arne Maier;de GER;MF;Augsburg;de Bundesliga;27-078;1999;1;0;4;0;0;0;0;0;0;0;0;0;0;0;0;0;0;Matches
1519;Mike Maignan;fr FRA;GK;Milan;it Serie A;30-267;1995;29;29;2,575;28.6;0;0;0;0;0;0;3;0;0;0;0;0;0;Matches
1520;Linton Maina;de GER;MF,FW;Köln;de Bundesliga;26-277;1999;17;7;745;8.3;2;0;2;2;0;0;0;0;0.24;0;0.24;0.24;0.24;Matches
1521;Patrick Mainka;de GER;DF;Heidenheim;de Bundesliga;31-141;1994;27;27;2,430;27;1;1;2;1;0;0;1;0;0.04;0.04;0.07;0.04;0.07;Matches
1522;Kobbie Mainoo;eng ENG;MF;Manchester Utd;eng Premier League;20-342;2005;22;10;1,122;12.5;0;2;2;0;0;0;0;0;0;0.16;0.16;0;0.16;Matches
1523;Ainsley Maitland-Niles;eng ENG;DF,MF;Lyon;fr Ligue 1;28-210;1997;23;21;1,918;21.3;1;3;4;1;0;1;6;1;0.05;0.14;0.19;0.05;0.19;Matches
1524;Radosław Majecki;pl POL;GK;Brest;fr Ligue 1;26-131;1999;10;10;864;9.6;0;0;0;0;0;0;0;1;0;0;0;0;0;Matches
1525;Lovro Majer;hr CRO;MF;Wolfsburg;de Bundesliga;28-069;1998;24;16;1,282;14.2;2;3;5;2;0;0;5;0;0.14;0.21;0.35;0.14;0.35;Matches
1526;Hamidou Makalou;ml MLI;MF;Brest;fr Ligue 1;19-255;2006;12;1;179;2;0;0;0;0;0;0;0;0;0;0;0;0;0;Matches
1527;Jean-Victor Makengo;fr FRA;MF;Lorient;fr Ligue 1;27-288;1998;24;17;1,351;15;3;2;5;3;0;0;1;0;0.2;0.13;0.33;0.2;0.33;Matches
1528;Jordy Makengo;fr FRA;DF;Freiburg;de Bundesliga;24-236;2001;16;11;1,035;11.5;0;0;0;0;0;0;1;0;0;0;0;0;0;Matches
1529;Andrija Maksimović;rs SRB;FW;RB Leipzig;de Bundesliga;18-295;2007;8;0;93;1;0;0;0;0;0;0;0;0;0;0;0;0;0;Matches
1530;Said El Mala;de GER;FW,MF;Köln;de Bundesliga;19-213;2006;27;13;1,390;15.4;10;3;13;10;0;0;2;0;0.65;0.19;0.84;0.65;0.84;Matches
1531;Tyrell Malacia;nl NED;DF;Manchester Utd;eng Premier League;26-222;1999;2;0;9;0.1;0;0;0;0;0;0;0;0;0;0;0;0;0;Matches
1532;Julián Malatini;ar ARG;DF;Werder Bremen;de Bundesliga;24-300;2001;11;5;516;5.7;0;0;0;0;0;0;3;0;0;0;0;0;0;Matches
1533;Daniel Maldini;it ITA;FW;Lazio;it Serie A;24-167;2001;7;7;514;5.7;1;1;2;1;0;0;0;0;0.18;0.18;0.35;0.18;0.35;Matches
1534;Daniel Maldini;it ITA;MF;Atalanta;it Serie A;24-167;2001;9;3;264;2.9;0;0;0;0;0;0;1;0;0;0;0;0;0;Matches
1535;Youssef Maleh;ma MAR;MF;Cremonese;it Serie A;27-217;1998;8;8;690;7.7;1;0;1;1;0;0;1;0;0.13;0;0.13;0.13;0.13;Matches
1536;Youssef Maleh;ma MAR;MF;Lecce;it Serie A;27-217;1998;9;5;460;5.1;0;0;0;0;0;0;2;0;0;0;0;0;0;Matches
1537;Donyell Malen;nl NED;FW,MF;Aston Villa;eng Premier League;27-077;1999;21;5;656;7.3;4;1;5;4;0;0;0;0;0.55;0.14;0.69;0.55;0.69;Matches
1538;Donyell Malen;nl NED;FW;Roma;it Serie A;27-077;1999;10;10;797;8.9;7;0;7;5;2;2;1;0;0.79;0;0.79;0.56;0.56;Matches
1539;Ruslan Malinovskyi;ua UKR;MF;Genoa;it Serie A;32-327;1993;28;25;1,964;21.8;5;3;8;2;3;3;9;0;0.23;0.14;0.37;0.09;0.23;Matches
1540;Lennard Maloney;us USA;DF,MF;Mainz 05;de Bundesliga;26-170;1999;17;4;448;5;0;0;0;0;0;0;1;0;0;0;0;0;0;Matches
1541;Pape Mamadou Sy;sn SEN;GK;Metz;fr Ligue 1;28-329;1997;2;2;166;1.8;0;0;0;0;0;0;0;0;0;0;0;0;0;Matches
1542;Giorgi Mamardashvili;ge GEO;GK;Liverpool;eng Premier League;25-179;2000;6;6;540;6;0;0;0;0;0;0;0;0;0;0;0;0;0;Matches
1543;Felix Mambimbi;ch SUI;FW,MF;Le Havre;fr Ligue 1;25-068;2001;16;7;524;5.8;1;0;1;1;0;0;1;0;0.17;0;0.17;0.17;0.17;Matches
1544;Aitor Mañas;es ESP;FW;Alavés;es La Liga;23-081;2003;6;0;71;0.8;0;0;0;0;0;0;0;0;0;0;0;0;0;Matches
1545;Gianluca Mancini;it ITA;DF;Roma;it Serie A;29-344;1996;29;29;2,532;28.1;0;2;2;0;0;0;9;0;0;0.07;0.07;0;0.07;Matches
1546;Reinildo Mandava;mz MOZ;DF;Sunderland;eng Premier League;32-065;1994;18;17;1,428;15.9;0;1;1;0;0;0;7;1;0;0.06;0.06;0;0.06;Matches
1547;Aïssa Mandi;dz ALG;DF;Lille;fr Ligue 1;34-156;1991;22;21;1,794;19.9;1;0;1;1;0;0;7;0;0.05;0;0.05;0.05;0.05;Matches
1548;Rolando Mandragora;it ITA;MF;Fiorentina;it Serie A;28-271;1997;28;25;1,987;22.1;6;2;8;5;1;1;6;0;0.27;0.09;0.36;0.23;0.32;Matches
1549;Filippo Mane;it ITA;DF;Dortmund;de Bundesliga;21-019;2005;4;2;131;1.5;0;0;0;0;0;0;0;1;0;0;0;0;0;Matches
1550;Mateus Mane;pt POR;MF;Wolves;eng Premier League;18-192;2007;20;14;1,286;14.3;2;1;3;2;0;0;0;0;0.14;0.07;0.21;0.14;0.21;Matches
1551;Orel Mangala;be BEL;MF;Lyon;fr Ligue 1;28-009;1998;5;2;188;2.1;0;0;0;0;0;0;0;0;0;0;0;0;0;Matches
1552;Bendito Mantato;eng ENG;MF;Manchester Utd;eng Premier League;18-061;2008;1;0;16;0.2;0;0;0;0;0;0;0;0;0;0;0;0;0;Matches
1553;Brad Mantsounga;cg CGO;DF;Nice;fr Ligue 1;18-202;2007;1;1;90;1;0;0;0;0;0;0;0;0;0;0;0;0;0;Matches
1554;Johan Manzambi;ch SUI;MF;Freiburg;de Bundesliga;20-164;2005;21;20;1,625;18.1;3;2;5;3;0;0;4;2;0.17;0.11;0.28;0.17;0.28;Matches
1555;Sekou Mara;fr FRA;FW;Auxerre;fr Ligue 1;23-240;2002;21;11;941;10.5;0;1;1;0;0;0;0;0;0;0.1;0.1;0;0.1;Matches
1556;Alessandro Marcandalli;it ITA;DF;Genoa;it Serie A;23-153;2002;24;21;1,894;21;0;2;2;0;0;0;4;0;0;0.1;0.1;0;0.1;Matches
1557;Marcão;br BRA;DF;Sevilla;es La Liga;29-295;1996;13;11;938;10.4;1;0;1;1;0;0;5;1;0.1;0;0.1;0.1;0.1;Matches
1558;Solly March;eng ENG;MF;Brighton;eng Premier League;31-250;1994;1;0;5;0.1;0;0;0;0;0;0;0;0;0;0;0;0;0;Matches
1559;Vincent Marchetti;fr FRA;MF;Paris FC;fr Ligue 1;28-266;1997;19;9;764;8.5;2;0;2;2;0;0;1;0;0.24;0;0.24;0.24;0.24;Matches
1560;Pablo Marí;es ESP;DF;Fiorentina;it Serie A;32-208;1993;11;9;808;9;0;0;0;0;0;0;3;0;0;0;0;0;0;Matches
1561;José María Giménez;uy URU;DF;Atlético Madrid;es La Liga;31-066;1995;14;12;1,129;12.5;0;1;1;0;0;0;3;0;0;0.08;0.08;0;0.08;Matches
1562;Mariano;do DOM;FW;Alavés;es La Liga;32-238;1993;10;3;288;3.2;0;0;0;0;0;0;1;0;0;0;0;0;0;Matches
1563;Luca Marianucci;it ITA;DF;Torino;it Serie A;21-247;2004;4;3;265;2.9;0;0;0;0;0;0;1;0;0;0;0;0;0;Matches
1564;Luca Marianucci;it ITA;DF;Napoli;it Serie A;21-247;2004;2;1;119;1.3;0;1;1;0;0;0;0;0;0;0.76;0.76;0;0.76;Matches
1565;Arkaitz Mariezkurrena;es ESP;FW;Real Sociedad;es La Liga;20-356;2005;1;0;1;0;0;0;0;0;0;0;0;0;0;0;0;0;0;Matches
1566;Marius Marin;ro ROU;MF;Pisa;it Serie A;27-209;1998;23;18;1,281;14.2;0;0;0;0;0;0;7;0;0;0;0;0;0;Matches
1567;Pablo Marín;es ESP;MF;Real Sociedad;es La Liga;22-267;2003;25;12;1,101;12.2;0;0;0;0;0;0;1;0;0;0;0;0;0;Matches
1568;Rafa Marín;es ESP;DF;Villarreal;es La Liga;23-312;2002;18;17;1,574;17.5;1;0;1;1;0;0;1;0;0.06;0;0.06;0.06;0.06;Matches
1569;João Mário Lopes;pt POR;DF;Bologna;it Serie A;26-083;2000;5;5;371;4.1;0;0;0;0;0;0;0;0;0;0;0;0;0;Matches
1570;João Mário Lopes;pt POR;MF;Juventus;it Serie A;26-083;2000;10;2;258;2.9;0;0;0;0;0;0;1;0;0;0;0;0;0;Matches
1571;Guillermo Maripán;cl CHI;DF;Torino;it Serie A;31-325;1994;24;23;2,026;22.5;2;0;2;2;0;0;3;0;0.09;0;0.09;0.09;0.09;Matches
1572;Omar Marmoush;eg EGY;FW,MF;Manchester City;eng Premier League;27-048;1999;17;7;572;6.4;1;3;4;1;0;0;2;0;0.16;0.47;0.63;0.16;0.63;Matches
1573;Tomas Marques;es ESP;MF;Barcelona;es La Liga;19-148;2006;1;0;7;0.1;0;0;0;0;0;0;0;0;0;0;0;0;0;Matches
1574;Marquinhos;br BRA;DF;Paris Saint-Germain;fr Ligue 1;31-317;1994;11;8;782;8.7;0;0;0;0;0;0;0;0;0;0;0;0;0;Matches
1575;Callum Marshall;nir NIR;FW;West Ham United;eng Premier League;21-119;2004;2;0;60;0.7;0;0;0;0;0;0;0;0;0;0;0;0;0;Matches
1576;Eric Martel;de GER;MF,DF;Köln;de Bundesliga;23-332;2002;26;25;2,115;23.5;2;2;4;2;0;0;10;1;0.09;0.09;0.17;0.09;0.17;Matches
1577;Aarón Martín;es ESP;MF,DF;Genoa;it Serie A;28-339;1997;26;22;1,805;20.1;1;5;6;1;0;0;2;0;0.05;0.25;0.3;0.05;0.3;Matches
1578;Carlos Martín;es ESP;MF,FW;Rayo Vallecano;es La Liga;23-339;2002;6;5;309;3.4;0;0;0;0;0;0;1;0;0;0;0;0;0;Matches
1579;Gerard Martín;es ESP;DF;Barcelona;es La Liga;24-029;2002;24;18;1,444;16;0;0;0;0;0;0;5;0;0;0;0;0;0;Matches
1580;Iván Martín;es ESP;MF;Girona;es La Liga;27-041;1999;27;22;1,937;21.5;0;1;1;0;0;0;5;1;0;0.05;0.05;0;0.05;Matches
1581;Jon Martin;es ESP;DF;Real Sociedad;es La Liga;19-338;2006;18;18;1,620;18;0;0;0;0;0;0;4;0;0;0;0;0;0;Matches
1582;Mario Martín;es ESP;MF,FW;Getafe;es La Liga;22-022;2004;27;20;1,601;17.8;2;0;2;2;0;0;9;0;0.11;0;0.11;0.11;0.11;Matches
1583;Gabriel Martinelli;br BRA;FW,MF;Arsenal;eng Premier League;24-282;2001;25;9;854;9.5;1;3;4;1;0;0;2;0;0.11;0.32;0.42;0.11;0.42;Matches
1584;Arnau Martinez;es ESP;DF,MF;Girona;es La Liga;22-336;2003;26;24;1,936;21.5;1;1;2;1;0;0;6;0;0.05;0.05;0.09;0.05;0.09;Matches
1585;Emiliano Martínez;ar ARG;GK;Aston Villa;eng Premier League;33-206;1992;27;27;2,385;26.5;0;0;0;0;0;0;2;0;0;0;0;0;0;Matches
1586;Joaquín Martínez Gauna;es ESP;MF,DF;Sevilla;es La Liga;22-261;2003;12;7;799;8.9;1;3;4;1;0;0;1;0;0.11;0.34;0.45;0.11;0.45;Matches
1587;Josep Martinez;es ESP;GK;Inter;it Serie A;27-304;1998;2;2;180;2;0;0;0;0;0;0;0;0;0;0;0;0;0;Matches
1588;Lautaro Martínez;ar ARG;FW;Inter;it Serie A;28-217;1997;25;23;1,888;21;14;4;18;14;0;0;3;0;0.67;0.19;0.86;0.67;0.86;Matches
1589;Lisandro Martínez;ar ARG;DF;Manchester Utd;eng Premier League;28-068;1998;14;9;908;10.1;0;0;0;0;0;0;0;0;0;0;0;0;0;Matches
1590;Pablo Martínez;es ESP;MF;Levante;es La Liga;28-033;1998;18;13;1,202;13.4;1;2;3;1;0;0;2;0;0.07;0.15;0.22;0.07;0.22;Matches
1591;Ramón Martínez;es ESP;DF;Sevilla;es La Liga;23-156;2002;2;0;102;1.1;0;0;0;0;0;0;0;0;0;0;0;0;0;Matches
1592;Toni Martínez;es ESP;FW;Alavés;es La Liga;28-270;1997;28;23;1,947;21.6;7;3;10;7;0;0;1;0;0.32;0.14;0.46;0.32;0.46;Matches
1593;Adam Marušić;me MNE;DF;Lazio;it Serie A;33-161;1992;28;27;2,388;26.5;1;2;3;1;0;0;1;1;0.04;0.08;0.11;0.04;0.11;Matches
1594;Omar Mascarell;gq EQG;MF;Mallorca;es La Liga;33-053;1993;22;18;1,572;17.5;1;2;3;1;0;0;4;0;0.06;0.11;0.17;0.06;0.17;Matches
1595;Adam Masina;ma MAR;DF;Torino;it Serie A;32-084;1994;5;2;235;2.6;0;1;1;0;0;0;0;0;0;0.38;0.38;0;0.38;Matches
1596;Patrizio Masini;it ITA;MF;Genoa;it Serie A;25-059;2001;22;11;1,166;13;0;1;1;0;0;0;5;0;0;0.08;0.08;0;0.08;Matches
1597;Han-Noah Massengo;fr FRA;MF;Augsburg;de Bundesliga;24-263;2001;27;26;2,154;23.9;2;1;3;2;0;0;2;0;0.08;0.04;0.13;0.08;0.13;Matches
1598;Franco Mastantuono;ar ARG;MF,FW;Real Madrid;es La Liga;18-225;2007;16;9;769;8.5;1;0;1;1;0;0;4;1;0.12;0;0.12;0.12;0.12;Matches
1599;Arthur Masuaku;cd COD;DF;Sunderland;eng Premier League;32-140;1993;3;2;126;1.4;0;0;0;0;0;0;1;0;0;0;0;0;0;Matches
1600;Arthur Masuaku;cd COD;DF,MF;Lens;fr Ligue 1;32-140;1993;1;0;1;0;0;0;0;0;0;0;0;0;0;0;0;0;0;Matches
1601;Clinton Mata;ao ANG;DF;Lyon;fr Ligue 1;33-140;1992;25;25;2,203;24.5;0;0;0;0;0;0;5;0;0;0;0;0;0;Matches
1602;Igor Matanovic;hr CRO;FW;Freiburg;de Bundesliga;22-361;2003;24;9;1,127;12.5;8;1;9;7;1;2;0;0;0.64;0.08;0.72;0.56;0.64;Matches
1603;Pape Matar Sarr;sn SEN;MF;Tottenham Hotspur;eng Premier League;23-194;2002;22;13;1,327;14.7;2;3;5;2;0;0;2;0;0.14;0.2;0.34;0.14;0.34;Matches
1604;Jean-Philippe Mateta;fr FRA;FW;Crystal Palace;eng Premier League;28-272;1997;24;23;1,935;21.5;8;0;8;5;3;3;2;0;0.37;0;0.37;0.23;0.23;Matches
1605;Nemanja Matić;rs SRB;MF;Sassuolo;it Serie A;37-238;1988;26;25;2,183;24.3;1;1;2;1;0;0;6;1;0.04;0.04;0.08;0.04;0.08;Matches
1606;Rudy Matondo;fr FRA;MF;Paris FC;fr Ligue 1;18-014;2008;5;4;340;3.8;0;0;0;0;0;0;1;1;0;0;0;0;0;Matches
1607;Rudy Matondo;fr FRA;MF;Auxerre;fr Ligue 1;18-014;2008;16;6;614;6.8;0;0;0;0;0;0;3;0;0;0;0;0;0;Matches
1608;Chrislain Matsima;fr FRA;DF;Augsburg;de Bundesliga;23-316;2002;14;14;1,260;14;1;1;2;1;0;0;5;0;0.07;0.07;0.14;0.07;0.14;Matches
1609;Jean Mattéo Bahoya;fr FRA;MF,FW;Eintracht Frankfurt;de Bundesliga;20-324;2005;24;14;1,251;13.9;3;4;7;3;0;0;1;0;0.22;0.29;0.5;0.22;0.5;Matches
1610;Alan Matturro;uy URU;DF;Levante;es La Liga;21-167;2004;15;9;793;8.8;1;0;1;1;0;0;0;1;0.11;0;0.11;0.11;0.11;Matches
1611;Neal Maupay;fr FRA;FW,MF;Marseille;fr Ligue 1;29-225;1996;1;0;2;0;0;0;0;0;0;0;0;0;0;0;0;0;0;Matches
1612;Neal Maupay;fr FRA;FW;Sevilla;es La Liga;29-225;1996;6;5;451;5;1;0;1;1;0;0;1;0;0.2;0;0.2;0.2;0.2;Matches
1613;Konstantinos Mavropanos;gr GRE;DF;West Ham United;eng Premier League;28-106;1997;24;20;1,904;21.2;1;0;1;1;0;0;2;0;0.05;0;0.05;0.05;0.05;Matches
1614;Christian Mawissa;fr FRA;DF;Monaco;fr Ligue 1;20-343;2005;11;7;639;7.1;0;0;0;0;0;0;1;0;0;0;0;0;0;Matches
1615;Eliezer Mayenda;es ESP;FW,MF;Sunderland;eng Premier League;20-323;2005;19;8;758;8.4;2;0;2;2;0;0;0;0;0.24;0;0.24;0.24;0.24;Matches
1616;Ezra Mayers;bb BRB;DF;West Ham United;eng Premier League;19-070;2007;6;0;117;1.3;0;0;0;0;0;0;0;0;0;0;0;0;0;Matches
1617;Borja Mayoral;es ESP;FW;Getafe;es La Liga;28-356;1997;14;12;1,041;11.6;4;1;5;4;0;1;0;0;0.35;0.09;0.43;0.35;0.43;Matches
1618;Senny Mayulu;fr FRA;MF,FW;Paris Saint-Germain;fr Ligue 1;19-314;2006;19;16;1,209;13.4;3;4;7;3;0;0;2;0;0.22;0.3;0.52;0.22;0.52;Matches
1619;Ibrahim Maza;dz ALG;MF;Leverkusen;de Bundesliga;20-123;2005;21;13;1,256;14;2;3;5;2;0;0;2;0;0.14;0.21;0.36;0.14;0.36;Matches
1620;Noussair Mazraoui;ma MAR;MF,DF;Manchester Utd;eng Premier League;28-133;1997;15;7;618;6.9;0;0;0;0;0;0;3;0;0;0;0;0;0;Matches
1621;Luca Mazzitelli;it ITA;MF;Cagliari;it Serie A;30-132;1995;17;8;737;8.2;2;2;4;2;0;0;3;0;0.24;0.24;0.49;0.24;0.49;Matches
1622;Pasquale Mazzocchi;it ITA;MF;Napoli;it Serie A;30-243;1995;11;2;235;2.6;0;0;0;0;0;0;0;1;0;0;0;0;0;Matches
1623;Nathan Mbala;;FW;Metz;fr Ligue 1;18-036;2008;7;1;144;1.6;2;0;2;2;0;0;0;0;1.25;0;1.25;1.25;1.25;Matches
1624;Samuel Mbangula;be BEL;MF,FW;Werder Bremen;de Bundesliga;22-070;2004;21;12;1,047;11.6;3;2;5;3;0;0;0;0;0.26;0.17;0.43;0.26;0.43;Matches
1625;Ethan Mbappé;fr FRA;MF,FW;Lille;fr Ligue 1;19-088;2006;11;4;389;4.3;3;1;4;3;0;0;0;0;0.69;0.23;0.93;0.69;0.93;Matches
1626;Kylian Mbappé;fr FRA;FW;Real Madrid;es La Liga;27-097;1998;24;23;2,047;22.7;23;4;27;15;8;9;3;0;1.01;0.18;1.19;0.66;0.84;Matches
1627;Ibrahim Mbaye;sn SEN;FW,MF;Paris Saint-Germain;fr Ligue 1;18-062;2008;19;9;843;9.4;1;2;3;1;0;0;0;0;0.11;0.21;0.32;0.11;0.32;Matches
1628;Malick Mbaye;sn SEN;MF;Metz;fr Ligue 1;21-355;2004;5;3;300;3.3;0;0;0;0;0;0;1;0;0;0;0;0;0;Matches
1629;Chancel Mbemba;cd COD;DF;Lille;fr Ligue 1;31-231;1994;12;8;864;9.6;0;0;0;0;0;0;2;0;0;0;0;0;0;Matches
1630;Bryan Mbeumo;cm CMR;MF,FW;Manchester Utd;eng Premier League;26-232;1999;26;26;2,187;24.3;9;3;12;9;0;0;4;0;0.37;0.12;0.49;0.37;0.49;Matches
1631;Michel Mboula;ga GAB;DF,MF;Metz;fr Ligue 1;22-331;2003;10;7;577;6.4;0;0;0;0;0;0;1;0;0;0;0;0;0;Matches
1632;Pathé Mboup;sn SEN;MF;Brest;fr Ligue 1;22-159;2003;22;8;922;10.2;1;0;1;1;0;0;6;0;0.1;0;0.1;0.1;0.1;Matches
1633;Moustapha Mbow;sn SEN;DF;Paris FC;fr Ligue 1;26-019;2000;26;25;2,267;25.2;0;1;1;0;0;0;3;0;0;0.04;0.04;0;0.04;Matches
1634;James Mcatee;eng ENG;MF;Nottingham Forest;eng Premier League;23-160;2002;10;1;180;2;0;0;0;0;0;0;1;0;0;0;0;0;0;Matches
1635;John McGinn;sct SCO;MF;Aston Villa;eng Premier League;31-160;1994;24;23;1,717;19.1;4;2;6;4;0;0;3;0;0.21;0.1;0.31;0.21;0.31;Matches
1636;Weston McKennie;us USA;MF;Juventus;it Serie A;27-211;1998;29;25;2,210;24.6;4;4;8;4;0;0;4;0;0.16;0.16;0.33;0.16;0.33;Matches
1637;Mark McKenzie;us USA;DF;Toulouse;fr Ligue 1;27-030;1999;24;22;1,997;22.2;0;2;2;0;0;0;6;0;0;0.09;0.09;0;0.09;Matches
1638;Dwight McNeil;eng ENG;MF;Everton;eng Premier League;26-125;1999;18;11;949;10.5;0;1;1;0;0;0;1;0;0;0.09;0.09;0;0.09;Matches
1639;Scott McTominay;sct SCO;MF;Napoli;it Serie A;29-109;1996;25;23;2,071;23;7;3;10;7;0;0;1;0;0.3;0.13;0.43;0.3;0.43;Matches
1640;Facundo Medina;ar ARG;DF;Marseille;fr Ligue 1;26-303;1999;11;10;825;9.2;0;0;0;0;0;0;3;0;0;0;0;0;0;Matches
1641;Jonas Meffert;de GER;MF;Hamburger SV;de Bundesliga;31-204;1994;4;1;145;1.6;0;0;0;0;0;0;0;0;0;0;0;0;0;Matches
1642;Henrik Meister;dk DEN;FW;Pisa;it Serie A;22-130;2003;22;14;1,320;14.7;2;0;2;2;0;0;1;0;0.14;0;0.14;0.14;0.14;Matches
1643;Bamo Meïté;ci CIV;DF;Lorient;fr Ligue 1;24-114;2001;20;18;1,601;17.8;0;3;3;0;0;0;4;0;0;0.17;0.17;0;0.17;Matches
1644;Kader Meïté;fr FRA;FW;Rennes;fr Ligue 1;18-167;2007;17;6;535;5.9;3;2;5;3;0;0;0;0;0.5;0.34;0.84;0.5;0.84;Matches
1645;Hannibal Mejbri;tn TUN;MF;Burnley;eng Premier League;23-065;2003;23;12;990;11;1;3;4;1;0;0;7;0;0.09;0.27;0.36;0.09;0.36;Matches
1646;Cléo Melieres;fr FRA;FW;Metz;fr Ligue 1;20-348;2005;2;0;31;0.3;0;0;0;0;0;0;1;0;0;0;0;0;0;Matches
1647;Nuno Mendes;pt POR;DF;Paris Saint-Germain;fr Ligue 1;23-281;2002;18;13;1,214;13.5;4;4;8;3;1;1;1;0;0.3;0.3;0.59;0.22;0.52;Matches
1648;Brais Méndez;es ESP;MF,FW;Real Sociedad;es La Liga;29-079;1997;25;18;1,469;16.3;5;2;7;4;1;1;4;1;0.31;0.12;0.43;0.25;0.37;Matches
1649;Rodrigo Mendoza;es ESP;MF,FW;Elche;es La Liga;21-012;2005;16;6;794;8.8;1;0;1;1;0;0;4;0;0.11;0;0.11;0.11;0.11;Matches
1650;Rodrigo Mendoza;es ESP;MF;Atlético Madrid;es La Liga;21-012;2005;4;4;214;2.4;0;0;0;0;0;0;1;0;0;0;0;0;0;Matches
1651;Antoine Mendy;sn SEN;DF;Nice;fr Ligue 1;21-304;2004;18;17;1,467;16.3;0;0;0;0;0;0;5;0;0;0;0;0;0;Matches
1652;Batista Mendy;fr FRA;MF;Sevilla;es La Liga;26-074;2000;23;18;1,516;16.8;1;0;1;1;0;0;6;0;0.06;0;0.06;0.06;0.06;Matches
1653;Ferland Mendy;fr FRA;DF;Real Madrid;es La Liga;30-292;1995;2;1;92;1;0;0;0;0;0;0;0;0;0;0;0;0;0;Matches
1654;Formose Mendy;sn SEN;DF;Lorient;fr Ligue 1;25-084;2001;2;2;135;1.5;0;0;0;0;0;0;1;0;0;0;0;0;0;Matches
1655;Nobel Mendy;sn SEN;DF;Rayo Vallecano;es La Liga;21-205;2004;18;17;1,416;15.7;2;0;2;2;0;0;6;2;0.13;0;0.13;0.13;0.13;Matches
1656;Paul Mendy;sn SEN;FW;Cagliari;it Serie A;19-085;2007;1;0;18;0.2;0;0;0;0;0;0;0;0;0;0;0;0;0;Matches
1657;Gideon Mensah;gh GHA;DF,MF;Auxerre;fr Ligue 1;27-252;1998;23;19;1,710;19;0;1;1;0;0;0;6;0;0;0.05;0.05;0;0.05;Matches
1658;Khalis Merah;fr FRA;MF,FW;Lyon;fr Ligue 1;19-031;2007;17;11;822;9.1;0;1;1;0;0;0;2;0;0;0.11;0.11;0;0.11;Matches
1659;Alex Meret;it ITA;GK;Napoli;it Serie A;29-005;1997;9;9;810;9;0;1;1;0;0;0;1;0;0;0.11;0.11;0;0.11;Matches
1660;Mikel Merino;es ESP;MF,FW;Arsenal;eng Premier League;29-278;1996;21;10;1,007;11.2;4;3;7;4;0;0;1;0;0.36;0.27;0.63;0.36;0.63;Matches
1661;Quentin Merlin;fr FRA;MF,DF;Rennes;fr Ligue 1;23-315;2002;26;20;1,903;21.1;1;3;4;1;0;0;1;0;0.05;0.14;0.19;0.05;0.19;Matches
1662;Rafik Messali;fr FRA;MF;Toulouse;fr Ligue 1;22-333;2003;12;5;502;5.6;0;0;0;0;0;0;2;0;0;0;0;0;0;Matches
1663;Junior Messias;br BRA;MF;Genoa;it Serie A;34-318;1991;15;4;536;6;3;0;3;2;1;1;0;0;0.5;0;0.5;0.34;0.34;Matches
1664;Alejandro Mestanza;es ESP;MF;Getafe;es La Liga;21-110;2004;3;1;71;0.8;0;0;0;0;0;0;0;0;0;0;0;0;0;Matches
1665;Connor Metcalfe;au AUS;FW;St Pauli;de Bundesliga;26-142;1999;18;1;310;3.4;0;1;1;0;0;0;1;0;0;0.29;0.29;0;0.29;Matches
1666;Dayann Methalie;fr FRA;MF;Toulouse;fr Ligue 1;20-040;2006;21;17;1,464;16.3;0;0;0;0;0;0;6;0;0;0;0;0;0;Matches
1667;Karol Mets;ee EST;DF;St Pauli;de Bundesliga;32-315;1993;18;17;1,482;16.5;0;0;0;0;0;0;2;0;0;0;0;0;0;Matches
1668;Thomas Meunier;be BEL;DF;Lille;fr Ligue 1;34-196;1991;19;15;1,384;15.4;1;2;3;1;0;0;2;0;0.07;0.13;0.2;0.07;0.2;Matches
1669;Lucas Michal;fr FRA;MF;Metz;fr Ligue 1;20-279;2005;5;2;172;1.9;0;0;0;0;0;0;1;0;0;0;0;0;0;Matches
1670;Lucas Michal;fr FRA;FW;Monaco;fr Ligue 1;20-279;2005;2;0;59;0.7;0;0;0;0;0;0;0;0;0;0;0;0;0;Matches
1671;Georges Mikautadze;ge GEO;FW;Villarreal;es La Liga;25-147;2000;24;18;1,617;18;9;5;14;9;0;0;1;0;0.5;0.28;0.78;0.5;0.78;Matches
1672;Georges Mikautadze;ge GEO;FW;Lyon;fr Ligue 1;25-147;2000;2;2;179;2;1;0;1;1;0;0;0;0;0.5;0;0.5;0.5;0.5;Matches
1673;Wisdom Mike;de GER;FW;Bayern Munich;de Bundesliga;17-184;2008;4;0;30;0.3;0;0;0;0;0;0;0;0;0;0;0;0;0;Matches
1674;William Mikelbrencis;fr FRA;MF,DF;Hamburger SV;de Bundesliga;22-030;2004;21;11;1,026;11.4;0;4;4;0;0;0;3;0;0;0.35;0.35;0;0.35;Matches
1675;Antoni Milambo;nl NED;MF;Brentford;eng Premier League;20-358;2005;1;1;45;0.5;0;0;0;0;0;0;0;0;0;0;0;0;0;Matches
1676;Nikola Milenković;rs SRB;DF;Nottingham Forest;eng Premier League;28-166;1997;31;31;2,790;31;0;0;0;0;0;0;6;0;0;0;0;0;0;Matches
1677;Lewis Miley;eng ENG;MF,DF;Newcastle United;eng Premier League;19-330;2006;19;11;1,136;12.6;1;3;4;1;0;0;0;0;0.08;0.24;0.32;0.08;0.32;Matches
1678;Arkadiusz Milik;pl POL;FW;Juventus;it Serie A;32-027;1994;1;0;12;0.1;0;0;0;0;0;0;0;0;0;0;0;0;0;Matches
1679;Vanja Milinković-Savić;rs SRB;GK;Napoli;it Serie A;29-035;1997;21;21;1,890;21;0;0;0;0;0;0;0;0;0;0;0;0;0;Matches
1680;Éder Militão;br BRA;DF;Real Madrid;es La Liga;28-068;1998;13;12;1,000;11.1;1;1;2;1;0;0;2;0;0.09;0.09;0.18;0.09;0.18;Matches
1681;Luis Milla;es ESP;MF;Getafe;es La Liga;31-171;1994;28;28;2,473;27.5;0;9;9;0;0;0;4;1;0;0.33;0.33;0;0.33;Matches
1682;Pere Milla;es ESP;MF,FW;Espanyol;es La Liga;33-185;1992;26;21;1,630;18.1;6;0;6;6;0;0;5;1;0.33;0;0.33;0.33;0.33;Matches
1683;Lennon Miller;sct SCO;MF;Udinese;it Serie A;19-214;2006;17;6;667;7.4;0;1;1;0;0;0;3;0;0;0.13;0.13;0;0.13;Matches
1684;James Milner;eng ENG;MF;Brighton;eng Premier League;40-082;1986;19;6;726;8.1;1;1;2;0;1;1;2;0;0.12;0.12;0.25;0;0.12;Matches
1685;Veljko Milosavljević;rs SRB;DF;Bournemouth;eng Premier League;18-272;2007;7;4;368;4.1;0;0;0;0;0;0;0;0;0;0;0;0;0;Matches
1686;Jovan Milošević;rs SRB;FW;Werder Bremen;de Bundesliga;20-239;2005;8;2;298;3.3;3;0;3;3;0;0;2;0;0.91;0;0.91;0.91;0.91;Matches
1687;Kim Min-jae;kr KOR;DF;Bayern Munich;de Bundesliga;29-132;1996;19;13;1,111;12.3;1;1;2;1;0;0;1;0;0.08;0.08;0.16;0.08;0.16;Matches
1688;Yerry Mina;co COL;DF;Cagliari;it Serie A;31-185;1994;19;19;1,520;16.9;1;0;1;1;0;0;5;1;0.06;0;0.06;0.06;0.06;Matches
1689;Takumi Minamino;jp JPN;MF;Monaco;fr Ligue 1;31-070;1995;15;11;944;10.5;3;2;5;3;0;0;4;0;0.29;0.19;0.48;0.29;0.48;Matches
1690;Tyrone Mings;eng ENG;DF;Aston Villa;eng Premier League;33-014;1993;13;11;964;10.7;0;0;0;0;0;0;0;0;0;0;0;0;0;Matches
1691;Óscar Mingueza;es ESP;MF,DF;Celta Vigo;es La Liga;26-318;1999;25;18;1,570;17.4;1;4;5;1;0;0;4;0;0.06;0.23;0.29;0.06;0.29;Matches
1692;Yankuba Minteh;gm GAM;MF;Brighton;eng Premier League;21-248;2004;27;20;1,832;20.4;2;4;6;2;0;0;2;0;0.1;0.2;0.29;0.1;0.29;Matches
1693;Bojan Miovski;mk MKD;FW;Girona;es La Liga;26-276;1999;1;1;44;0.5;0;0;0;0;0;0;0;0;0;0;0;0;0;Matches
1694;Rafa Mir;es ESP;FW,MF;Elche;es La Liga;28-282;1997;24;18;1,602;17.8;8;0;8;7;1;2;3;0;0.45;0;0.45;0.39;0.39;Matches
1695;Juan Miranda;es ESP;DF;Bologna;it Serie A;26-067;2000;24;21;1,898;21.1;1;0;1;1;0;0;6;0;0.05;0;0.05;0.05;0.05;Matches
1696;Fabio Miretti;it ITA;MF;Juventus;it Serie A;22-236;2003;18;5;553;6.1;1;2;3;1;0;0;1;0;0.16;0.33;0.49;0.16;0.49;Matches
1697;Tyrick Mitchell;eng ENG;MF;Crystal Palace;eng Premier League;26-207;1999;30;30;2,667;29.6;1;1;2;1;0;0;5;0;0.03;0.03;0.07;0.03;0.07;Matches
1698;Kaoru Mitoma;jp JPN;MF,FW;Brighton;eng Premier League;28-311;1997;20;16;1,426;15.8;2;1;3;2;0;0;3;0;0.13;0.06;0.19;0.13;0.19;Matches
1699;Maximilian Mittelstädt;de GER;DF,MF;Stuttgart;de Bundesliga;29-009;1997;25;19;1,708;19;4;4;8;1;3;3;3;0;0.21;0.21;0.42;0.05;0.26;Matches
1700;Henrikh Mkhitaryan;am ARM;MF;Inter;it Serie A;37-065;1989;22;13;1,205;13.4;2;1;3;2;0;0;3;0;0.15;0.07;0.22;0.15;0.22;Matches
1701;Branimir Mlacic;hr CRO;DF;Udinese;it Serie A;19-015;2007;3;1;78;0.9;0;0;0;0;0;0;2;0;0;0;0;0;0;Matches
1702;Tadjidine Mmadi;fr FRA;FW;Marseille;fr Ligue 1;19-024;2007;2;0;16;0.2;0;0;0;0;0;0;0;0;0;0;0;0;0;Matches
1703;Rui Modesto;ao ANG;MF;Udinese;it Serie A;26-171;1999;3;0;119;1.3;0;1;1;0;0;0;0;0;0;0.76;0.76;0;0.76;Matches
1704;Luka Modrić;hr CRO;MF;Milan;it Serie A;40-199;1985;29;28;2,452;27.2;2;3;5;2;0;0;4;0;0.07;0.11;0.18;0.07;0.18;Matches
1705;Max Moerstedt;de GER;FW;Hoffenheim;de Bundesliga;20-071;2006;18;1;392;4.4;2;0;2;2;0;0;2;0;0.46;0;0.46;0.46;0.46;Matches
1706;Terem Moffi;ng NGA;FW;Nice;fr Ligue 1;26-306;1999;10;6;488;5.4;2;0;2;2;0;0;0;0;0.37;0;0.37;0.37;0.37;Matches
1707;Mostafa Mohamed;eg EGY;FW;Nantes;fr Ligue 1;28-119;1997;19;11;989;11;3;0;3;3;0;0;1;0;0.27;0;0.27;0.27;0.27;Matches
1708;Wael Mohya;de GER;MF;Gladbach;de Bundesliga;17-086;2008;10;2;297;3.3;1;0;1;1;0;0;0;0;0.3;0;0.3;0.3;0.3;Matches
1709;Johan Mojica;co COL;DF;Mallorca;es La Liga;33-218;1992;28;23;2,134;23.7;0;3;3;0;0;0;5;0;0;0.13;0.13;0;0.13;Matches
1710;Enzo Molebe;fr FRA;FW;Lyon;fr Ligue 1;18-190;2007;1;0;10;0.1;0;0;0;0;0;0;0;0;0;0;0;0;0;Matches
1711;Alberto Moleiro;es ESP;MF;Villarreal;es La Liga;22-178;2003;28;24;1,891;21;9;4;13;9;0;0;3;0;0.43;0.19;0.62;0.43;0.62;Matches
1712;Nahuel Molina;ar ARG;DF;Atlético Madrid;es La Liga;27-355;1998;21;11;1,047;11.6;2;1;3;2;0;0;3;0;0.17;0.09;0.26;0.17;0.26;Matches
1713;Jon Moncayola;es ESP;MF;Osasuna;es La Liga;27-318;1998;27;26;2,262;25.1;0;4;4;0;0;0;7;0;0;0.16;0.16;0;0.16;Matches
1714;Jano Monserrate;es ESP;MF;Atlético Madrid;es La Liga;20-058;2006;1;0;18;0.2;0;0;0;0;0;0;0;0;0;0;0;0;0;Matches
1715;Jorge Montes;es ESP;DF;Getafe;es La Liga;22-021;2004;1;0;27;0.3;0;0;0;0;0;0;0;0;0;0;0;0;0;Matches
1716;Lorenzo Montipò;it ITA;GK;Hellas Verona;it Serie A;30-035;1996;27;27;2,430;27;0;0;0;0;0;0;0;0;0;0;0;0;0;Matches
1717;Álvaro Morata;es ESP;FW;Como;it Serie A;33-155;1992;19;8;779;8.7;0;1;1;0;0;1;3;1;0;0.12;0.12;0;0.12;Matches
1718;Morato;br BRA;DF;Nottingham Forest;eng Premier League;24-270;2001;15;10;941;10.5;0;0;0;0;0;0;4;0;0;0;0;0;0;Matches
1719;Diego Morcillo;es ESP;FW;Alavés;es La Liga;22-282;2003;1;0;10;0.1;0;0;0;0;0;0;0;0;0;0;0;0;0;Matches
1720;Afonso Moreira;pt POR;MF,FW;Lyon;fr Ligue 1;21-008;2005;20;11;1,092;12.1;2;6;8;2;0;0;2;0;0.16;0.49;0.66;0.16;0.66;Matches
1721;Diego Moreira;be BEL;MF;Strasbourg;fr Ligue 1;21-233;2004;23;21;1,830;20.3;3;4;7;3;0;0;4;0;0.15;0.2;0.34;0.15;0.34;Matches
1722;Alberto Moreno;es ESP;DF;Como;it Serie A;33-265;1992;13;10;901;10;1;1;2;1;0;0;1;0;0.1;0.1;0.2;0.1;0.2;Matches
1723;Álex Moreno;es ESP;DF,MF;Girona;es La Liga;32-292;1993;23;20;1,869;20.8;0;3;3;0;0;0;4;0;0;0.14;0.14;0;0.14;Matches
1724;Fabio Moreno Fell;de GER;FW;Mainz 05;de Bundesliga;25-296;2000;2;1;77;0.9;0;0;0;0;0;0;0;0;0;0;0;0;0;Matches
1725;Gerard Moreno;es ESP;FW;Villarreal;es La Liga;33-354;1992;15;11;852;9.5;8;0;8;6;2;2;0;0;0.85;0;0.85;0.63;0.63;Matches
1726;Matias Moreno;ar ARG;DF;Levante;es La Liga;22-184;2003;19;18;1,487;16.5;0;0;0;0;0;0;5;0;0;0;0;0;0;Matches
1727;Tete Morente;es ESP;MF;Elche;es La Liga;29-113;1996;4;4;313;3.5;1;0;1;1;0;0;1;0;0.29;0;0.29;0.29;0.29;Matches
1728;Tete Morente;es ESP;FW,MF;Lecce;it Serie A;29-113;1996;16;9;859;9.5;0;0;0;0;0;0;2;0;0;0;0;0;0;Matches
1729;Stefano Moreo;it ITA;FW,MF;Pisa;it Serie A;32-270;1993;29;21;1,711;19;6;1;7;4;2;2;2;0;0.32;0.05;0.37;0.21;0.26;Matches
1730;Mateu Morey;es ESP;DF,MF;Mallorca;es La Liga;26-025;2000;16;8;629;7;1;0;1;1;0;0;2;0;0.14;0;0.14;0.14;0.14;Matches
1731;Ilaix Moriba;gn GUI;MF;Celta Vigo;es La Liga;23-067;2003;28;19;1,820;20.2;0;1;1;0;0;0;5;0;0;0.05;0.05;0;0.05;Matches
1732;Manu Morlanes;es ESP;MF;Mallorca;es La Liga;27-074;1999;23;14;1,128;12.5;1;0;1;1;0;0;4;1;0.08;0;0.08;0.08;0.08;Matches
1733;Luca Moro;it ITA;FW;Sassuolo;it Serie A;25-061;2001;12;1;204;2.3;0;0;0;0;0;0;1;0;0;0;0;0;0;Matches
1734;Nikola Moro;hr CRO;MF;Bologna;it Serie A;28-015;1998;23;16;1,455;16.2;2;0;2;2;0;0;1;0;0.12;0;0.12;0.12;0.12;Matches
1735;Raúl Moro;es ESP;MF;Osasuna;es La Liga;23-112;2002;7;4;340;3.8;0;2;2;0;0;0;0;0;0;0.53;0.53;0;0.53;Matches
1736;Tyler Morton;eng ENG;MF;Lyon;fr Ligue 1;23-147;2002;23;23;2,034;22.6;2;2;4;2;0;0;5;1;0.09;0.09;0.18;0.09;0.18;Matches
1737;Daren Mosengo;fr FRA;MF;Le Havre;fr Ligue 1;19-228;2006;5;0;106;1.2;0;0;0;0;0;0;0;0;0;0;0;0;0;Matches
1738;Cristhian Mosquera;es ESP;DF;Arsenal;eng Premier League;21-273;2004;14;6;673;7.5;0;0;0;0;0;0;2;0;0;0;0;0;0;Matches
1739;Daniel Mosquera;co COL;FW;Hellas Verona;it Serie A;26-158;1999;20;5;586;6.5;0;2;2;0;0;0;1;0;0;0.31;0.31;0;0.31;Matches
1740;Yerson Mosquera;co COL;DF;Wolves;eng Premier League;24-329;2001;22;19;1,706;19;0;0;0;0;0;0;10;0;0;0;0;0;0;Matches
1741;Edoardo Motta;it ITA;GK;Lazio;it Serie A;21-073;2005;3;3;270;3;0;0;0;0;0;0;1;0;0;0;0;0;0;Matches
1742;Mason Mount;eng ENG;MF;Manchester Utd;eng Premier League;27-076;1999;18;10;817;9.1;3;0;3;3;0;0;0;0;0.33;0;0.33;0.33;0.33;Matches
1743;Samir El Mourabet;ma MAR;MF;Strasbourg;fr Ligue 1;20-172;2005;27;21;1,746;19.4;0;1;1;0;0;0;4;0;0;0.05;0.05;0;0.05;Matches
1744;Santiago Mouriño;uy URU;DF;Villarreal;es La Liga;24-042;2002;22;21;1,871;20.8;1;2;3;1;0;0;9;1;0.05;0.1;0.14;0.05;0.14;Matches
1745;Louis Mouton;fr FRA;MF;Angers;fr Ligue 1;23-297;2002;26;22;1,703;18.9;2;1;3;2;0;0;1;1;0.11;0.05;0.16;0.11;0.16;Matches
1746;Lionel Mpasi;cd COD;GK;Le Havre;fr Ligue 1;31-238;1994;4;3;315;3.5;0;0;0;0;0;0;1;0;0;0;0;0;0;Matches
1747;Tarik Muharemovic;ba BIH;DF;Sassuolo;it Serie A;23-027;2003;26;26;2,295;25.5;2;2;4;2;0;0;5;0;0.08;0.08;0.16;0.08;0.16;Matches
1748;Miro Muheim;ch SUI;MF,DF;Hamburger SV;de Bundesliga;28-003;1998;26;25;2,270;25.2;0;4;4;0;0;0;6;0;0;0.16;0.16;0;0.16;Matches
1749;Divine Mukasa;eng ENG;MF;Manchester City;eng Premier League;18-217;2007;2;0;27;0.3;0;0;0;0;0;0;0;0;0;0;0;0;0;Matches
1750;Ngal'Ayel Mukau;cd COD;MF;Lille;fr Ligue 1;21-144;2004;23;12;1,069;11.9;1;0;1;1;0;0;2;0;0.08;0;0.08;0.08;0.08;Matches
1751;Nordan Mukiele;fr FRA;MF;Rennes;fr Ligue 1;20-043;2006;3;0;51;0.6;1;0;1;1;0;0;0;0;1.76;0;1.76;1.76;1.76;Matches
1752;Nordi Mukiele;fr FRA;DF;Sunderland;eng Premier League;28-146;1997;25;25;2,163;24;1;3;4;1;0;0;4;0;0.04;0.12;0.17;0.04;0.17;Matches
1753;Romaine Mundle;eng ENG;MF;Sunderland;eng Premier League;22-337;2003;14;2;411;4.6;0;0;0;0;0;0;1;0;0;0;0;0;0;Matches
1754;Marshall Munetsi;zw ZIM;MF;Paris FC;fr Ligue 1;29-278;1996;10;6;594;6.6;3;0;3;3;0;0;0;0;0.45;0;0.45;0.45;0.45;Matches
1755;Marshall Munetsi;zw ZIM;MF,FW;Wolves;eng Premier League;29-278;1996;13;9;875;9.7;1;1;2;1;0;0;2;0;0.1;0.1;0.21;0.1;0.21;Matches
1756;Rodrigo Muniz;br BRA;FW;Fulham;eng Premier League;24-327;2001;14;5;585;6.5;1;1;2;1;0;0;1;0;0.15;0.15;0.31;0.15;0.31;Matches
1757;Believe Munongo;fr FRA;MF;Metz;fr Ligue 1;16-124;2009;7;4;306;3.4;0;0;0;0;0;0;0;0;0;0;0;0;0;Matches
1758;Aihen Muñoz;es ESP;DF;Real Sociedad;es La Liga;28-223;1997;16;7;686;7.6;0;0;0;0;0;0;1;0;0;0;0;0;0;Matches
1759;Daniel Muñoz;co COL;MF;Crystal Palace;eng Premier League;29-305;1996;21;21;1,778;19.8;3;2;5;3;0;0;5;0;0.15;0.1;0.25;0.15;0.25;Matches
1760;Iker Muñoz;es ESP;MF;Osasuna;es La Liga;23-142;2002;13;5;665;7.4;0;0;0;0;0;0;3;0;0;0;0;0;0;Matches
1761;Javier Muñoz;es ESP;MF,FW;Getafe;es La Liga;31-027;1995;14;4;489;5.4;0;0;0;0;0;0;0;0;0;0;0;0;0;Matches
1762;Víctor Muñoz;es ESP;MF,FW;Osasuna;es La Liga;22-257;2003;29;27;2,266;25.2;5;2;7;5;0;0;3;0;0.2;0.08;0.28;0.2;0.28;Matches
1763;Arijanet Muric;xk KVX;GK;Sassuolo;it Serie A;27-140;1998;29;29;2,610;29;0;0;0;0;0;0;4;0;0;0;0;0;0;Matches
1764;Murillo;br BRA;DF;Nottingham Forest;eng Premier League;23-266;2002;23;23;1,999;22.2;1;0;1;1;0;0;4;0;0.05;0;0.05;0.05;0.05;Matches
1765;Vedat Muriqi;xk KVX;FW;Mallorca;es La Liga;31-337;1994;28;27;2,318;25.8;18;1;19;13;5;7;3;1;0.7;0.04;0.74;0.5;0.54;Matches
1766;Alex Murphy;ie IRL;DF;Newcastle United;eng Premier League;21-275;2004;1;0;2;0;0;0;0;0;0;0;0;0;0;0;0;0;0;Matches
1767;Jacob Murphy;eng ENG;FW,MF;Newcastle United;eng Premier League;31-031;1995;26;14;1,246;13.8;3;1;4;3;0;0;1;0;0.22;0.07;0.29;0.22;0.29;Matches
1768;Salim Musah;de GER;FW;Werder Bremen;de Bundesliga;20-033;2006;2;0;12;0.1;0;0;0;0;0;0;0;0;0;0;0;0;0;Matches
1769;Yunus Musah;us USA;MF;Atalanta;it Serie A;23-118;2002;16;3;450;5;1;0;1;1;0;0;1;0;0.2;0;0.2;0.2;0.2;Matches
1770;Yunus Musah;us USA;MF;Milan;it Serie A;23-118;2002;1;1;90;1;0;0;0;0;0;0;0;0;0;0;0;0;0;Matches
1771;Jamal Musiala;de GER;MF;Bayern Munich;de Bundesliga;23-029;2003;8;2;306;3.4;1;2;3;0;1;1;1;0;0.29;0.59;0.88;0;0.59;Matches
1772;Juan Musso;ar ARG;GK;Atlético Madrid;es La Liga;31-325;1994;3;3;270;3;0;0;0;0;0;0;1;0;0;0;0;0;0;Matches
1773;Cheveyo Muy;nl NED;FW;Milan;it Serie A;19-099;2006;2;0;5;0.1;0;0;0;0;0;0;0;0;0;0;0;0;0;Matches
1774;Yvon Mvogo;ch SUI;GK;Lorient;fr Ligue 1;31-294;1994;24;24;2,160;24;0;0;0;0;0;0;0;0;0;0;0;0;0;Matches
1775;Joel Mvuka;no NOR;MF,DF;Lorient;fr Ligue 1;23-135;2002;15;5;560;6.2;0;0;0;0;0;0;0;0;0;0;0;0;0;Matches
1776;Junior Mwanga;fr FRA;DF,MF;Strasbourg;fr Ligue 1;22-320;2003;3;3;212;2.4;0;0;0;0;0;0;0;0;0;0;0;0;0;Matches
1777;Junior Mwanga;fr FRA;MF;Nantes;fr Ligue 1;22-320;2003;15;15;1,260;14;1;1;2;1;0;0;2;1;0.07;0.07;0.14;0.07;0.14;Matches
1778;Phillipp Mwene;at AUT;MF;Mainz 05;de Bundesliga;32-057;1994;22;18;1,521;16.9;0;1;1;0;0;0;4;0;0;0.06;0.06;0;0.06;Matches
1779;Vitaliy Mykolenko;ua UKR;DF;Everton;eng Premier League;26-302;1999;26;26;2,328;25.9;0;1;1;0;0;0;5;0;0;0.04;0.04;0;0.04;Matches
1780;Joakim Mæhle;dk DEN;DF,MF;Wolfsburg;de Bundesliga;28-311;1997;9;7;592;6.6;0;1;1;0;0;0;0;0;0;0.15;0.15;0;0.15;Matches
1781;David Møller Wolfe;no NOR;MF,DF;Wolves;eng Premier League;23-338;2002;18;9;846;9.4;0;2;2;0;0;0;1;0;0;0.21;0.21;0;0.21;Matches
1782;Obite N'Dicka;ci CIV;DF;Roma;it Serie A;26-219;1999;24;24;2,104;23.4;3;0;3;3;0;0;5;0;0.13;0;0.13;0.13;0.13;Matches
1783;Konan N'dri;ci CIV;FW,MF;Lecce;it Serie A;25-151;2000;20;0;380;4.2;2;0;2;2;0;0;2;0;0.47;0;0.47;0.47;0.47;Matches
1784;Stanley N'Soki;fr FRA;DF,MF;Union Berlin;de Bundesliga;26-352;1999;12;9;750;8.3;1;2;3;1;0;0;2;0;0.12;0.24;0.36;0.12;0.36;Matches
1785;Bilal Nadir;ma MAR;MF;Marseille;fr Ligue 1;22-119;2003;19;5;566;6.3;0;4;4;0;0;0;5;1;0;0.64;0.64;0;0.64;Matches
1786;Mahamadou Nagida;cm CMR;DF;Rennes;fr Ligue 1;20-272;2005;12;5;558;6.2;0;0;0;0;0;0;2;0;0;0;0;0;0;Matches
1787;Younes Namli;dk DEN;FW,MF;Le Havre;fr Ligue 1;31-280;1994;12;3;327;3.6;0;1;1;0;0;0;2;0;0;0.28;0.28;0;0.28;Matches
1788;Sebastian Nanasi;se SWE;MF;Strasbourg;fr Ligue 1;23-315;2002;13;5;529;5.9;3;1;4;3;0;0;0;0;0.51;0.17;0.68;0.51;0.68;Matches
1789;Nikolas Nartey;dk DEN;MF;Stuttgart;de Bundesliga;26-033;2000;23;11;999;11.1;3;2;5;3;0;0;2;0;0.27;0.18;0.45;0.27;0.45;Matches
1790;Noah Nartey;dk DEN;MF,FW;Lyon;fr Ligue 1;20-173;2005;8;4;491;5.5;2;0;2;2;0;0;0;0;0.37;0;0.37;0.37;0.37;Matches
1791;Natan;br BRA;DF;Real Betis;es La Liga;25-049;2001;26;26;2,254;25;0;0;0;0;0;0;7;0;0;0;0;0;0;Matches
1792;Pau Navarro;es ESP;DF;Villarreal;es La Liga;20-336;2005;17;17;1,436;16;0;0;0;0;0;0;3;0;0;0;0;0;0;Matches
1793;Roberto Navarro;es ESP;MF;Athletic Club;es La Liga;23-349;2002;24;7;896;10;5;1;6;5;0;0;1;0;0.5;0.1;0.6;0.5;0.6;Matches
1794;Corrie Ndaba;ie IRL;DF;Lecce;it Serie A;26-092;1999;11;4;402;4.5;0;0;0;0;0;0;0;0;0;0;0;0;0;Matches
1795;Michel Ndary Adopo;fr FRA;MF;Cagliari;it Serie A;25-251;2000;30;26;2,385;26.5;1;1;2;1;0;0;2;0;0.04;0.04;0.08;0.04;0.08;Matches
1796;Youssouf Ndayishimiye;bi BDI;MF;Nice;fr Ligue 1;27-151;1998;2;1;72;0.8;0;0;0;0;0;0;0;1;0;0;0;0;0;Matches
1797;Iliman Ndiaye;sn SEN;MF;Everton;eng Premier League;26-021;2000;25;25;2,148;23.9;6;3;9;4;2;2;2;0;0.25;0.13;0.38;0.17;0.29;Matches
1798;Rassoul Ndiaye;sn SEN;MF;Le Havre;fr Ligue 1;24-106;2001;27;24;2,072;23;4;3;7;4;0;0;1;0;0.17;0.13;0.3;0.17;0.3;Matches
1799;Quentin Ndjantou Mbitcha;fr FRA;MF;Paris Saint-Germain;fr Ligue 1;18-247;2007;10;3;360;4;1;1;2;1;0;0;1;0;0.25;0.25;0.5;0.25;0.5;Matches
1800;Tanguy Ndombele;fr FRA;MF;Nice;fr Ligue 1;29-089;1996;7;2;192;2.1;0;1;1;0;0;0;0;0;0;0.47;0.47;0;0.47;Matches
1801;Cher Ndour;it ITA;MF;Fiorentina;it Serie A;21-243;2004;25;13;1,251;13.9;2;0;2;2;0;0;2;0;0.14;0;0.14;0.14;0.14;Matches
1802;Dan Ndoye;ch SUI;MF;Nottingham Forest;eng Premier League;25-153;2000;23;14;1,171;13;1;1;2;1;0;0;1;0;0.08;0.08;0.15;0.08;0.15;Matches
1803;Joseph Nduquidi;fr FRA;MF;Metz;fr Ligue 1;21-147;2004;1;0;7;0.1;0;0;0;0;0;0;0;0;0;0;0;0;0;Matches
1804;Paul Nebel;de GER;MF;Mainz 05;de Bundesliga;23-168;2002;23;17;1,506;16.7;4;1;5;4;0;0;2;2;0.24;0.06;0.3;0.24;0.3;Matches
1805;Kosta Nedeljković;rs SRB;DF;RB Leipzig;de Bundesliga;20-101;2005;5;3;251;2.8;0;0;0;0;0;0;0;0;0;0;0;0;0;Matches
1806;Loïc Nego;hu HUN;DF,MF;Le Havre;fr Ligue 1;35-071;1991;24;23;2,023;22.5;0;0;0;0;0;0;2;0;0;0;0;0;0;Matches
1807;Dan Neil;eng ENG;MF;Sunderland;eng Premier League;24-104;2001;3;0;14;0.2;0;0;0;0;0;0;0;0;0;0;0;0;0;Matches
1808;Reiss Nelson;eng ENG;FW,MF;Brentford;eng Premier League;26-107;1999;7;0;61;0.7;0;0;0;0;0;0;0;0;0;0;0;0;0;Matches
1809;Victor Nelsson;dk DEN;DF;Hellas Verona;it Serie A;27-164;1998;30;29;2,596;28.8;0;0;0;0;0;0;3;0;0;0;0;0;0;Matches
1810;David Neres;br BRA;FW,MF;Napoli;it Serie A;29-024;1997;16;10;922;10.2;3;3;6;3;0;0;3;0;0.29;0.29;0.59;0.29;0.59;Matches
1811;Martim Neto;pt POR;MF;Elche;es La Liga;23-072;2003;22;13;1,177;13.1;2;5;7;2;0;0;2;0;0.15;0.38;0.54;0.15;0.54;Matches
1812;Pedro Neto;pt POR;MF;Chelsea;eng Premier League;26-018;2000;29;25;2,209;24.5;5;4;9;5;0;0;4;1;0.2;0.16;0.37;0.2;0.37;Matches
1813;Luca Netz;de GER;MF,DF;Gladbach;de Bundesliga;22-316;2003;15;10;940;10.4;0;2;2;0;0;0;1;0;0;0.19;0.19;0;0.19;Matches
1814;Luca Netz;de GER;DF,MF;Nottingham Forest;eng Premier League;22-316;2003;2;0;50;0.6;0;0;0;0;0;0;0;0;0;0;0;0;0;Matches
1815;Manuel Neuer;de GER;GK;Bayern Munich;de Bundesliga;40-000;1986;19;19;1,620;18;0;0;0;0;0;0;0;0;0;0;0;0;0;Matches
1816;Florian Neuhaus;de GER;MF,FW;Gladbach;de Bundesliga;29-011;1997;16;11;902;10;0;1;1;0;0;0;0;0;0;0.1;0.1;0;0.1;Matches
1817;Cenny Neumann;de GER;DF;Köln;de Bundesliga;19-074;2007;2;1;74;0.8;0;0;0;0;0;0;0;0;0;0;0;0;0;Matches
1818;João Neves;pt POR;MF;Paris Saint-Germain;fr Ligue 1;21-181;2004;14;11;1,002;11.1;5;1;6;5;0;0;0;0;0.45;0.09;0.54;0.45;0.54;Matches
1819;Yvan Neyou;cm CMR;MF;Getafe;es La Liga;29-083;1997;5;0;67;0.7;0;0;0;0;0;0;2;0;0;0;0;0;0;Matches
1820;Jessic Ngankam;de GER;FW;Eintracht Frankfurt;de Bundesliga;25-250;2000;3;0;62;0.7;0;0;0;0;0;0;0;0;0;0;0;0;0;Matches
1821;Oumar Ngom;mr MTN;MF;Lecce;it Serie A;22-018;2004;7;3;334;3.7;0;0;0;0;0;0;0;0;0;0;0;0;0;Matches
1822;Cyril Ngonge;be BEL;FW;Torino;it Serie A;25-305;2000;20;11;994;11;1;1;2;1;0;0;2;0;0.09;0.09;0.18;0.09;0.18;Matches
1823;Cyril Ngonge;be BEL;MF;Espanyol;es La Liga;25-305;2000;5;3;214;2.4;0;2;2;0;0;0;2;0;0;0.84;0.84;0;0.84;Matches
1824;Mikayil Ngor Faye;sn SEN;MF,DF;Cremonese;it Serie A;21-256;2004;8;2;254;2.8;0;0;0;0;0;0;1;0;0;0;0;0;0;Matches
1825;Mikayil Ngor Faye;sn SEN;MF;Rennes;fr Ligue 1;21-256;2004;1;0;8;0.1;0;0;0;0;0;0;0;0;0;0;0;0;0;Matches
1826;Nathan Ngoy;be BEL;DF;Lille;fr Ligue 1;22-290;2003;23;21;1,865;20.7;1;2;3;1;0;0;7;1;0.05;0.1;0.14;0.05;0.14;Matches
1827;Bernard Nguene;cm CMR;FW;Nice;fr Ligue 1;19-235;2006;6;0;138;1.5;0;0;0;0;0;0;1;0;0;0;0;0;0;Matches
1828;Rio Ngumoha;eng ENG;MF;Liverpool;eng Premier League;17-210;2008;13;1;229;2.5;1;0;1;1;0;0;0;0;0.39;0;0.39;0.39;0.39;Matches
1829;Moussa Niakhate;sn SEN;DF;Lyon;fr Ligue 1;30-019;1996;25;23;2,129;23.7;0;2;2;0;0;0;3;0;0;0.08;0.08;0;0.08;Matches
1830;Abdoulaye Niakhate Ndiaye;sn SEN;DF;Parma;it Serie A;23-351;2002;7;6;496;5.5;0;0;0;0;0;0;4;1;0;0;0;0;0;Matches
1831;Youssoupha Niang;de GER;MF;Köln;de Bundesliga;20-002;2006;6;2;156;1.7;0;0;0;0;0;0;0;0;0;0;0;0;0;Matches
1832;Tanguy Nianzou;fr FRA;DF;Sevilla;es La Liga;23-293;2002;11;7;618;6.9;0;0;0;0;0;0;5;0;0;0;0;0;0;Matches
1833;Cheikh Niasse;sn SEN;MF;Hellas Verona;it Serie A;26-067;2000;19;11;970;10.8;0;1;1;0;0;0;1;0;0;0.09;0.09;0;0.09;Matches
1834;Samuel Nibombé;be BEL;DF;Monaco;fr Ligue 1;18-224;2007;1;0;1;0;0;0;0;0;0;0;0;0;0;0;0;0;0;Matches
1835;Rasmus Nicolaisen;dk DEN;DF;Toulouse;fr Ligue 1;29-011;1997;26;24;2,024;22.5;0;0;0;0;0;0;3;0;0;0;0;0;0;Matches
1836;Moritz Nicolas;de GER;GK;Gladbach;de Bundesliga;28-157;1997;27;27;2,430;27;0;0;0;0;0;0;0;0;0;0;0;0;0;Matches
1837;Hans Nicolussi Caviglia;it ITA;MF;Fiorentina;it Serie A;25-282;2000;11;7;585;6.5;0;1;1;0;0;0;4;0;0;0.15;0.15;0;0.15;Matches
1838;Hans Nicolussi Caviglia;it ITA;MF;Parma;it Serie A;25-282;2000;7;2;258;2.9;0;2;2;0;0;0;0;0;0;0.7;0.7;0;0.7;Matches
1839;Julian Niehues;de GER;MF;Heidenheim;de Bundesliga;24-344;2001;20;14;1,152;12.8;3;0;3;3;0;0;1;0;0.23;0;0.23;0.23;0.23;Matches
1840;Oliver Nielsen;dk DEN;DF;Lazio;it Serie A;22-296;2003;18;8;976;10.8;0;0;0;0;0;0;2;0;0;0;0;0;0;Matches
1841;Alieu Njie;se SWE;FW;Torino;it Serie A;20-317;2005;9;1;120;1.3;1;1;2;1;0;0;1;0;0.75;0.75;1.5;0.75;1.5;Matches
1842;Justin Njinmah;de GER;FW,MF;Werder Bremen;de Bundesliga;25-132;2000;26;17;1,443;16;5;0;5;5;0;0;1;0;0.31;0;0.31;0.31;0.31;Matches
1843;Obed Nkambadio;fr FRA;GK;Paris FC;fr Ligue 1;23-048;2003;11;11;990;11;0;0;0;0;0;0;0;0;0;0;0;0;0;Matches
1844;Eddie Nketiah;eng ENG;MF;Crystal Palace;eng Premier League;26-301;1999;12;2;424;4.7;2;0;2;2;0;0;2;0;0.42;0;0.42;0.42;0.42;Matches
1845;Niels Nkounkou;fr FRA;MF,DF;Torino;it Serie A;25-146;2000;9;3;322;3.6;0;1;1;0;0;0;2;0;0;0.28;0.28;0;0.28;Matches
1846;Christopher Nkunku;fr FRA;FW;Milan;it Serie A;28-133;1997;24;11;1,017;11.3;5;3;8;2;3;3;0;0;0.44;0.27;0.71;0.18;0.44;Matches
1847;Felix Nmecha;de GER;MF;Dortmund;de Bundesliga;25-168;2000;27;24;2,069;23;2;3;5;2;0;1;0;0;0.09;0.13;0.22;0.09;0.22;Matches
1848;Lukas Nmecha;de GER;FW;Leeds United;eng Premier League;27-103;1998;25;9;880;9.8;6;1;7;4;2;3;0;0;0.61;0.1;0.72;0.41;0.51;Matches
1849;Tochukwu Nnadi;ng NGA;MF;Marseille;fr Ligue 1;22-270;2003;3;0;27;0.3;0;0;0;0;0;0;0;0;0;0;0;0;0;Matches
1850;Martin Nogoto Bley;bf BFA;MF;Lorient;fr Ligue 1;20-063;2006;1;0;1;0;0;0;0;0;0;0;0;0;0;0;0;0;0;Matches
1851;Arnaud Nordin;fr FRA;MF,FW;Mainz 05;de Bundesliga;27-283;1998;13;5;469;5.2;0;0;0;0;0;0;0;0;0;0;0;0;0;Matches
1852;Arnaud Nordin;fr FRA;FW,MF;Rennes;fr Ligue 1;27-283;1998;7;7;498;5.5;1;1;2;1;0;0;1;0;0.18;0.18;0.36;0.18;0.36;Matches
1853;Brooke Norton-Cuffy;eng ENG;MF,DF;Genoa;it Serie A;22-074;2004;26;25;2,181;24.2;2;1;3;2;0;0;5;1;0.08;0.04;0.12;0.08;0.12;Matches
1854;Tijjani Noslin;nl NED;FW;Lazio;it Serie A;26-263;1999;21;4;602;6.7;2;0;2;2;0;0;2;1;0.3;0;0.3;0.3;0.3;Matches
1855;Noah Nsoki;fr FRA;MF;Paris Saint-Germain;fr Ligue 1;19-035;2007;1;0;8;0.1;0;0;0;0;0;0;0;0;0;0;0;0;0;Matches
1856;Randy Nteka;ao ANG;FW,MF;Rayo Vallecano;es La Liga;28-111;1997;8;0;99;1.1;0;0;0;0;0;0;0;0;0;0;0;0;0;Matches
1857;Alexander Nübel;de GER;GK;Stuttgart;de Bundesliga;29-178;1996;27;27;2,430;27;0;1;1;0;0;0;0;0;0;0.04;0.04;0;0.04;Matches
1858;Matheus Nunes;pt POR;DF;Manchester City;eng Premier League;27-212;1998;27;25;2,265;25.2;1;4;5;1;0;0;4;0;0.04;0.16;0.2;0.04;0.2;Matches
1859;Álvaro Núñez;es ESP;DF,MF;Elche;es La Liga;25-263;2000;19;19;1,647;18.3;0;2;2;0;0;0;2;0;0;0.11;0.11;0;0.11;Matches
1860;Álvaro Núñez;es ESP;MF,DF;Celta Vigo;es La Liga;25-263;2000;2;2;110;1.2;0;0;0;0;0;0;0;0;0;0;0;0;0;Matches
1861;Unai Núñez;es ESP;DF;Hellas Verona;it Serie A;29-056;1997;17;15;1,265;14.1;0;0;0;0;0;0;6;0;0;0;0;0;0;Matches
1862;Unai Núñez;es ESP;DF;Valencia;es La Liga;29-056;1997;7;7;590;6.6;0;0;0;0;0;0;2;0;0;0;0;0;0;Matches
1863;Joi Nuredini;al ALB;FW;Genoa;it Serie A;18-234;2007;1;0;2;0;0;0;0;0;0;0;0;0;0;0;0;0;0;Matches
1864;Antonio Nusa;no NOR;FW,MF;RB Leipzig;de Bundesliga;20-344;2005;24;19;1,622;18;2;2;4;2;0;0;0;0;0.11;0.11;0.22;0.11;0.22;Matches
1865;Ethan Nwaneri;eng ENG;MF;Arsenal;eng Premier League;19-006;2007;6;0;171;1.9;0;0;0;0;0;0;0;0;0;0;0;0;0;Matches
1866;Ethan Nwaneri;eng ENG;MF;Marseille;fr Ligue 1;19-006;2007;7;3;274;3;2;1;3;2;0;0;1;0;0.66;0.33;0.99;0.66;0.99;Matches
1867;Ørjan Nyland;no NOR;GK;Sevilla;es La Liga;35-198;1990;4;4;360;4;0;0;0;0;0;0;1;0;0;0;0;0;0;Matches
1868;Allan Nyom;cm CMR;DF;Getafe;es La Liga;37-321;1988;11;4;289;3.2;0;0;0;0;0;0;5;1;0;0;0;0;0;Matches
1869;Trey Nyoni;eng ENG;MF;Liverpool;eng Premier League;18-270;2007;4;0;15;0.2;0;0;0;0;0;0;0;0;0;0;0;0;0;Matches
1870;Rabby Nzingoula;fr FRA;MF;Strasbourg;fr Ligue 1;20-122;2005;4;0;51;0.6;0;0;0;0;0;0;0;1;0;0;0;0;0;Matches
1871;M'Bala Nzola;ao ANG;FW;Pisa;it Serie A;29-221;1996;16;11;1,052;11.7;3;0;3;1;2;3;1;1;0.26;0;0.26;0.09;0.09;Matches
1872;M'Bala Nzola;ao ANG;FW;Sassuolo;it Serie A;29-221;1996;7;1;187;2.1;0;0;0;0;0;0;1;0;0;0;0;0;0;Matches
1873;Christian Nørgaard;dk DEN;MF;Arsenal;eng Premier League;32-017;1994;6;0;61;0.7;0;0;0;0;0;0;0;0;0;0;0;0;0;Matches
1874;Jake O'Brien;ie IRL;DF;Everton;eng Premier League;24-316;2001;30;28;2,548;28.3;0;1;1;0;0;0;2;1;0;0.04;0.04;0;0.04;Matches
1875;Luke O'Nien;eng ENG;DF;Sunderland;eng Premier League;31-126;1994;8;2;231;2.6;0;0;0;0;0;0;1;1;0;0;0;0;0;Matches
1876;Matt O'Riley;dk DEN;MF;Marseille;fr Ligue 1;25-126;2000;15;6;741;8.2;1;2;3;1;0;0;2;0;0.12;0.24;0.36;0.12;0.36;Matches
1877;Matt O'Riley;dk DEN;MF;Brighton;eng Premier League;25-126;2000;4;2;187;2.1;1;0;1;0;1;1;0;0;0.48;0;0.48;0;0;Matches
1878;Adam Obert;sk SVK;DF,MF;Cagliari;it Serie A;23-216;2002;27;25;2,069;23;0;3;3;0;0;0;10;1;0;0.13;0.13;0;0.13;Matches
1879;Jan Oblak;si SVN;GK;Atlético Madrid;es La Liga;33-079;1993;26;26;2,340;26;0;0;0;0;0;0;0;0;0;0;0;0;0;Matches
1880;Noam Obougou Jacquet;fr FRA;FW;Le Havre;fr Ligue 1;20-012;2006;5;0;104;1.2;1;0;1;1;0;0;0;0;0.87;0;0.87;0.87;0.87;Matches
1881;Rafel Obrador;es ESP;MF;Torino;it Serie A;22-031;2004;8;6;477;5.3;0;1;1;0;0;0;0;0;0;0.19;0.19;0;0.19;Matches
1882;Job Ochieng';ke KEN;FW;Real Sociedad;es La Liga;23-069;2003;1;0;26;0.3;0;0;0;0;0;0;0;0;0;0;0;0;0;Matches
1883;Cas Odenthal;nl NED;DF;Sassuolo;it Serie A;25-182;2000;1;0;1;0;0;0;0;0;0;0;0;0;0;0;0;0;0;Matches
1884;Jens Odgaard;dk DEN;MF;Bologna;it Serie A;26-361;1999;22;15;1,240;13.8;5;1;6;5;0;0;1;0;0.36;0.07;0.44;0.36;0.44;Matches
1885;Wilson Odobert;fr FRA;MF,FW;Tottenham Hotspur;eng Premier League;21-119;2004;24;10;985;10.9;0;2;2;0;0;0;0;0;0;0.18;0.18;0;0.18;Matches
1886;David Odogu;de GER;DF;Milan;it Serie A;19-297;2006;2;0;6;0.1;0;0;0;0;0;0;0;0;0;0;0;0;0;Matches
1887;Álvaro Odriozola;es ESP;DF;Real Sociedad;es La Liga;30-103;1995;5;2;201;2.2;1;0;1;1;0;0;0;0;0.45;0;0.45;0.45;0.45;Matches
1888;Tim Oermann;de GER;DF;Leverkusen;de Bundesliga;22-172;2003;2;0;18;0.2;0;0;0;0;0;0;0;0;0;0;0;0;0;Matches
1889;Ifechukwu Ogbus;ch SUI;DF;Freiburg;de Bundesliga;20-100;2005;11;9;807;9;0;0;0;0;0;0;0;0;0;0;0;0;0;Matches
1890;Uchenna Ogundu;ng NGA;FW;Augsburg;de Bundesliga;19-319;2006;2;0;15;0.2;0;0;0;0;0;0;0;0;0;0;0;0;0;Matches
1891;Noah Okafor;ch SUI;FW,MF;Leeds United;eng Premier League;25-307;2000;24;15;1,295;14.4;4;0;4;4;0;0;3;0;0.28;0;0.28;0.28;0.28;Matches
1892;David Okereke;ng NGA;FW;Cremonese;it Serie A;28-210;1997;4;1;155;1.7;1;0;1;1;0;0;0;0;0.58;0;0.58;0.58;0.58;Matches
1893;Bryan Okoh;ch SUI;DF;Auxerre;fr Ligue 1;22-315;2003;7;6;543;6;2;0;2;2;0;0;1;0;0.33;0;0.33;0.33;0.33;Matches
1894;Maduka Okoye;ng NGA;GK;Udinese;it Serie A;26-211;1999;22;22;1,896;21.1;0;0;0;0;0;0;1;1;0;0;0;0;0;Matches
1895;Olasagasti;es ESP;MF;Levante;es La Liga;25-223;2000;24;9;978;10.9;1;2;3;1;0;0;2;1;0.09;0.18;0.28;0.09;0.28;Matches
1896;Michael Olise;fr FRA;MF;Bayern Munich;de Bundesliga;24-105;2001;25;21;1,968;21.9;11;17;28;11;0;0;5;0;0.5;0.78;1.28;0.5;1.28;Matches
1897;Mathías Olivera;uy URU;DF,MF;Napoli;it Serie A;28-147;1997;19;10;971;10.8;0;0;0;0;0;0;3;0;0;0;0;0;0;Matches
1898;Tuomas Ollila;fi FIN;DF;Paris FC;fr Ligue 1;25-337;2000;9;3;302;3.4;0;0;0;0;0;0;0;0;0;0;0;0;0;Matches
1899;Dani Olmo;es ESP;MF;Barcelona;es La Liga;27-324;1998;24;17;1,507;16.7;7;6;13;7;0;0;0;0;0.42;0.36;0.78;0.42;0.78;Matches
1900;Callum Olusesi;eng ENG;MF;Tottenham Hotspur;eng Premier League;19-069;2007;1;0;15;0.2;0;0;0;0;0;0;0;0;0;0;0;0;0;Matches
1901;Tani Oluwaseyi;ca CAN;FW;Villarreal;es La Liga;25-316;2000;23;5;647;7.2;2;1;3;2;0;0;1;0;0.28;0.14;0.42;0.28;0.42;Matches
1902;Warmed Omari;km COM;DF;Hamburger SV;de Bundesliga;25-338;2000;13;10;992;11;0;0;0;0;0;0;0;0;0;0;0;0;0;Matches
1903;Andrew Omobamidele;ie IRL;DF;Strasbourg;fr Ligue 1;23-277;2002;19;10;1,021;11.3;0;0;0;0;0;0;4;0;0;0;0;0;0;Matches
1904;Amadou Onana;be BEL;MF;Aston Villa;eng Premier League;24-223;2001;22;19;1,560;17.3;2;0;2;2;0;0;2;0;0.12;0;0.12;0.12;0.12;Matches
1905;Jean Onana;cm CMR;MF;Genoa;it Serie A;26-078;2000;2;0;19;0.2;0;0;0;0;0;0;0;0;0;0;0;0;0;Matches
1906;Jacob Ondrejka;se SWE;FW,MF;Parma;it Serie A;23-206;2002;15;9;748;8.3;0;0;0;0;0;0;2;0;0;0;0;0;0;Matches
1907;Frank Onyeka;ng NGA;MF;Brentford;eng Premier League;28-085;1998;6;0;92;1;0;1;1;0;0;0;0;0;0;0.98;0.98;0;0.98;Matches
1908;Loïs Openda;be BEL;FW;RB Leipzig;de Bundesliga;26-039;2000;2;1;51;0.6;0;0;0;0;0;0;0;0;0;0;0;0;0;Matches
1909;Loïs Openda;be BEL;FW,MF;Juventus;it Serie A;26-039;2000;23;6;661;7.3;1;0;1;1;0;0;0;0;0.14;0;0.14;0.14;0.14;Matches
1910;Fredrik Oppegard;no NOR;DF,MF;Auxerre;fr Ligue 1;23-232;2002;19;11;982;10.9;0;0;0;0;0;0;1;1;0;0;0;0;0;Matches
1911;Louis Oppie;de GER;MF;St Pauli;de Bundesliga;23-314;2002;20;15;1,453;16.1;1;0;1;1;0;0;0;0;0.06;0;0.06;0.06;0.06;Matches
1912;Gift Orban;ng NGA;FW;Hellas Verona;it Serie A;23-253;2002;25;21;1,840;20.4;7;2;9;5;2;2;4;1;0.34;0.1;0.44;0.24;0.34;Matches
1913;Willi Orban;hu HUN;DF;RB Leipzig;de Bundesliga;33-144;1992;27;27;2,409;26.8;1;0;1;1;0;0;4;0;0.04;0;0.04;0.04;0.04;Matches
1914;Christian Ordoñez;ar ARG;MF;Parma;it Serie A;21-246;2004;20;9;733;8.1;1;0;1;1;0;0;5;1;0.12;0;0.12;0.12;0.12;Matches
1915;Nehemiah Oriola;eng ENG;MF;Brighton;eng Premier League;18-289;2007;1;0;1;0;0;0;0;0;0;0;0;0;0;0;0;0;0;Matches
1916;Gaetano Oristanio;it ITA;FW,MF;Parma;it Serie A;23-180;2002;19;8;849;9.4;1;0;1;1;0;0;1;0;0.11;0;0.11;0.11;0.11;Matches
1917;Aimar Oroz;es ESP;MF,FW;Osasuna;es La Liga;24-120;2001;22;19;1,623;18;0;2;2;0;0;0;5;0;0;0.11;0.11;0;0.11;Matches
1918;Riccardo Orsolini;it ITA;MF;Bologna;it Serie A;29-062;1997;28;22;1,685;18.7;7;1;8;4;3;5;2;0;0.37;0.05;0.43;0.21;0.27;Matches
1919;Stefan Ortega;de GER;GK;Nottingham Forest;eng Premier League;33-141;1992;3;3;270;3;0;0;0;0;0;0;0;0;0;0;0;0;0;Matches
1920;Ángel Ortíz;es ESP;DF;Real Betis;es La Liga;21-245;2004;13;7;584;6.5;0;0;0;0;0;0;1;0;0;0;0;0;0;Matches
1921;Asier Osambela;es ESP;DF;Osasuna;es La Liga;22-047;2004;13;2;300;3.3;1;0;1;1;0;0;1;0;0.3;0;0.3;0.3;0.3;Matches
1922;Gabriel Osho;ng NGA;DF;Auxerre;fr Ligue 1;27-225;1998;2;2;134;1.5;0;0;0;0;0;0;0;0;0;0;0;0;0;Matches
1923;Ibrahim Osman;gh GHA;MF,FW;Auxerre;fr Ligue 1;21-118;2004;14;7;625;6.9;0;2;2;0;0;0;0;0;0;0.29;0.29;0;0.29;Matches
1924;Erblin Osmani;de GER;MF;Bayern Munich;de Bundesliga;16-312;2009;1;0;4;0;0;0;0;0;0;0;0;0;0;0;0;0;0;Matches
1925;Patrick Osterhage;de GER;MF;Freiburg;de Bundesliga;26-054;2000;20;13;1,189;13.2;1;0;1;1;0;0;4;0;0.08;0;0.08;0.08;0.08;Matches
1926;William Osula;dk DEN;FW;Newcastle United;eng Premier League;22-235;2003;17;1;295;3.3;2;0;2;2;0;0;0;0;0.61;0;0.61;0.61;0.61;Matches
1927;Philip Otele;ng NGA;MF,FW;Hamburger SV;de Bundesliga;26-346;1999;7;6;413;4.6;1;1;2;1;0;0;2;0;0.22;0.22;0.44;0.22;0.44;Matches
1928;Sebastian Otoa;dk DEN;DF;Genoa;it Serie A;21-318;2004;8;6;584;6.5;0;0;0;0;0;0;1;0;0;0;0;0;0;Matches
1929;Abdoul Ouattara;fr FRA;MF,DF;Strasbourg;fr Ligue 1;20-156;2005;23;15;1,429;15.9;2;0;2;2;0;0;2;0;0.13;0;0.13;0.13;0.13;Matches
1930;Dango Ouattara;bf BFA;MF;Brentford;eng Premier League;24-044;2002;25;19;1,714;19;5;3;8;5;0;0;4;0;0.26;0.16;0.42;0.26;0.42;Matches
1931;Kassoum Ouattara;fr FRA;MF,DF;Monaco;fr Ligue 1;21-164;2004;15;12;967;10.7;0;3;3;0;0;0;3;0;0;0.28;0.28;0;0.28;Matches
1932;Assan Ouedraogo;de GER;MF,FW;RB Leipzig;de Bundesliga;19-322;2006;12;9;609;6.8;3;3;6;3;0;0;0;0;0.44;0.44;0.89;0.44;0.89;Matches
1933;Azzedine Ounahi;ma MAR;MF;Girona;es La Liga;25-342;2000;15;11;1,030;11.4;4;2;6;4;0;0;5;0;0.35;0.17;0.52;0.35;0.52;Matches
1934;Elisha Owusu;gh GHA;MF;Auxerre;fr Ligue 1;28-140;1997;22;20;1,714;19;0;0;0;0;0;0;6;0;0;0;0;0;0;Matches
1935;Mikel Oyarzabal;es ESP;FW;Real Sociedad;es La Liga;28-340;1997;26;25;2,177;24.2;12;3;15;7;5;5;2;0;0.5;0.12;0.62;0.29;0.41;Matches
1936;Max Oyedele;pl POL;MF;Strasbourg;fr Ligue 1;21-140;2004;3;1;75;0.8;1;0;1;1;0;0;1;0;1.2;0;1.2;1.2;1.2;Matches
1937;Daniel Oyegoke;eng ENG;MF,DF;Hellas Verona;it Serie A;23-083;2003;12;5;410;4.6;0;0;0;0;0;0;1;0;0;0;0;0;0;Matches
1938;Salih Özcan;tr TUR;MF;Dortmund;de Bundesliga;28-075;1998;7;0;35;0.4;0;0;0;0;0;0;0;0;0;0;0;0;0;Matches
1939;Berke Özer;tr TUR;GK;Lille;fr Ligue 1;25-306;2000;25;25;2,204;24.5;0;1;1;0;0;0;3;0;0;0.04;0.04;0;0.04;Matches
1940;Cenk Özkacar;tr TUR;DF;Köln;de Bundesliga;25-172;2000;18;13;1,163;12.9;0;0;0;0;0;0;2;0;0;0;0;0;0;Matches
1941;Nico O’Reilly;eng ENG;DF,MF;Manchester City;eng Premier League;21-006;2005;28;23;2,133;23.7;4;3;7;4;0;0;4;0;0.17;0.13;0.3;0.17;0.3;Matches
1942;Pablo;br BRA;MF,FW;West Ham United;eng Premier League;22-084;2004;7;5;405;4.5;0;0;0;0;0;0;0;0;0;0;0;0;0;Matches
1943;Jon Pacheco;es ESP;DF;Alavés;es La Liga;25-078;2001;21;20;1,725;19.2;0;0;0;0;0;0;5;1;0;0;0;0;0;Matches
1944;Willian Pacho;ec ECU;DF;Paris Saint-Germain;fr Ligue 1;24-162;2001;19;17;1,554;17.3;0;0;0;0;0;0;0;0;0;0;0;0;0;Matches
1945;Daniele Padelli;it ITA;GK;Udinese;it Serie A;40-153;1985;2;2;180;2;0;0;0;0;0;0;0;0;0;0;0;0;0;Matches
1946;Kendry Páez;ec ECU;MF,FW;Strasbourg;fr Ligue 1;18-327;2007;15;4;424;4.7;1;0;1;1;0;0;0;0;0.21;0;0.21;0.21;0.21;Matches
1947;Pablo Pagis;fr FRA;MF,FW;Lorient;fr Ligue 1;23-088;2002;21;16;1,267;14.1;8;1;9;7;1;1;1;0;0.57;0.07;0.64;0.5;0.57;Matches
1948;Igor Paixão;br BRA;MF;Marseille;fr Ligue 1;25-272;2000;24;17;1,545;17.2;5;5;10;5;0;0;3;0;0.29;0.29;0.58;0.29;0.58;Matches
1949;César Palacios;es ESP;MF;Real Madrid;es La Liga;21-136;2004;2;0;53;0.6;0;0;0;0;0;0;0;0;0;0;0;0;0;Matches
1950;Exequiel Palacios;ar ARG;MF;Leverkusen;de Bundesliga;27-173;1998;11;5;479;5.3;0;0;0;0;0;0;2;0;0;0;0;0;0;Matches
1951;Isaac Palazón Camacho;es ESP;MF,FW;Rayo Vallecano;es La Liga;31-090;1994;28;24;2,026;22.5;3;3;6;1;2;3;9;0;0.13;0.13;0.27;0.04;0.18;Matches
1952;Alberto Paleari;it ITA;GK;Torino;it Serie A;33-210;1992;21;21;1,890;21;0;0;0;0;0;0;1;0;0;0;0;0;0;Matches
1953;Marco Palestra;it ITA;MF,DF;Cagliari;it Serie A;21-024;2005;29;28;2,507;27.9;1;4;5;1;0;0;3;0;0.04;0.14;0.18;0.04;0.18;Matches
1954;João Palhinha;pt POR;MF,DF;Tottenham Hotspur;eng Premier League;30-261;1995;26;19;1,779;19.8;3;2;5;3;0;0;6;0;0.15;0.1;0.25;0.15;0.25;Matches
1955;Matteo Palma;de GER;DF;Udinese;it Serie A;18-014;2008;5;1;120;1.3;0;0;0;0;0;0;0;0;0;0;0;0;0;Matches
1956;Cole Palmer;eng ENG;MF,FW;Chelsea;eng Premier League;23-325;2002;20;18;1,417;15.7;9;1;10;4;5;5;4;0;0.57;0.06;0.64;0.25;0.32;Matches
1957;Emerson Palmieri;it ITA;DF,MF;Marseille;fr Ligue 1;31-236;1994;22;18;1,691;18.8;0;3;3;0;0;0;2;0;0;0.16;0.16;0;0.16;Matches
1958;Diego Pampín;es ESP;DF;Levante;es La Liga;26-012;2000;6;4;368;4.1;0;0;0;0;0;0;2;0;0;0;0;0;0;Matches
1959;Joaquín Panichelli;ar ARG;FW;Strasbourg;fr Ligue 1;23-171;2002;27;24;2,193;24.4;16;1;17;11;5;6;3;0;0.66;0.04;0.7;0.45;0.49;Matches
1960;Leart Paqarada;xk KVX;DF;Heidenheim;de Bundesliga;31-170;1994;1;1;6;0.1;0;0;0;0;0;0;0;0;0;0;0;0;0;Matches
1961;Lucas Paquetá;br BRA;MF,FW;West Ham United;eng Premier League;28-212;1997;18;18;1,511;16.8;4;1;5;2;2;2;7;1;0.24;0.06;0.3;0.12;0.18;Matches
1962;Victor Parada;es ESP;DF;Alavés;es La Liga;23-357;2002;21;16;1,415;15.7;0;3;3;0;0;0;8;1;0;0.19;0.19;0;0.19;Matches
1963;Aitor Paredes;es ESP;DF;Athletic Club;es La Liga;25-332;2000;17;16;1,450;16.1;1;0;1;1;0;0;4;0;0.06;0;0.06;0.06;0.06;Matches
1964;Kevin Paredes;us USA;MF;Wolfsburg;de Bundesliga;22-324;2003;5;1;156;1.7;0;0;0;0;0;0;1;0;0;0;0;0;0;Matches
1965;Daniel Parejo;es ESP;MF;Villarreal;es La Liga;36-345;1989;24;12;1,051;11.7;0;0;0;0;0;0;2;0;0;0;0;0;0;Matches
1966;Fabiano Parisi;it ITA;MF,FW;Fiorentina;it Serie A;25-138;2000;20;16;1,359;15.1;1;1;2;1;0;0;5;0;0.07;0.07;0.13;0.07;0.13;Matches
1967;Thomas Partey;gh GHA;MF;Villarreal;es La Liga;32-287;1993;19;7;755;8.4;0;0;0;0;0;0;0;0;0;0;0;0;0;Matches
1968;Mario Pašalić;hr CRO;MF;Atalanta;it Serie A;31-046;1995;25;19;1,627;18.1;3;3;6;3;0;0;2;0;0.17;0.17;0.33;0.17;0.33;Matches
1969;Patric;es ESP;MF,DF;Lazio;it Serie A;32-344;1993;9;3;377;4.2;0;0;0;0;0;0;1;0;0;0;0;0;0;Matches
1970;Nathan Patterson;sct SCO;DF;Everton;eng Premier League;24-162;2001;6;3;240;2.7;0;0;0;0;0;0;0;0;0;0;0;0;0;Matches
1971;Benjamin Pavard;fr FRA;DF;Marseille;fr Ligue 1;29-364;1996;21;17;1,475;16.4;1;2;3;1;0;0;4;0;0.06;0.12;0.18;0.06;0.18;Matches
1972;Benjamin Pavard;fr FRA;DF;Inter;it Serie A;29-364;1996;1;1;90;1;0;0;0;0;0;0;0;0;0;0;0;0;0;Matches
1973;Aleksandar Pavlovic;de GER;MF;Bayern Munich;de Bundesliga;21-328;2004;21;14;1,337;14.9;3;1;4;3;0;0;2;0;0.2;0.07;0.27;0.2;0.27;Matches
1974;Strahinja Pavlović;rs SRB;DF;Milan;it Serie A;24-307;2001;26;25;2,149;23.9;4;1;5;4;0;0;3;0;0.17;0.04;0.21;0.17;0.21;Matches
1975;Leonardo Pavoletti;it ITA;FW;Cagliari;it Serie A;37-121;1988;13;1;227;2.5;1;1;2;1;0;0;1;0;0.4;0.4;0.79;0.4;0.79;Matches
1976;Martín Payero;ar ARG;MF;Cremonese;it Serie A;27-197;1998;20;15;1,258;14;1;0;1;1;0;0;7;0;0.07;0;0.07;0.07;0.07;Matches
1977;Nicolás Paz;ar ARG;MF;Como;it Serie A;21-200;2004;29;27;2,383;26.5;10;6;16;10;0;2;5;0;0.38;0.23;0.6;0.38;0.6;Matches
1978;Myles Peart-Harris;eng ENG;MF;Brentford;eng Premier League;23-190;2002;1;0;1;0;0;0;0;0;0;0;0;0;0;0;0;0;0;Matches
1979;Mads Pedersen;dk DEN;MF;Augsburg;de Bundesliga;29-207;1996;6;1;180;2;0;0;0;0;0;0;0;0;0;0;0;0;0;Matches
1980;Marcus Pedersen;no NOR;MF,DF;Torino;it Serie A;25-254;2000;23;18;1,696;18.8;0;0;0;0;0;0;3;0;0;0;0;0;0;Matches
1981;Alfonso Pedraza;es ESP;DF;Villarreal;es La Liga;29-352;1996;22;14;1,305;14.5;1;2;3;1;0;0;6;0;0.07;0.14;0.21;0.07;0.21;Matches
1982;Pedri;es ESP;MF;Barcelona;es La Liga;23-122;2002;21;16;1,451;16.1;2;7;9;2;0;0;2;1;0.12;0.43;0.56;0.12;0.56;Matches
1983;Pedro;es ESP;FW,MF;Lazio;it Serie A;38-242;1987;22;6;692;7.7;3;1;4;1;2;2;3;0;0.39;0.13;0.52;0.13;0.26;Matches
1984;Zé Pedro Figueiredo;pt POR;DF;Cagliari;it Serie A;28-294;1997;16;14;1,198;13.3;0;0;0;0;0;0;4;0;0;0;0;0;0;Matches
1985;Adrià Pedrosa;es ESP;DF,MF;Elche;es La Liga;27-318;1998;19;6;826;9.2;1;1;2;1;0;0;4;0;0.11;0.11;0.22;0.11;0.22;Matches
1986;Adrià Pedrosa;es ESP;DF,MF;Sevilla;es La Liga;27-318;1998;1;0;6;0.1;0;0;0;0;0;0;0;0;0;0;0;0;0;Matches
1987;Dženan Pejčinović;de GER;FW;Wolfsburg;de Bundesliga;21-040;2005;23;11;984;10.9;5;0;5;5;0;0;1;0;0.46;0;0.46;0.46;0.46;Matches
1988;Lorenzo Pellegrini;it ITA;MF;Roma;it Serie A;29-281;1996;22;18;1,328;14.8;3;2;5;1;2;2;2;0;0.2;0.14;0.34;0.07;0.2;Matches
1989;Luca Pellegrini;it ITA;DF;Lazio;it Serie A;27-020;1999;21;14;1,215;13.5;0;0;0;0;0;0;6;0;0;0;0;0;0;Matches
1990;Mateo Pellegrino;ar ARG;FW;Parma;it Serie A;25-026;2001;30;28;2,475;27.5;8;1;9;7;1;1;4;0;0.29;0.04;0.33;0.25;0.29;Matches
1991;Timothee Pembele;fr FRA;MF,DF;Le Havre;fr Ligue 1;23-199;2002;7;2;246;2.7;0;0;0;0;0;0;1;0;0;0;0;0;0;Matches
1992;Faris Pemi Moumbagna;cm CMR;FW;Cremonese;it Serie A;25-269;2000;5;0;93;1;0;0;0;0;0;0;0;0;0;0;0;0;0;Matches
1993;Iñaki Peña;es ESP;GK;Elche;es La Liga;27-025;1999;16;16;1,440;16;0;0;0;0;0;0;0;0;0;0;0;0;0;Matches
1994;Mike Penders;be BEL;GK;Strasbourg;fr Ligue 1;20-239;2005;26;26;2,340;26;0;0;0;0;0;0;3;0;0;0;0;0;0;Matches
1995;Nicolas Pépé;ci CIV;MF,FW;Villarreal;es La Liga;30-302;1995;28;20;1,868;20.8;5;4;9;5;0;0;3;0;0.24;0.19;0.43;0.24;0.43;Matches
1996;Kojo Peprah Oppong;gh GHA;DF;Nice;fr Ligue 1;21-296;2004;23;22;1,885;20.9;1;0;1;1;0;0;3;0;0.05;0;0.05;0.05;0.05;Matches
1997;Peque;es ESP;MF,FW;Sevilla;es La Liga;23-174;2002;21;11;873;9.7;2;1;3;2;0;0;6;0;0.21;0.1;0.31;0.21;0.31;Matches
1998;Everton Pereira;fr FRA;MF;Nice;fr Ligue 1;18-349;2007;3;2;135;1.5;0;0;0;0;0;0;0;0;0;0;0;0;0;Matches
1999;Mathias Pereira Lage;pt POR;FW,MF;St Pauli;de Bundesliga;29-117;1996;25;22;1,755;19.5;1;2;3;1;0;0;2;0;0.05;0.1;0.15;0.05;0.15;Matches
2000;Ángel Pérez;es ESP;MF;Alavés;es La Liga;23-210;2002;7;5;493;5.5;1;1;2;1;0;0;0;0;0.18;0.18;0.37;0.18;0.37;Matches
2001;Ayoze Pérez;es ESP;FW;Villarreal;es La Liga;32-241;1993;18;9;819;9.1;2;3;5;2;0;0;3;0;0.22;0.33;0.55;0.22;0.55;Matches
2002;Francisco Perez;es ESP;MF,FW;Rayo Vallecano;es La Liga;23-199;2002;25;10;1,094;12.2;2;1;3;2;0;0;4;0;0.16;0.08;0.25;0.16;0.25;Matches
2003;Joselu Pérez;es ESP;DF;Getafe;es La Liga;22-015;2004;2;0;22;0.2;0;0;0;0;0;0;0;0;0;0;0;0;0;Matches
2004;Matías Pérez;cl CHI;DF;Lecce;it Serie A;20-348;2005;1;1;31;0.3;0;0;0;0;0;0;0;0;0;0;0;0;0;Matches
2005;Nacho Pérez;es ESP;DF;Levante;es La Liga;17-207;2008;2;1;80;0.9;0;0;0;0;0;0;0;0;0;0;0;0;0;Matches
2006;Simone Perilli;it ITA;GK;Hellas Verona;it Serie A;31-079;1995;3;3;270;3;0;0;0;0;0;0;0;0;0;0;0;0;0;Matches
2007;Mattia Perin;it ITA;GK;Juventus;it Serie A;33-137;1992;7;7;630;7;0;0;0;0;0;0;0;0;0;0;0;0;0;Matches
2008;Romain Perraud;fr FRA;DF;Lille;fr Ligue 1;28-186;1997;23;20;1,683;18.7;2;3;5;2;0;0;4;1;0.11;0.16;0.27;0.11;0.27;Matches
2009;Lucas Perri;br BRA;GK;Leeds United;eng Premier League;28-107;1997;16;16;1,440;16;0;0;0;0;0;0;2;0;0;0;0;0;0;Matches
2010;Gaëtan Perrin;fr FRA;MF,FW;Lille;fr Ligue 1;29-293;1996;5;3;262;2.9;1;0;1;1;0;0;1;0;0.34;0;0.34;0.34;0.34;Matches
2011;Máximo Perrone;ar ARG;MF;Como;it Serie A;23-079;2003;28;26;2,143;23.8;3;4;7;3;0;0;7;0;0.13;0.17;0.29;0.13;0.29;Matches
2012;Massimo Pessina;it ITA;GK;Bologna;it Serie A;18-092;2007;1;0;83;0.9;0;0;0;0;0;0;0;0;0;0;0;0;0;Matches
2013;Prosper Peter;ng NGA;FW;Angers;fr Ligue 1;18-230;2007;23;10;970;10.8;3;0;3;3;0;0;0;0;0.28;0;0.28;0.28;0.28;Matches
2014;Léo Pétrot;fr FRA;DF;Elche;es La Liga;28-346;1997;26;14;1,253;13.9;0;0;0;0;0;0;2;0;0;0;0;0;0;Matches
2015;Đorđe Petrović;rs SRB;GK;Bournemouth;eng Premier League;26-170;1999;31;31;2,790;31;0;0;0;0;0;0;2;0;0;0;0;0;0;Matches
2016;Giuseppe Pezzella;it ITA;MF;Cremonese;it Serie A;28-118;1997;23;22;1,897;21.1;0;1;1;0;0;0;8;1;0;0.05;0.05;0;0.05;Matches
2017;Immanuel Pherai;sr SUR;FW,MF;Hamburger SV;de Bundesliga;24-336;2001;6;0;35;0.4;0;0;0;0;0;0;2;1;0;0;0;0;0;Matches
2018;Rayan Philippe;fr FRA;FW,MF;Hamburger SV;de Bundesliga;25-155;2000;23;11;1,091;12.1;5;0;5;5;0;1;2;0;0.41;0;0.41;0.41;0.41;Matches
2019;Gabriele Piccinini;it ITA;MF;Pisa;it Serie A;24-355;2001;18;5;672;7.5;0;0;0;0;0;0;2;0;0;0;0;0;0;Matches
2020;Roberto Piccoli;it ITA;FW;Fiorentina;it Serie A;25-059;2001;26;12;1,250;13.9;3;1;4;3;0;0;0;0;0.22;0.07;0.29;0.22;0.29;Matches
2021;Charles Pickel;cd COD;MF;Espanyol;es La Liga;28-316;1997;17;4;553;6.1;1;0;1;1;0;0;3;2;0.16;0;0.16;0.16;0.16;Matches
2022;Jordan Pickford;eng ENG;GK;Everton;eng Premier League;32-020;1994;31;31;2,790;31;0;0;0;0;0;0;2;0;0;0;0;0;0;Matches
2023;Amos Pieper;de GER;DF;Werder Bremen;de Bundesliga;28-069;1998;12;12;959;10.7;0;0;0;0;0;0;3;0;0;0;0;0;0;Matches
2024;Marvin Pieringer;de GER;FW;Heidenheim;de Bundesliga;26-174;1999;20;13;1,095;12.2;4;0;4;3;1;1;2;0;0.33;0;0.33;0.25;0.25;Matches
2025;Nicholas Pierini;it ITA;FW,MF;Sassuolo;it Serie A;27-233;1998;11;0;142;1.6;0;0;0;0;0;0;1;0;0;0;0;0;0;Matches
2026;Santiago Pierotti;ar ARG;MF,FW;Lecce;it Serie A;24-358;2001;29;23;1,910;21.2;1;0;1;1;0;0;2;0;0.05;0;0.05;0.05;0.05;Matches
2027;Balthazar Pierret;fr FRA;MF;Lecce;it Serie A;25-316;2000;3;0;27;0.3;0;0;0;0;0;0;0;0;0;0;0;0;0;Matches
2028;Andrea Pinamonti;it ITA;FW;Sassuolo;it Serie A;26-312;1999;28;27;2,103;23.4;7;3;10;7;0;1;1;1;0.3;0.13;0.43;0.3;0.43;Matches
2029;Thiago Pinar;es ESP;MF;Real Madrid;es La Liga;18-236;2007;4;4;269;3;0;0;0;0;0;0;1;0;0;0;0;0;0;Matches
2030;Lander Pinillos;es ESP;MF;Alavés;es La Liga;22-172;2003;1;0;2;0;0;0;0;0;0;0;0;0;0;0;0;0;0;Matches
2031;Ethan Pinnock;jm JAM;DF;Brentford;eng Premier League;32-302;1993;4;4;318;3.5;0;0;0;0;0;0;1;0;0;0;0;0;0;Matches
2032;Yeremi Pino;es ESP;MF;Villarreal;es La Liga;23-158;2002;2;2;159;1.8;0;1;1;0;0;0;0;0;0;0.57;0.57;0;0.57;Matches
2033;Yeremi Pino;es ESP;MF;Crystal Palace;eng Premier League;23-158;2002;27;21;1,721;19.1;2;1;3;2;0;0;4;0;0.1;0.05;0.16;0.1;0.16;Matches
2034;Jakub Piotrowski;pl POL;MF;Udinese;it Serie A;28-174;1997;26;15;1,359;15.1;1;1;2;1;0;0;2;0;0.07;0.07;0.13;0.07;0.13;Matches
2035;Joël Piroe;sr SUR;FW;Leeds United;eng Premier League;26-237;1999;13;2;226;2.5;0;0;0;0;0;0;0;0;0;0;0;0;0;Matches
2036;Niccolò Pisilli;it ITA;MF;Roma;it Serie A;21-185;2004;17;7;782;8.7;1;2;3;1;0;0;1;0;0.12;0.23;0.35;0.12;0.35;Matches
2037;Damián Pizarro;cl CHI;FW;Le Havre;fr Ligue 1;20-364;2005;2;0;28;0.3;0;0;0;0;0;0;0;0;0;0;0;0;0;Matches
2038;Tommaso Pobega;it ITA;MF;Bologna;it Serie A;26-255;1999;20;13;1,137;12.6;2;1;3;2;0;0;1;1;0.16;0.08;0.24;0.16;0.24;Matches
2039;Paul Pogba;fr FRA;MF;Monaco;fr Ligue 1;33-012;1993;3;0;33;0.4;0;0;0;0;0;0;0;0;0;0;0;0;0;Matches
2040;Ernest Poku;nl NED;MF;Leverkusen;de Bundesliga;22-058;2004;25;16;1,428;15.9;5;4;9;5;0;0;0;0;0.32;0.25;0.57;0.32;0.57;Matches
2041;Matteo Politano;it ITA;MF,FW;Napoli;it Serie A;32-236;1993;27;20;1,730;19.2;1;5;6;1;0;0;1;0;0.05;0.26;0.31;0.05;0.31;Matches
2042;Oumar Pona;fr FRA;GK;Angers;fr Ligue 1;19-279;2006;2;2;180;2;0;0;0;0;0;0;1;0;0;0;0;0;0;Matches
2043;Marin Pongračić;hr CRO;DF;Fiorentina;it Serie A;28-197;1997;28;28;2,469;27.4;0;0;0;0;0;0;9;0;0;0;0;0;0;Matches
2044;Nick Pope;eng ENG;GK;Newcastle United;eng Premier League;33-342;1992;22;22;1,966;21.8;0;0;0;0;0;0;1;0;0;0;0;0;0;Matches
2045;Pedro Porro;es ESP;DF;Tottenham Hotspur;eng Premier League;26-195;1999;27;25;2,166;24.1;0;2;2;0;0;0;6;0;0;0.08;0.08;0;0.08;Matches
2046;Portu;es ESP;FW,MF;Girona;es La Liga;33-310;1992;10;4;474;5.3;0;0;0;0;0;0;2;0;0;0;0;0;0;Matches
2047;Stefan Posch;at AUT;DF;Como;it Serie A;28-317;1997;14;3;393;4.4;1;0;1;1;0;0;1;0;0.23;0;0.23;0.23;0.23;Matches
2048;Stefan Posch;at AUT;DF;Mainz 05;de Bundesliga;28-317;1997;9;9;810;9;0;0;0;0;0;0;4;0;0;0;0;0;0;Matches
2049;Freddie Potts;eng ENG;MF;West Ham United;eng Premier League;22-196;2003;20;12;1,146;12.7;0;1;1;0;0;0;1;0;0;0.08;0.08;0;0.08;Matches
2050;Kacper Potulski;pl POL;DF;Mainz 05;de Bundesliga;18-159;2007;11;7;771;8.6;1;0;1;1;0;0;3;0;0.12;0;0.12;0.12;0.12;Matches
2051;Yussuf Poulsen;dk DEN;FW;Hamburger SV;de Bundesliga;31-285;1994;12;1;301;3.3;1;0;1;1;0;0;4;0;0.3;0;0.3;0.3;0.3;Matches
2052;Beñat Prados;es ESP;MF;Athletic Club;es La Liga;25-047;2001;2;1;85;0.9;0;0;0;0;0;0;1;0;0;0;0;0;0;Matches
2053;Alexander Prass;at AUT;MF;Hoffenheim;de Bundesliga;24-305;2001;25;11;1,089;12.1;3;2;5;3;0;0;2;0;0.25;0.17;0.41;0.25;0.41;Matches
2054;Matteo Prati;it ITA;MF;Torino;it Serie A;22-089;2003;7;4;357;4;0;0;0;0;0;0;1;0;0;0;0;0;0;Matches
2055;Matteo Prati;it ITA;MF;Cagliari;it Serie A;22-089;2003;20;15;1,268;14.1;1;0;1;1;0;0;4;0;0.07;0;0.07;0.07;0.07;Matches
2056;Abdón Prats;es ESP;FW;Mallorca;es La Liga;33-110;1992;10;0;93;1;0;0;0;0;0;0;0;0;0;0;0;0;0;Matches
2057;Grischa Prömel;de GER;MF;Hoffenheim;de Bundesliga;31-077;1995;27;14;1,492;16.6;7;2;9;7;0;0;3;0;0.42;0.12;0.54;0.42;0.54;Matches
2058;Ivan Provedel;it ITA;GK;Lazio;it Serie A;32-010;1994;27;27;2,430;27;0;0;0;0;0;0;1;0;0;0;0;0;0;Matches
2059;Javi Puado;es ESP;MF,FW;Espanyol;es La Liga;27-306;1998;10;8;674;7.5;2;0;2;1;1;2;2;0;0.27;0;0.27;0.13;0.13;Matches
2060;Marc Pubill;es ESP;DF;Atlético Madrid;es La Liga;22-280;2003;12;9;841;9.3;0;1;1;0;0;0;1;0;0;0.11;0.11;0;0.11;Matches
2061;Cameron Puertas;ch SUI;MF;Werder Bremen;de Bundesliga;27-221;1998;22;16;1,372;15.2;0;1;1;0;0;0;4;0;0;0.07;0.07;0;0.07;Matches
2062;Christian Pulisic;us USA;FW;Milan;it Serie A;27-190;1998;23;15;1,289;14.3;8;3;11;8;0;1;0;0;0.56;0.21;0.77;0.56;0.77;Matches
2063;Arkadiusz Pyrka;pl POL;MF;St Pauli;de Bundesliga;23-188;2002;24;23;1,946;21.6;0;1;1;0;0;0;3;0;0;0.05;0.05;0;0.05;Matches
2064;Jarell Quansah;eng ENG;DF;Leverkusen;de Bundesliga;23-057;2003;23;20;1,879;20.9;3;0;3;3;0;0;8;0;0.14;0;0.14;0.14;0.14;Matches
2065;Leopold Querfeld;at AUT;DF;Union Berlin;de Bundesliga;22-097;2003;26;26;2,340;26;2;0;2;0;2;3;7;0;0.08;0;0.08;0;0;Matches
2066;Kenny Quetant;fr FRA;FW;Le Havre;fr Ligue 1;19-253;2006;9;4;372;4.1;1;0;1;1;0;0;1;0;0.24;0;0.24;0.24;0.24;Matches
2067;Matheo Raab;de GER;GK;Union Berlin;de Bundesliga;27-099;1998;1;1;90;1;0;0;0;0;0;0;0;0;0;0;0;0;0;Matches
2068;Dani Raba;es ESP;FW;Valencia;es La Liga;30-149;1995;12;3;261;2.9;0;1;1;0;0;0;0;0;0;0.34;0.34;0;0.34;Matches
2069;Adrien Rabiot;fr FRA;MF;Marseille;fr Ligue 1;30-358;1995;1;1;90;1;0;0;0;0;0;0;1;0;0;0;0;0;0;Matches
2070;Adrien Rabiot;fr FRA;MF;Milan;it Serie A;30-358;1995;21;20;1,830;20.3;5;4;9;5;0;0;6;1;0.25;0.2;0.44;0.25;0.44;Matches
2071;Uroš Radaković;rs SRB;DF;Nantes;fr Ligue 1;31-361;1994;4;0;24;0.3;0;0;0;0;0;0;0;0;0;0;0;0;0;Matches
2072;Ionuț Radu;ro ROU;GK;Celta Vigo;es La Liga;28-303;1997;29;29;2,610;29;0;0;0;0;0;0;0;0;0;0;0;0;0;Matches
2073;Ugo Raghouber;fr FRA;MF;Levante;es La Liga;22-257;2003;8;5;425;4.7;0;0;0;0;0;0;0;0;0;0;0;0;0;Matches
2074;Ugo Raghouber;fr FRA;MF;Lille;fr Ligue 1;22-257;2003;1;0;3;0;0;0;0;0;0;0;0;0;0;0;0;0;0;Matches
2075;Antonio Raillo;es ESP;DF;Mallorca;es La Liga;34-170;1991;23;23;2,032;22.6;0;1;1;0;0;0;4;0;0;0.04;0.04;0;0.04;Matches
2076;Ylber Ramadani;al ALB;MF;Lecce;it Serie A;29-349;1996;29;29;2,514;27.9;1;0;1;1;0;0;7;0;0.04;0;0.04;0.04;0.04;Matches
2077;Diant Ramaj;de GER;GK;Heidenheim;de Bundesliga;24-189;2001;26;26;2,340;26;0;0;0;0;0;0;1;0;0;0;0;0;0;Matches
2078;Largie Ramazani;be BEL;MF,FW;Valencia;es La Liga;25-028;2001;18;6;703;7.8;5;1;6;2;3;3;4;0;0.64;0.13;0.77;0.26;0.38;Matches
2079;Jacobo Ramón;es ESP;DF;Como;it Serie A;21-080;2005;26;25;2,247;25;2;0;2;2;0;0;7;1;0.08;0;0.08;0.08;0.08;Matches
2080;Gonçalo Ramos;pt POR;FW;Paris Saint-Germain;fr Ligue 1;24-280;2001;24;10;1,040;11.6;5;1;6;4;1;1;2;0;0.43;0.09;0.52;0.35;0.43;Matches
2081;Guilherme Ramos;pt POR;DF;Hamburger SV;de Bundesliga;28-228;1997;8;0;48;0.5;0;0;0;0;0;0;0;0;0;0;0;0;0;Matches
2082;Aaron Ramsdale;eng ENG;GK;Newcastle United;eng Premier League;27-317;1998;10;9;824;9.2;0;0;0;0;0;0;1;0;0;0;0;0;0;Matches
2083;Jacob Ramsey;eng ENG;MF;Newcastle United;eng Premier League;24-303;2001;21;11;1,081;12;2;1;3;2;0;0;5;1;0.17;0.08;0.25;0.17;0.25;Matches
2084;Luca Ranieri;it ITA;DF;Fiorentina;it Serie A;26-338;1999;27;22;1,855;20.6;1;0;1;1;0;0;7;0;0.05;0;0.05;0.05;0.05;Matches
2085;Grant Ranos;am ARM;FW;Gladbach;de Bundesliga;22-250;2003;8;0;119;1.3;1;0;1;1;0;0;1;0;0.76;0;0.76;0.76;0.76;Matches
2086;Lilian Raolisoa;fr FRA;MF,FW;Angers;fr Ligue 1;25-284;2000;25;14;1,376;15.3;2;2;4;2;0;0;2;0;0.13;0.13;0.26;0.13;0.26;Matches
2087;Raphinha;br BRA;MF,FW;Barcelona;es La Liga;29-103;1996;20;17;1,291;14.3;11;3;14;8;3;3;4;0;0.77;0.21;0.98;0.56;0.77;Matches
2088;Marcus Rashford;eng ENG;MF,FW;Barcelona;es La Liga;28-147;1997;24;14;1,337;14.9;4;6;10;4;0;0;2;0;0.27;0.4;0.67;0.27;0.67;Matches
2089;Mathias Rasmussen;no NOR;MF;St Pauli;de Bundesliga;28-122;1997;6;4;371;4.1;0;0;0;0;0;0;0;0;0;0;0;0;0;Matches
2090;Giacomo Raspadori;it ITA;MF;Atalanta;it Serie A;26-037;2000;5;2;275;3.1;1;1;2;1;0;0;0;0;0.33;0.33;0.65;0.33;0.65;Matches
2091;Giacomo Raspadori;it ITA;FW;Atlético Madrid;es La Liga;26-037;2000;12;1;236;2.6;0;1;1;0;0;0;1;0;0;0.38;0.38;0;0.38;Matches
2092;Othniel Raterink;nl NED;DF;Cagliari;it Serie A;19-354;2006;1;0;7;0.1;0;0;0;0;0;0;0;0;0;0;0;0;0;Matches
2093;Andrei Ratiu;ro ROU;DF;Rayo Vallecano;es La Liga;27-280;1998;26;25;2,223;24.7;0;3;3;0;0;0;6;0;0;0.12;0.12;0;0.12;Matches
2094;Petar Ratkov;rs SRB;FW;Lazio;it Serie A;22-221;2003;7;2;221;2.5;0;0;0;0;0;0;0;0;0;0;0;0;0;Matches
2095;Raúl;es ESP;FW;Osasuna;es La Liga;25-144;2000;27;5;786;8.7;5;0;5;5;0;0;1;1;0.57;0;0.57;0.57;0.57;Matches
2096;David Raum;de GER;DF;RB Leipzig;de Bundesliga;27-339;1998;26;26;2,293;25.5;3;6;9;2;1;1;6;0;0.12;0.24;0.35;0.08;0.31;Matches
2097;Federico Ravaglia;it ITA;GK;Bologna;it Serie A;26-136;1999;14;13;1,200;13.3;0;0;0;0;0;0;3;0;0;0;0;0;0;Matches
2098;David Raya;es ESP;GK;Arsenal;eng Premier League;30-193;1995;31;31;2,790;31;0;0;0;0;0;0;1;0;0;0;0;0;0;Matches
2099;Rayan;br BRA;MF;Bournemouth;eng Premier League;19-236;2006;8;7;623;6.9;2;1;3;2;0;0;1;0;0.29;0.14;0.43;0.29;0.43;Matches
2100;Abde Rebbach;dz ALG;MF;Alavés;es La Liga;27-228;1998;22;8;867;9.6;1;1;2;1;0;0;4;0;0.1;0.1;0.21;0.1;0.21;Matches
2101;Federico Redondo;ar ARG;MF;Elche;es La Liga;23-068;2003;10;1;165;1.8;0;0;0;0;0;0;0;1;0;0;0;0;0;Matches
2102;Harrison Reed;eng ENG;MF;Fulham;eng Premier League;31-059;1995;6;0;31;0.3;1;0;1;1;0;0;0;0;2.9;0;2.9;2.9;2.9;Matches
2103;Luca Reggiani;it ITA;DF;Dortmund;de Bundesliga;18-077;2008;5;3;244;2.7;1;0;1;1;0;0;1;0;0.37;0;0.37;0.37;0.37;Matches
2104;Alejandro Rego;es ESP;MF;Athletic Club;es La Liga;22-289;2003;20;6;792;8.8;1;0;1;1;0;0;5;0;0.11;0;0.11;0.11;0.11;Matches
2105;Tijjani Reijnders;nl NED;MF;Manchester City;eng Premier League;27-241;1998;26;17;1,496;16.6;5;2;7;5;0;0;2;0;0.3;0.12;0.42;0.3;0.42;Matches
2106;Alberto Reina;es ESP;MF;Oviedo;es La Liga;28-199;1997;28;22;1,707;19;3;0;3;3;0;0;6;1;0.16;0;0.16;0.16;0.16;Matches
2107;Vitor Reis;br BRA;DF;Girona;es La Liga;20-074;2006;27;26;2,328;25.9;1;1;2;1;0;0;6;1;0.04;0.04;0.08;0.04;0.08;Matches
2108;Rocco Reitz;de GER;MF;Gladbach;de Bundesliga;23-302;2002;25;25;2,109;23.4;0;2;2;0;0;0;7;1;0;0.09;0.09;0;0.09;Matches
2109;Nicolai Remberg;de GER;MF;Hamburger SV;de Bundesliga;25-281;2000;26;26;2,340;26;0;1;1;0;0;0;10;0;0;0.04;0.04;0;0.04;Matches
2110;Álex Remiro;es ESP;GK;Real Sociedad;es La Liga;31-003;1995;29;29;2,610;29;0;0;0;0;0;0;0;0;0;0;0;0;0;Matches
2111;Devyne Rensch;nl NED;MF,DF;Roma;it Serie A;23-068;2003;17;8;761;8.5;0;1;1;0;0;0;0;0;0;0.12;0.12;0;0.12;Matches
2112;Guillaume Restes;fr FRA;GK;Toulouse;fr Ligue 1;21-016;2005;27;27;2,399;26.7;0;0;0;0;0;0;3;0;0;0;0;0;0;Matches
2113;Elvis Rexhbeçaj;xk KVX;MF;Augsburg;de Bundesliga;28-146;1997;24;10;1,075;11.9;2;0;2;2;0;0;4;0;0.17;0;0.17;0.17;0.17;Matches
2114;Oriol Rey;es ESP;MF;Levante;es La Liga;28-030;1998;17;12;1,126;12.5;0;0;0;0;0;0;3;0;0;0;0;0;0;Matches
2115;Gio Reyna;us USA;MF;Gladbach;de Bundesliga;23-134;2002;13;4;403;4.5;0;0;0;0;0;0;1;0;0;0;0;0;0;Matches
2116;Chadi Riad;ma MAR;DF;Crystal Palace;eng Premier League;22-283;2003;6;3;314;3.5;0;1;1;0;0;0;2;0;0;0.29;0.29;0;0.29;Matches
2117;Alexsandro Ribeiro;br BRA;DF;Lille;fr Ligue 1;26-230;1999;8;7;508;5.6;0;0;0;0;0;0;0;1;0;0;0;0;0;Matches
2118;Rodrigo Ribeiro;pt POR;FW;Augsburg;de Bundesliga;20-333;2005;7;5;421;4.7;2;0;2;2;0;0;1;0;0.43;0;0.43;0.43;0.43;Matches
2119;Samuele Ricci;it ITA;MF;Milan;it Serie A;24-218;2001;25;9;1,064;11.8;1;3;4;1;0;0;1;0;0.08;0.25;0.34;0.08;0.34;Matches
2120;Declan Rice;eng ENG;MF;Arsenal;eng Premier League;27-072;1999;30;29;2,581;28.7;4;5;9;4;0;0;2;0;0.14;0.17;0.31;0.14;0.31;Matches
2121;Chris Richards;us USA;DF;Crystal Palace;eng Premier League;25-364;2000;26;26;2,332;25.9;1;0;1;1;0;0;3;0;0.04;0;0.04;0.04;0.04;Matches
2122;Amir Richardson;ma MAR;MF;Fiorentina;it Serie A;24-062;2002;2;0;42;0.5;0;0;0;0;0;0;0;0;0;0;0;0;0;Matches
2123;Richarlison;br BRA;FW;Tottenham Hotspur;eng Premier League;28-321;1997;26;15;1,511;16.8;9;3;12;9;0;0;5;0;0.54;0.18;0.71;0.54;0.71;Matches
2124;Diego Rico;es ESP;DF;Getafe;es La Liga;33-032;1993;25;18;1,693;18.8;0;0;0;0;0;0;4;0;0;0;0;0;0;Matches
2125;Clemens Riedel;de GER;DF;Espanyol;es La Liga;22-251;2003;16;13;1,113;12.4;0;1;1;0;0;0;4;0;0;0.08;0.08;0;0.08;Matches
2126;Fabian Rieder;ch SUI;MF;Augsburg;de Bundesliga;24-039;2002;25;21;1,713;19;4;3;7;3;1;1;2;0;0.21;0.16;0.37;0.16;0.32;Matches
2127;Fabian Rieder;ch SUI;MF;Rennes;fr Ligue 1;24-039;2002;3;2;133;1.5;0;0;0;0;0;0;0;0;0;0;0;0;0;Matches
2128;Lasse Rieß;de GER;GK;Mainz 05;de Bundesliga;24-243;2001;4;3;292;3.2;0;0;0;0;0;0;0;0;0;0;0;0;0;Matches
2129;Chris Rigg;eng ENG;MF;Sunderland;eng Premier League;18-282;2007;13;8;558;6.2;0;0;0;0;0;0;0;0;0;0;0;0;0;Matches
2130;Filippo Rinaldi;it ITA;GK;Parma;it Serie A;23-113;2002;1;1;90;1;0;0;0;0;0;0;1;0;0;0;0;0;0;Matches
2131;Hugo Rincón;es ESP;DF;Girona;es La Liga;23-059;2003;26;16;1,624;18;1;1;2;1;0;0;3;0;0.06;0.06;0.11;0.06;0.11;Matches
2132;Luis Rioja;es ESP;MF;Valencia;es La Liga;32-162;1993;28;23;1,953;21.7;2;5;7;2;0;0;1;0;0.09;0.23;0.32;0.09;0.32;Matches
2133;Rodrigo Riquelme;es ESP;MF;Real Betis;es La Liga;25-359;2000;19;7;651;7.2;0;1;1;0;0;0;1;0;0;0.14;0.14;0;0.14;Matches
2134;Robin Risser;fr FRA;GK;Lens;fr Ligue 1;21-115;2004;27;27;2,430;27;0;1;1;0;0;0;2;0;0;0.04;0.04;0;0.04;Matches
2135;Mihailo Ristić;rs SRB;MF,DF;Celta Vigo;es La Liga;30-147;1995;4;4;251;2.8;0;0;0;0;0;0;0;0;0;0;0;0;0;Matches
2136;Lars Ritzka;de GER;MF,DF;St Pauli;de Bundesliga;27-324;1998;16;8;690;7.7;0;0;0;0;0;0;1;0;0;0;0;0;0;Matches
2137;Sergi Roberto;es ESP;MF;Como;it Serie A;34-048;1992;15;4;446;5;0;0;0;0;0;0;3;0;0;0;0;0;0;Matches
2138;Patrick Roberts;eng ENG;FW,MF;Sunderland;eng Premier League;29-050;1997;1;0;28;0.3;0;0;0;0;0;0;0;0;0;0;0;0;0;Matches
2139;Andrew Robertson;sct SCO;DF;Liverpool;eng Premier League;32-016;1994;19;6;775;8.6;0;0;0;0;0;0;0;0;0;0;0;0;0;Matches
2140;Antonee Robinson;us USA;DF,MF;Fulham;eng Premier League;28-231;1997;15;12;1,044;11.6;0;0;0;0;0;0;3;0;0;0;0;0;0;Matches
2141;Joel Roca;es ESP;MF;Girona;es La Liga;20-293;2005;24;11;1,035;11.5;2;1;3;2;0;0;3;1;0.17;0.09;0.26;0.17;0.26;Matches
2142;Marc Roca;es ESP;MF;Real Betis;es La Liga;29-121;1996;23;20;1,671;18.6;0;1;1;0;0;0;1;0;0;0.05;0.05;0;0.05;Matches
2143;Ryan Rodin;fr FRA;MF;Auxerre;fr Ligue 1;20-025;2006;3;0;26;0.3;0;0;0;0;0;0;0;0;0;0;0;0;0;Matches
2144;Kaden Rodney;eng ENG;DF,MF;Crystal Palace;eng Premier League;21-171;2004;1;0;4;0;0;0;0;0;0;0;0;0;0;0;0;0;0;Matches
2145;Joe Rodon;wls WAL;DF;Leeds United;eng Premier League;28-156;1997;29;29;2,545;28.3;2;0;2;2;0;0;1;0;0.07;0;0.07;0.07;0.07;Matches
2146;Rodri;es ESP;MF;Manchester City;eng Premier League;29-278;1996;18;14;1,244;13.8;1;0;1;1;0;0;2;0;0.07;0;0.07;0.07;0.07;Matches
2147;Álvaro Rodríguez;uy URU;FW;Elche;es La Liga;21-256;2004;25;18;1,618;18;5;4;9;5;0;0;0;0;0.28;0.22;0.5;0.28;0.5;Matches
2148;Damián Rodríguez;es ESP;MF;Celta Vigo;es La Liga;23-010;2003;2;2;150;1.7;0;0;0;0;0;0;1;0;0;0;0;0;0;Matches
2149;Dani Rodríguez;es ESP;FW,MF;Mallorca;es La Liga;37-294;1988;2;0;68;0.8;0;0;0;0;0;0;0;0;0;0;0;0;0;Matches
2150;Guido Rodríguez;ar ARG;MF;West Ham United;eng Premier League;31-349;1994;6;2;180;2;0;0;0;0;0;0;1;0;0;0;0;0;0;Matches
2151;Guido Rodríguez;ar ARG;MF;Valencia;es La Liga;31-349;1994;7;5;499;5.5;0;0;0;0;0;0;0;0;0;0;0;0;0;Matches
2152;Javi Rodríguez;es ESP;DF;Celta Vigo;es La Liga;22-274;2003;25;20;1,883;20.9;0;1;1;0;0;0;4;0;0;0.05;0.05;0;0.05;Matches
2153;Jesus Rodríguez;es ESP;MF;Como;it Serie A;20-126;2005;26;16;1,543;17.1;1;7;8;1;0;0;2;1;0.06;0.41;0.47;0.06;0.47;Matches
2154;Juan Rodríguez;uy URU;DF,MF;Cagliari;it Serie A;20-301;2005;10;10;810;9;0;0;0;0;0;0;3;0;0;0;0;0;0;Matches
2155;Ricardo Rodríguez;ch SUI;DF;Real Betis;es La Liga;33-214;1992;18;14;1,206;13.4;0;1;1;0;0;0;0;0;0;0.07;0.07;0;0.07;Matches
2156;Rodrygo;br BRA;MF,FW;Real Madrid;es La Liga;25-077;2001;19;6;684;7.6;1;3;4;1;0;0;3;0;0.13;0.39;0.53;0.13;0.53;Matches
2157;Robin Roefs;nl NED;GK;Sunderland;eng Premier League;23-069;2003;28;28;2,520;28;0;0;0;0;0;0;3;0;0;0;0;0;0;Matches
2158;Morgan Rogers;eng ENG;MF;Aston Villa;eng Premier League;23-244;2002;31;31;2,753;30.6;8;5;13;8;0;0;6;0;0.26;0.16;0.42;0.26;0.42;Matches
2159;Merlin Röhl;de GER;MF;Freiburg;de Bundesliga;23-265;2002;2;0;66;0.7;0;0;0;0;0;0;0;0;0;0;0;0;0;Matches
2160;Merlin Röhl;de GER;MF;Everton;eng Premier League;23-265;2002;12;2;366;4.1;0;0;0;0;0;0;0;0;0;0;0;0;0;Matches
2161;Filippo Romagna;it ITA;DF;Sassuolo;it Serie A;28-305;1997;4;3;256;2.8;0;0;0;0;0;0;0;0;0;0;0;0;0;Matches
2162;Alessio Romagnoli;it ITA;DF;Lazio;it Serie A;31-074;1995;25;24;2,068;23;0;0;0;0;0;0;6;0;0;0;0;0;0;Matches
2163;Leo Román;es ESP;GK;Mallorca;es La Liga;25-264;2000;24;24;2,160;24;0;0;0;0;0;0;3;0;0;0;0;0;0;Matches
2164;Miguel Román;es ESP;MF;Celta Vigo;es La Liga;23-091;2002;19;14;1,311;14.6;1;0;1;1;0;0;3;0;0.07;0;0.07;0.07;0.07;Matches
2165;Alessandro Romano;ch SUI;MF;Roma;it Serie A;19-283;2006;2;0;8;0.1;0;0;0;0;0;0;0;0;0;0;0;0;0;Matches
2166;Carlos Romero;es ESP;DF;Espanyol;es La Liga;24-149;2001;27;27;2,397;26.6;5;2;7;5;0;0;3;0;0.19;0.08;0.26;0.19;0.26;Matches
2167;Cristian Romero;ar ARG;DF;Tottenham Hotspur;eng Premier League;27-334;1998;22;21;1,799;20;4;1;5;4;0;0;10;2;0.2;0.05;0.25;0.2;0.25;Matches
2168;Isaac Romero;es ESP;FW;Sevilla;es La Liga;25-313;2000;21;12;1,073;11.9;4;0;4;4;0;1;5;1;0.34;0;0.34;0.34;0.34;Matches
2169;Iván Romero;es ESP;FW,MF;Levante;es La Liga;24-351;2001;25;23;1,831;20.3;5;1;6;5;0;0;3;0;0.25;0.05;0.29;0.25;0.29;Matches
2170;Zaid Romero;ar ARG;DF;Getafe;es La Liga;26-102;1999;9;9;810;9;0;0;0;0;0;0;3;0;0;0;0;0;0;Matches
2171;Rômulo;br BRA;FW;RB Leipzig;de Bundesliga;24-047;2002;23;21;1,729;19.2;7;4;11;7;0;1;3;0;0.36;0.21;0.57;0.36;0.57;Matches
2172;Salomón Rondón;ve VEN;FW;Oviedo;es La Liga;36-192;1989;16;13;1,032;11.5;2;0;2;2;0;1;2;0;0.17;0;0.17;0.17;0.17;Matches
2173;Valentin Rongier;fr FRA;MF;Rennes;fr Ligue 1;31-110;1994;25;25;2,205;24.5;1;4;5;1;0;0;4;0;0.04;0.16;0.2;0.04;0.2;Matches
2174;Marten de Roon;nl NED;MF;Atalanta;it Serie A;34-363;1991;26;24;2,089;23.2;1;1;2;1;0;0;8;1;0.04;0.04;0.09;0.04;0.09;Matches
2175;Pablo Rosario;do DOM;DF,MF;Nice;fr Ligue 1;29-079;1997;1;0;28;0.3;0;0;0;0;0;0;0;0;0;0;0;0;0;Matches
2176;Max Rosenfelder;de GER;DF;Freiburg;de Bundesliga;23-045;2003;12;5;492;5.5;0;0;0;0;0;0;0;0;0;0;0;0;0;Matches
2177;Lucas Rosier;fr FRA;FW;Rennes;fr Ligue 1;19-015;2007;2;0;2;0;0;0;0;0;0;0;0;0;0;0;0;0;0;Matches
2178;Valentin Rosier;fr FRA;DF,MF;Osasuna;es La Liga;29-220;1996;22;21;1,750;19.4;0;1;1;0;0;0;5;1;0;0.05;0.05;0;0.05;Matches
2179;Tom Rothe;de GER;DF,MF;Union Berlin;de Bundesliga;21-149;2004;14;5;593;6.6;1;0;1;1;0;0;1;1;0.15;0;0.15;0.15;0.15;Matches
2180;Anthony Rouault;fr FRA;DF;Rennes;fr Ligue 1;24-302;2001;19;17;1,544;17.2;1;0;1;1;0;0;4;0;0.06;0;0.06;0.06;0.06;Matches
2181;Nicolò Rovella;it ITA;MF;Lazio;it Serie A;24-113;2001;8;4;343;3.8;0;1;1;0;0;0;2;0;0;0.26;0.26;0;0.26;Matches
2182;Jonathan Rowe;eng ENG;MF,FW;Bologna;it Serie A;22-331;2003;20;13;1,149;12.8;1;1;2;1;0;0;2;0;0.08;0.08;0.16;0.08;0.16;Matches
2183;Jonathan Rowe;eng ENG;FW;Marseille;fr Ligue 1;22-331;2003;1;1;62;0.7;0;0;0;0;0;0;0;0;0;0;0;0;0;Matches
2184;James Rowswell;eng ENG;DF;Tottenham Hotspur;eng Premier League;19-257;2006;1;0;1;0;0;0;0;0;0;0;0;0;0;0;0;0;0;Matches
2185;Amir Rrahmani;xk KVX;DF;Napoli;it Serie A;32-031;1994;16;16;1,356;15.1;1;1;2;1;0;0;2;0;0.07;0.07;0.13;0.07;0.13;Matches
2186;Rubén;es ESP;DF;Espanyol;es La Liga;25-051;2001;14;4;492;5.5;0;1;1;0;0;0;2;0;0;0.18;0.18;0;0.18;Matches
2187;Antonio Rüdiger;de GER;DF;Real Madrid;es La Liga;33-024;1993;12;11;994;11;1;0;1;1;0;0;0;0;0.09;0;0.09;0.09;0.09;Matches
2188;Javi Rueda;es ESP;MF;Celta Vigo;es La Liga;23-323;2002;20;10;980;10.9;2;4;6;2;0;0;4;0;0.18;0.37;0.55;0.18;0.55;Matches
2189;Daniele Rugani;it ITA;DF;Fiorentina;it Serie A;31-241;1994;2;1;100;1.1;0;0;0;0;0;0;1;0;0;0;0;0;0;Matches
2190;Daniele Rugani;it ITA;DF;Juventus;it Serie A;31-241;1994;6;3;250;2.8;0;0;0;0;0;0;0;0;0;0;0;0;0;Matches
2191;Matteo Ruggeri;it ITA;DF;Atlético Madrid;es La Liga;23-259;2002;20;16;1,324;14.7;0;3;3;0;0;0;4;0;0;0.2;0.2;0;0.2;Matches
2192;Aitor Ruibal;es ESP;DF,MF;Real Betis;es La Liga;30-005;1996;23;17;1,510;16.8;4;2;6;4;0;0;3;0;0.24;0.12;0.36;0.24;0.36;Matches
2193;Abel Ruiz;es ESP;FW;Girona;es La Liga;26-058;2000;7;0;87;1;0;0;0;0;0;0;0;0;0;0;0;0;0;Matches
2194;Fabián Ruiz Peña;es ESP;MF;Paris Saint-Germain;fr Ligue 1;29-358;1996;13;9;796;8.8;1;2;3;1;0;0;1;0;0.11;0.23;0.34;0.11;0.34;Matches
2195;Gerónimo Rulli;ar ARG;GK;Marseille;fr Ligue 1;33-311;1992;23;23;2,070;23;0;0;0;0;0;0;2;0;0;0;0;0;0;Matches
2196;Jacen Russell-Rowe;ca CAN;FW;Toulouse;fr Ligue 1;23-195;2002;7;2;222;2.5;0;0;0;0;0;0;0;0;0;0;0;0;0;Matches
2197;Georginio Rutter;fr FRA;MF,FW;Brighton;eng Premier League;23-341;2002;25;19;1,603;17.8;2;2;4;2;0;0;2;0;0.11;0.11;0.22;0.11;0.22;Matches
2198;Mathew Ryan;au AUS;GK;Levante;es La Liga;33-353;1992;27;27;2,430;27;0;0;0;0;0;0;2;0;0;0;0;0;0;Matches
2199;Julian Ryerson;no NOR;MF;Dortmund;de Bundesliga;28-130;1997;24;19;1,662;18.5;0;12;12;0;0;0;6;0;0;0.65;0.65;0;0.65;Matches
2200;Frederik Rønnow;dk DEN;GK;Union Berlin;de Bundesliga;33-235;1992;26;26;2,340;26;0;0;0;0;0;0;2;0;0;0;0;0;0;Matches
2201;Alexander Røssing-Lelesiit;no NOR;FW,MF;Hamburger SV;de Bundesliga;19-066;2007;11;5;321;3.6;0;1;1;0;0;0;3;1;0;0.28;0.28;0;0.28;Matches
2202;José Sá;pt POR;GK;Wolves;eng Premier League;33-069;1993;19;19;1,710;19;0;0;0;0;0;0;2;0;0;0;0;0;0;Matches
2203;Elias Saad;tn TUN;MF,FW;Augsburg;de Bundesliga;26-090;1999;10;7;497;5.5;0;0;0;0;0;0;1;0;0;0;0;0;0;Matches
2204;Stefano Sabelli;it ITA;DF,MF;Genoa;it Serie A;33-073;1993;11;7;518;5.8;0;0;0;0;0;0;0;0;0;0;0;0;0;Matches
2205;Abdelhamid Sabiri;ma MAR;MF;Fiorentina;it Serie A;29-119;1996;1;0;27;0.3;0;0;0;0;0;0;0;0;0;0;0;0;0;Matches
2206;Marcel Sabitzer;at AUT;MF;Dortmund;de Bundesliga;32-010;1994;20;15;1,337;14.9;1;2;3;1;0;0;2;0;0.07;0.13;0.2;0.07;0.2;Matches
2207;Noah Sadiki;cd COD;MF;Sunderland;eng Premier League;21-100;2004;26;26;2,292;25.5;0;0;0;0;0;0;7;0;0;0;0;0;0;Matches
2208;Umar Sadiq;ng NGA;FW;Valencia;es La Liga;29-053;1997;11;4;493;5.5;1;1;2;1;0;0;2;0;0.18;0.18;0.37;0.18;0.37;Matches
2209;Umar Sadiq;ng NGA;FW;Real Sociedad;es La Liga;29-053;1997;5;2;153;1.7;0;0;0;0;0;0;1;0;0;0;0;0;0;Matches
2210;Alexis Saelemaekers;be BEL;MF;Milan;it Serie A;26-273;1999;28;27;2,281;25.3;2;3;5;2;0;0;4;0;0.08;0.12;0.2;0.08;0.2;Matches
2211;Matvei Safonov;ru RUS;GK;Paris Saint-Germain;fr Ligue 1;27-030;1999;9;9;810;9;0;0;0;0;0;0;0;0;0;0;0;0;0;Matches
2212;Emir Sahiti;xk KVX;FW;Hamburger SV;de Bundesliga;27-118;1998;2;2;120;1.3;0;0;0;0;0;0;0;0;0;0;0;0;0;Matches
2213;Osame Sahraoui;ma MAR;MF;Lille;fr Ligue 1;24-289;2001;16;4;463;5.1;1;2;3;1;0;0;0;0;0.19;0.39;0.58;0.19;0.58;Matches
2214;Wesley Saïd;fr FRA;MF;Lens;fr Ligue 1;30-342;1995;23;20;1,604;17.8;10;2;12;9;1;1;2;0;0.56;0.11;0.67;0.5;0.62;Matches
2215;Allan Saint-Maximin;fr FRA;MF;Lens;fr Ligue 1;29-015;1997;5;1;180;2;1;2;3;1;0;0;0;0;0.5;1;1.5;0.5;1.5;Matches
2216;Bukayo Saka;eng ENG;FW,MF;Arsenal;eng Premier League;24-203;2001;27;22;1,998;22.2;6;3;9;5;1;1;1;0;0.27;0.14;0.41;0.23;0.36;Matches
2217;Mathis Saka;fr FRA;FW;Toulouse;fr Ligue 1;19-188;2006;1;0;8;0.1;0;0;0;0;0;0;0;0;0;0;0;0;0;Matches
2218;Álex Sala;es ESP;MF;Lecce;it Serie A;24-352;2001;8;2;159;1.8;0;1;1;0;0;0;0;0;0;0.57;0.57;0;0.57;Matches
2219;Ibrahim Salah;ma MAR;MF;Rennes;fr Ligue 1;24-209;2001;2;0;35;0.4;0;0;0;0;0;0;0;0;0;0;0;0;0;Matches
2220;Mohamed Salah;eg EGY;MF,FW;Liverpool;eng Premier League;33-285;1992;22;19;1,819;20.2;5;6;11;4;1;1;1;0;0.25;0.3;0.54;0.2;0.49;Matches
2221;Jan Salas;es ESP;MF;Mallorca;es La Liga;20-229;2005;2;0;17;0.2;0;0;0;0;0;0;0;0;0;0;0;0;0;Matches
2222;Kike Salas;es ESP;DF;Sevilla;es La Liga;23-338;2002;17;15;1,393;15.5;1;0;1;1;0;0;0;0;0.06;0;0.06;0.06;0.06;Matches
2223;Manolis Saliakas;gr GRE;MF;St Pauli;de Bundesliga;29-196;1996;15;11;1,018;11.3;1;3;4;1;0;0;3;0;0.09;0.27;0.35;0.09;0.35;Matches
2224;William Saliba;fr FRA;DF;Arsenal;eng Premier League;25-003;2001;25;24;2,074;23;1;0;1;1;0;0;1;0;0.04;0;0.04;0.04;0.04;Matches
2225;José Salinas;es ESP;DF;Espanyol;es La Liga;25-178;2000;10;2;241;2.7;0;0;0;0;0;0;2;0;0;0;0;0;0;Matches
2226;Mohammed Salisu;gh GHA;DF;Monaco;fr Ligue 1;26-344;1999;12;12;1,080;12;1;0;1;1;0;0;3;0;0.08;0;0.08;0.08;0.08;Matches
2227;Lazar Samardzic;rs SRB;MF;Atalanta;it Serie A;24-031;2002;23;10;940;10.4;2;1;3;2;0;0;1;0;0.19;0.1;0.29;0.19;0.29;Matches
2228;Mbwana Samatta;tz TAN;FW;Le Havre;fr Ligue 1;33-094;1992;20;11;1,011;11.2;0;1;1;0;0;0;4;0;0;0.09;0.09;0;0.09;Matches
2229;Mama Samba Baldé;gw GNB;FW,MF;Brest;fr Ligue 1;30-141;1995;14;8;661;7.3;2;2;4;2;0;0;0;0;0.27;0.27;0.54;0.27;0.54;Matches
2230;Brice Samba;fr FRA;GK;Rennes;fr Ligue 1;31-336;1994;26;26;2,340;26;0;0;0;0;0;0;3;0;0;0;0;0;0;Matches
2231;Albert Sambi Lokonga;be BEL;MF;Hamburger SV;de Bundesliga;26-156;1999;21;16;1,357;15.1;5;0;5;5;0;0;2;0;0.33;0;0.33;0.33;0.33;Matches
2232;Antonio Sanabria;py PAR;FW;Cremonese;it Serie A;30-023;1996;21;8;760;8.4;1;1;2;1;0;0;2;0;0.12;0.12;0.24;0.12;0.24;Matches
2233;Oihan Sancet;es ESP;MF;Athletic Club;es La Liga;25-336;2000;22;19;1,490;16.6;3;0;3;1;2;2;4;1;0.18;0;0.18;0.06;0.06;Matches
2234;Álex Sánchez;es ESP;FW;Elche;es La Liga;20-022;2006;1;0;6;0.1;0;1;1;0;0;0;0;0;0;15;15;0;15;Matches
2235;Alexis Sánchez;cl CHI;FW,MF;Sevilla;es La Liga;37-098;1988;21;10;1,065;11.8;3;1;4;2;1;1;1;0;0.25;0.08;0.34;0.17;0.25;Matches
2236;Antonio Sánchez;es ESP;MF,DF;Mallorca;es La Liga;29-085;1997;24;9;965;10.7;0;0;0;0;0;0;4;1;0;0;0;0;0;Matches
2237;Juanlu Sánchez;es ESP;MF,DF;Sevilla;es La Liga;22-224;2003;24;20;1,644;18.3;0;3;3;0;0;0;4;1;0;0.16;0.16;0;0.16;Matches
2238;Borja Sánchez Laborde;es ESP;MF;Oviedo;es La Liga;30-029;1996;1;0;14;0.2;0;0;0;0;0;0;0;0;0;0;0;0;0;Matches
2239;Manu Sánchez;es ESP;DF;Levante;es La Liga;25-215;2000;25;24;2,173;24.1;1;1;2;1;0;0;7;0;0.04;0.04;0.08;0.04;0.08;Matches
2240;Robert Sánchez;es ESP;GK;Chelsea;eng Premier League;28-129;1997;29;29;2,524;28;0;1;1;0;0;0;3;1;0;0.04;0.04;0;0.04;Matches
2241;Selton Sánchez;es ESP;MF;Athletic Club;es La Liga;19-035;2007;7;2;196;2.2;0;1;1;0;0;0;0;0;0;0.46;0.46;0;0.46;Matches
2242;Jadon Sancho;eng ENG;MF;Aston Villa;eng Premier League;26-002;2000;19;8;763;8.5;0;2;2;0;0;0;0;0;0;0.24;0.24;0;0.24;Matches
2243;Álex Sancris;es ESP;MF,FW;Getafe;es La Liga;29-068;1997;15;5;630;7;0;1;1;0;0;0;3;1;0;0.14;0.14;0;0.14;Matches
2244;Philipp Sander;de GER;DF,MF;Gladbach;de Bundesliga;28-034;1998;23;22;1,820;20.2;2;0;2;2;0;0;1;0;0.1;0;0.1;0.1;0.1;Matches
2245;James Sands;us USA;MF;St Pauli;de Bundesliga;25-264;2000;24;23;1,934;21.5;1;0;1;1;0;0;4;0;0.05;0;0.05;0.05;0.05;Matches
2246;Ibou Sané;sn SEN;FW,MF;Metz;fr Ligue 1;20-364;2005;16;5;541;6;1;1;2;1;0;0;2;0;0.17;0.17;0.33;0.17;0.33;Matches
2247;Sadibou Sané;sn SEN;DF;Metz;fr Ligue 1;21-290;2004;16;15;1,310;14.6;2;0;2;2;0;0;4;2;0.14;0;0.14;0.14;0.14;Matches
2248;Arouna Sangante;sn SEN;DF;Le Havre;fr Ligue 1;23-349;2002;23;23;1,891;21;1;1;2;1;0;0;3;1;0.05;0.05;0.1;0.05;0.1;Matches
2249;Buba Sangaré;es ESP;MF,DF;Elche;es La Liga;18-233;2007;4;2;116;1.3;0;0;0;0;0;0;0;0;0;0;0;0;0;Matches
2250;Ibrahim Sangaré;ci CIV;MF;Nottingham Forest;eng Premier League;28-115;1997;23;21;1,765;19.6;2;2;4;2;0;0;5;0;0.1;0.1;0.2;0.1;0.2;Matches
2251;Mamadou Sangare;ml MLI;MF;Lens;fr Ligue 1;23-274;2002;24;22;1,873;20.8;3;3;6;3;0;0;4;0;0.14;0.14;0.29;0.14;0.29;Matches
2252;Nhoa Sangui;fr FRA;DF;Paris FC;fr Ligue 1;20-028;2006;20;13;1,284;14.3;0;0;0;0;0;0;0;0;0;0;0;0;0;Matches
2253;Maroan Sannadi;ma MAR;FW;Athletic Club;es La Liga;25-054;2001;8;2;259;2.9;1;0;1;1;0;0;2;0;0.35;0;0.35;0.35;0.35;Matches
2254;Kaishu Sano;jp JPN;MF;Mainz 05;de Bundesliga;25-087;2000;27;27;2,429;27;1;1;2;1;0;0;1;0;0.04;0.04;0.07;0.04;0.07;Matches
2255;Morgan Sanson;fr FRA;MF;Nice;fr Ligue 1;31-221;1994;25;14;1,343;14.9;0;2;2;0;0;0;3;0;0;0.13;0.13;0;0.13;Matches
2256;Baptiste Santamaria;fr FRA;MF;Valencia;es La Liga;31-018;1995;19;7;754;8.4;1;1;2;1;0;0;2;0;0.12;0.12;0.24;0.12;0.24;Matches
2257;Yago Santiago;es ESP;MF;Elche;es La Liga;22-346;2003;8;3;273;3;0;0;0;0;0;0;1;0;0;0;0;0;0;Matches
2258;Yellu Santiago;es ESP;MF;Hellas Verona;it Serie A;21-306;2004;2;0;6;0.1;0;0;0;0;0;0;0;0;0;0;0;0;0;Matches
2259;Alisson Santos;br BRA;MF;Napoli;it Serie A;23-181;2002;6;4;375;4.2;2;0;2;2;0;0;0;0;0.48;0;0.48;0.48;0.48;Matches
2260;Andrey Santos;br BRA;MF;Chelsea;eng Premier League;21-328;2004;23;10;1,009;11.2;0;0;0;0;0;0;4;0;0;0;0;0;0;Matches
2261;Kauã Santos;br BRA;GK;Eintracht Frankfurt;de Bundesliga;22-350;2003;13;13;1,084;12;0;0;0;0;0;0;0;0;0;0;0;0;0;Matches
2262;Tiago Santos;pt POR;DF;Lille;fr Ligue 1;23-247;2002;13;8;694;7.7;0;0;0;0;0;0;0;0;0;0;0;0;0;Matches
2263;Alejo Sarco;ar ARG;FW;Gladbach;de Bundesliga;20-080;2006;2;0;49;0.5;0;0;0;0;0;0;0;0;0;0;0;0;0;Matches
2264;Alejo Sarco;ar ARG;FW;Leverkusen;de Bundesliga;20-080;2006;3;0;74;0.8;0;0;0;0;0;0;0;0;0;0;0;0;0;Matches
2265;Jeremy Sarmiento;ec ECU;MF;Cremonese;it Serie A;23-284;2002;7;0;142;1.6;0;0;0;0;0;0;0;0;0;0;0;0;0;Matches
2266;Amin Sarr;se SWE;FW,MF;Hellas Verona;it Serie A;25-016;2001;29;9;989;11;0;1;1;0;0;0;2;1;0;0.09;0.09;0;0.09;Matches
2267;Bouna Sarr;sn SEN;MF,DF;Metz;fr Ligue 1;34-055;1992;5;4;332;3.7;0;0;0;0;0;0;0;0;0;0;0;0;0;Matches
2268;Ismaila Sarr;sn SEN;MF,FW;Crystal Palace;eng Premier League;28-030;1998;20;20;1,725;19.2;7;1;8;5;2;2;2;0;0.37;0.05;0.42;0.26;0.31;Matches
2269;Malang Sarr;fr FRA;DF;Lens;fr Ligue 1;27-063;1999;26;26;2,340;26;0;1;1;0;0;0;2;0;0;0.04;0.04;0;0.04;Matches
2270;Mamadou Sarr;sn SEN;DF;Strasbourg;fr Ligue 1;20-210;2005;15;15;1,305;14.5;0;0;0;0;0;0;3;0;0;0;0;0;0;Matches
2271;Mamadou Sarr;sn SEN;DF;Chelsea;eng Premier League;20-210;2005;2;1;92;1;0;0;0;0;0;0;0;0;0;0;0;0;0;Matches
2272;Martin Satriano;uy URU;FW,MF;Getafe;es La Liga;25-035;2001;10;10;883;9.8;3;0;3;3;0;0;4;0;0.31;0;0.31;0.31;0.31;Matches
2273;Martin Satriano;uy URU;FW;Lyon;fr Ligue 1;25-035;2001;11;8;692;7.7;2;1;3;2;0;0;1;0;0.26;0.13;0.39;0.26;0.39;Matches
2274;Mario Sauer;sk SVK;MF;Toulouse;fr Ligue 1;21-316;2004;21;6;607;6.7;1;0;1;1;0;0;2;0;0.15;0;0.15;0.15;0.15;Matches
2275;Razvan Sava;ro ROU;GK;Udinese;it Serie A;23-279;2002;7;6;620;6.9;0;0;0;0;0;0;1;0;0;0;0;0;0;Matches
2276;Sávio;br BRA;MF;Manchester City;eng Premier League;21-351;2004;17;5;573;6.4;0;1;1;0;0;0;2;0;0;0.16;0.16;0;0.16;Matches
2277;Nicolò Savona;it ITA;DF;Nottingham Forest;eng Premier League;23-008;2003;14;11;1,028;11.4;2;0;2;2;0;0;2;0;0.18;0;0.18;0.18;0.18;Matches
2278;Joe Scally;us USA;MF,DF;Gladbach;de Bundesliga;23-086;2002;25;22;1,999;22.2;1;3;4;1;0;0;6;0;0.05;0.14;0.18;0.05;0.18;Matches
2279;Giorgio Scalvini;it ITA;DF;Atalanta;it Serie A;22-106;2003;16;15;1,201;13.3;2;0;2;2;0;0;2;0;0.15;0;0.15;0.15;0.15;Matches
2280;Gianluca Scamacca;it ITA;FW;Atalanta;it Serie A;27-085;1999;20;14;1,140;12.7;8;1;9;6;2;2;2;0;0.63;0.08;0.71;0.47;0.55;Matches
2281;Oliver Scarles;eng ENG;DF,MF;West Ham United;eng Premier League;20-105;2005;12;9;656;7.3;0;0;0;0;0;0;1;0;0;0;0;0;0;Matches
2282;Dane Scarlett;eng ENG;FW;Tottenham Hotspur;eng Premier League;22-003;2004;2;0;9;0.1;0;0;0;0;0;0;0;0;0;0;0;0;0;Matches
2283;Kevin Schade;de GER;MF,FW;Brentford;eng Premier League;24-120;2001;28;26;2,206;24.5;7;3;10;7;0;1;6;1;0.29;0.12;0.41;0.29;0.41;Matches
2284;András Schäfer;hu HUN;MF;Union Berlin;de Bundesliga;26-348;1999;21;11;987;11;1;0;1;1;0;0;2;1;0.09;0;0.09;0.09;0.09;Matches
2285;Fabian Schär;ch SUI;DF;Newcastle United;eng Premier League;34-097;1991;16;11;1,091;12.1;0;0;0;0;0;0;1;0;0;0;0;0;0;Matches
2286;Fynn Schenten;de GER;FW;Köln;de Bundesliga;18-194;2007;7;1;100;1.1;0;0;0;0;0;0;0;0;0;0;0;0;0;Matches
2287;Derry Scherhant;de GER;MF;Freiburg;de Bundesliga;23-137;2002;24;7;864;9.6;4;1;5;4;0;0;2;0;0.42;0.1;0.52;0.42;0.52;Matches
2288;Patrik Schick;cz CZE;FW;Leverkusen;de Bundesliga;30-062;1996;21;18;1,457;16.2;9;3;12;7;2;2;2;0;0.56;0.19;0.74;0.43;0.62;Matches
2289;Stefan Schimmer;de GER;FW;Heidenheim;de Bundesliga;31-333;1994;21;2;694;7.7;5;1;6;5;0;0;1;0;0.65;0.13;0.78;0.65;0.78;Matches
2290;Xaver Schlager;at AUT;MF;RB Leipzig;de Bundesliga;28-180;1997;21;16;1,387;15.4;2;1;3;2;0;0;4;0;0.13;0.06;0.19;0.13;0.19;Matches
2291;Keven Schlotterbeck;de GER;DF;Augsburg;de Bundesliga;28-333;1997;22;21;1,925;21.4;0;1;1;0;0;1;6;1;0;0.05;0.05;0;0.05;Matches
2292;Nico Schlotterbeck;de GER;DF;Dortmund;de Bundesliga;26-116;1999;21;21;1,890;21;4;1;5;4;0;0;6;0;0.19;0.05;0.24;0.19;0.24;Matches
2293;Mick Schmetgens;de GER;MF;Werder Bremen;de Bundesliga;18-199;2007;2;0;37;0.4;0;0;0;0;0;0;0;0;0;0;0;0;0;Matches
2294;Romano Schmid;at AUT;MF,FW;Werder Bremen;de Bundesliga;26-059;2000;27;27;2,374;26.4;2;7;9;0;2;3;4;0;0.08;0.27;0.34;0;0.27;Matches
2295;Isaac Schmidt;ch SUI;MF;Werder Bremen;de Bundesliga;26-110;1999;16;5;550;6.1;1;0;1;1;0;0;2;0;0.16;0;0.16;0.16;0.16;Matches
2296;Joël Schmied;ch SUI;DF;Köln;de Bundesliga;27-185;1998;13;11;952;10.6;0;0;0;0;0;0;4;0;0;0;0;0;0;Matches
2297;Tim Schnitzer;de GER;MF;Augsburg;de Bundesliga;18-048;2008;1;0;6;0.1;0;0;0;0;0;0;0;0;0;0;0;0;0;Matches
2298;Jan Schöppner;de GER;MF;Heidenheim;de Bundesliga;26-288;1999;25;23;1,715;19.1;1;1;2;1;0;0;5;0;0.05;0.05;0.1;0.05;0.1;Matches
2299;Marvin Schwäbe;de GER;GK;Köln;de Bundesliga;30-336;1995;27;27;2,430;27;0;0;0;0;0;0;1;0;0;0;0;0;0;Matches
2300;Léo Scienza;br BRA;MF;Heidenheim;de Bundesliga;27-195;1998;2;2;180;2;1;0;1;1;0;0;0;0;0.5;0;0.5;0.5;0.5;Matches
2301;Alex Scott;eng ENG;MF;Bournemouth;eng Premier League;22-218;2003;31;28;2,310;25.7;2;1;3;2;0;0;3;0;0.08;0.04;0.12;0.08;0.12;Matches
2302;Simone Scuffet;it ITA;GK;Pisa;it Serie A;29-300;1996;7;7;630;7;0;0;0;0;0;0;0;0;0;0;0;0;0;Matches
2303;Sebastian Sebulonsen;no NOR;DF,MF;Köln;de Bundesliga;26-059;2000;24;21;1,885;20.9;0;0;0;0;0;0;5;0;0;0;0;0;0;Matches
2304;Jenson Seelt;nl NED;DF;Wolfsburg;de Bundesliga;22-308;2003;9;8;681;7.6;0;0;0;0;0;0;0;0;0;0;0;0;0;Matches
2305;Jenson Seelt;nl NED;DF;Sunderland;eng Premier League;22-308;2003;2;1;134;1.5;0;0;0;0;0;0;0;0;0;0;0;0;0;Matches
2306;Alidu Seidu;gh GHA;DF;Rennes;fr Ligue 1;25-296;2000;15;8;815;9.1;0;1;1;0;0;0;1;0;0;0.11;0.11;0;0.11;Matches
2307;Nicolas Seiwald;at AUT;MF;RB Leipzig;de Bundesliga;24-327;2001;27;26;2,279;25.3;0;2;2;0;0;0;1;0;0;0.08;0.08;0;0.08;Matches
2308;Ayumu Seko;jp JPN;MF,DF;Le Havre;fr Ligue 1;25-293;2000;24;23;2,085;23.2;0;0;0;0;0;0;3;0;0;0;0;0;0;Matches
2309;Matz Sels;be BEL;GK;Nottingham Forest;eng Premier League;34-029;1992;24;23;2,038;22.6;0;0;0;0;0;0;2;0;0;0;0;0;0;Matches
2310;Antoine Semenyo;gh GHA;MF;Bournemouth;eng Premier League;26-079;2000;20;20;1,798;20;10;3;13;9;1;2;6;0;0.5;0.15;0.65;0.45;0.6;Matches
2311;Antoine Semenyo;gh GHA;MF,FW;Manchester City;eng Premier League;26-079;2000;9;9;789;8.8;5;1;6;5;0;0;0;0;0.57;0.11;0.68;0.57;0.68;Matches
2312;Adrian Šemper;hr CRO;GK;Pisa;it Serie A;28-074;1998;17;17;1,530;17;0;0;0;0;0;0;0;0;0;0;0;0;0;Matches
2313;Marvin Senaya;gh GHA;DF,MF;Auxerre;fr Ligue 1;25-058;2001;20;17;1,536;17.1;1;0;1;1;0;0;5;0;0.06;0;0.06;0.06;0.06;Matches
2314;Marcos Senesi;ar ARG;DF;Bournemouth;eng Premier League;28-321;1997;30;30;2,658;29.5;0;4;4;0;0;0;8;0;0;0.14;0.14;0;0.14;Matches
2315;Suat Serdar;de GER;MF;Hellas Verona;it Serie A;28-350;1997;20;12;1,108;12.3;2;0;2;2;0;0;3;0;0.16;0;0.16;0.16;0.16;Matches
2316;Nicolás Serrano;es ESP;MF;Athletic Club;es La Liga;23-022;2003;13;4;335;3.7;1;0;1;1;0;0;0;0;0.27;0;0.27;0.27;0.27;Matches
2317;Benjamin Šeško;si SVN;FW;Manchester Utd;eng Premier League;22-300;2003;26;13;1,342;14.9;9;1;10;9;0;0;2;0;0.6;0.07;0.67;0.6;0.67;Matches
2318;Ryan Sessegnon;eng ENG;DF,MF;Fulham;eng Premier League;25-313;2000;24;18;1,641;18.2;2;1;3;2;0;0;0;0;0.11;0.05;0.16;0.11;0.16;Matches
2319;Stephan El Shaarawy;it ITA;MF,FW;Roma;it Serie A;33-151;1992;14;4;444;4.9;0;2;2;0;0;0;2;0;0;0.41;0.41;0;0.41;Matches
2320;Luke Shaw;eng ENG;DF;Manchester Utd;eng Premier League;30-258;1995;31;31;2,615;29.1;0;1;1;0;0;0;5;0;0;0.03;0.03;0;0.03;Matches
2321;Kento Shiogai;jp JPN;MF;Wolfsburg;de Bundesliga;21-001;2005;8;2;285;3.2;1;0;1;1;0;0;1;0;0.32;0;0.32;0.32;0.32;Matches
2322;Kwasi Sibo;gh GHA;MF;Oviedo;es La Liga;27-276;1998;20;16;1,314;14.6;0;0;0;0;0;0;3;0;0;0;0;0;0;Matches
2323;Djibril Sidibé;fr FRA;MF,DF;Toulouse;fr Ligue 1;33-241;1992;27;23;1,960;21.8;3;3;6;2;1;2;1;0;0.14;0.14;0.28;0.09;0.23;Matches
2324;Armindo Sieb;de GER;FW;Mainz 05;de Bundesliga;23-038;2003;16;3;441;4.9;2;0;2;2;0;0;1;0;0.41;0;0.41;0.41;0.41;Matches
2325;Jamil Siebert;de GER;DF;Lecce;it Serie A;23-359;2002;13;10;981;10.9;1;0;1;1;0;0;2;0;0.09;0;0.09;0.09;0.09;Matches
2326;Francisco Sierralta;cl CHI;DF;Auxerre;fr Ligue 1;28-325;1997;10;9;861;9.6;1;0;1;1;0;0;2;0;0.1;0;0.1;0.1;0.1;Matches
2327;Tim Siersleben;de GER;DF;Heidenheim;de Bundesliga;26-018;2000;14;12;1,079;12;0;0;0;0;0;0;2;0;0;0;0;0;0;Matches
2328;Mathys Silestrie;fr FRA;GK;Rennes;fr Ligue 1;20-192;2005;1;1;90;1;0;0;0;0;0;0;0;0;0;0;0;0;0;Matches
2329;André Silva;pt POR;FW;Elche;es La Liga;30-141;1995;22;15;1,290;14.3;7;0;7;6;1;1;2;0;0.49;0;0.49;0.42;0.42;Matches
2330;Bernardo Silva;pt POR;MF;Manchester City;eng Premier League;31-229;1994;30;26;2,245;24.9;2;4;6;2;0;0;9;0;0.08;0.16;0.24;0.08;0.24;Matches
2331;Caio Henrique Oliveira Silva;br BRA;DF,MF;Monaco;fr Ligue 1;28-239;1997;21;17;1,529;17;0;1;1;0;0;0;2;0;0;0.06;0.06;0;0.06;Matches
2332;Fábio Silva;pt POR;FW,MF;Dortmund;de Bundesliga;23-251;2002;21;5;625;6.9;1;5;6;1;0;0;3;0;0.14;0.72;0.86;0.14;0.86;Matches
2333;Jota Silva;pt POR;FW;Nottingham Forest;eng Premier League;26-238;1999;1;0;12;0.1;0;0;0;0;0;0;0;0;0;0;0;0;0;Matches
2334;Marco Silvestri;it ITA;GK;Cremonese;it Serie A;35-025;1991;4;4;360;4;0;0;0;0;0;0;0;0;0;0;0;0;0;Matches
2335;Abdallah Sima;sn SEN;MF;Lens;fr Ligue 1;24-283;2001;16;3;449;5;1;2;3;1;0;0;2;0;0.2;0.4;0.6;0.2;0.6;Matches
2336;Giovanni Simeone;ar ARG;FW;Torino;it Serie A;30-265;1995;24;19;1,578;17.5;8;0;8;8;0;0;1;0;0.46;0;0.46;0.46;0.46;Matches
2337;Giuliano Simeone;ar ARG;MF;Atlético Madrid;es La Liga;23-099;2002;26;21;1,849;20.5;3;6;9;3;0;0;1;0;0.15;0.29;0.44;0.15;0.44;Matches
2338;Moses Simon;ng NGA;MF,FW;Paris FC;fr Ligue 1;30-258;1995;24;20;1,602;17.8;3;2;5;3;0;0;1;0;0.17;0.11;0.28;0.17;0.28;Matches
2339;Unai Simón;es ESP;GK;Athletic Club;es La Liga;28-289;1997;29;29;2,610;29;0;0;0;0;0;0;1;0;0;0;0;0;0;Matches
2340;Xavi Simons;nl NED;MF,FW;Tottenham Hotspur;eng Premier League;22-340;2003;25;17;1,597;17.7;1;4;5;1;0;0;4;1;0.06;0.23;0.28;0.06;0.28;Matches
2341;Xavi Simons;nl NED;MF;RB Leipzig;de Bundesliga;22-340;2003;1;1;90;1;0;0;0;0;0;0;0;0;0;0;0;0;0;Matches
2342;Jahmai Simpson-Pusey;eng ENG;DF;Köln;de Bundesliga;20-143;2005;6;5;413;4.6;0;0;0;0;0;0;0;1;0;0;0;0;0;Matches
2343;Danel Sinani;lu LUX;MF,FW;St Pauli;de Bundesliga;28-356;1997;24;18;1,665;18.5;5;3;8;2;3;3;3;0;0.27;0.16;0.43;0.11;0.27;Matches
2344;Dan Sinaté;fr FRA;DF;Angers;fr Ligue 1;19-291;2006;2;0;32;0.4;0;0;0;0;0;0;0;0;0;0;0;0;0;Matches
2345;Lassine Sinayoko;ml MLI;FW,MF;Auxerre;fr Ligue 1;26-109;1999;25;25;2,156;24;6;3;9;3;3;4;6;0;0.25;0.13;0.38;0.13;0.25;Matches
2346;Ibrahima Sissoko;ml MLI;MF,DF;Nantes;fr Ligue 1;28-151;1997;6;4;340;3.8;0;0;0;0;0;0;3;0;0;0;0;0;0;Matches
2347;Antonio Sivera;es ESP;GK;Alavés;es La Liga;29-228;1996;29;29;2,610;29;0;0;0;0;0;0;2;0;0;0;0;0;0;Matches
2348;Telli Siwe;fr FRA;DF;Auxerre;fr Ligue 1;21-103;2004;3;3;225;2.5;0;0;0;0;0;0;0;0;0;0;0;0;0;Matches
2349;Tim Skarke;de GER;MF,FW;Union Berlin;de Bundesliga;29-201;1996;17;4;524;5.8;1;0;1;1;0;0;0;0;0.17;0;0.17;0.17;0.17;Matches
2350;Ellyes Skhiri;tn TUN;MF;Eintracht Frankfurt;de Bundesliga;30-321;1995;18;12;1,079;12;0;0;0;0;0;0;2;1;0;0;0;0;0;Matches
2351;Leo Skiri Østigård;no NOR;DF;Genoa;it Serie A;26-119;1999;24;24;2,082;23.1;5;1;6;5;0;0;6;0;0.22;0.04;0.26;0.22;0.26;Matches
2352;Laurs Skjellerup;dk DEN;FW;Sassuolo;it Serie A;23-227;2002;1;0;10;0.1;0;0;0;0;0;0;0;0;0;0;0;0;0;Matches
2353;Łukasz Skorupski;pl POL;GK;Bologna;it Serie A;34-326;1991;17;17;1,412;15.7;0;0;0;0;0;0;1;1;0;0;0;0;0;Matches
2354;Andreas Skov Olsen;dk DEN;MF;Wolfsburg;de Bundesliga;26-088;1999;8;4;362;4;1;0;1;1;0;0;1;0;0.25;0;0.25;0.25;0.25;Matches
2355;Robert Skov;dk DEN;DF,MF;Union Berlin;de Bundesliga;29-311;1996;3;3;220;2.4;0;0;0;0;0;0;0;0;0;0;0;0;0;Matches
2356;Tobias Slotsager;dk DEN;DF;Hellas Verona;it Serie A;20-085;2006;7;4;426;4.7;0;0;0;0;0;0;0;0;0;0;0;0;0;Matches
2357;Adam Smith;eng ENG;DF;Bournemouth;eng Premier League;34-332;1991;18;11;808;9;0;1;1;0;0;0;3;0;0;0.11;0.11;0;0.11;Matches
2358;Eric Smith;se SWE;DF,MF;St Pauli;de Bundesliga;29-078;1997;24;24;2,114;23.5;2;2;4;2;0;0;4;1;0.09;0.09;0.17;0.09;0.17;Matches
2359;Emile Smith Rowe;eng ENG;MF;Fulham;eng Premier League;25-242;2000;30;16;1,466;16.3;3;0;3;3;0;0;1;0;0.18;0;0.18;0.18;0.18;Matches
2360;Ivan Smolčić;hr CRO;DF;Como;it Serie A;25-222;2000;20;14;1,173;13;0;0;0;0;0;0;7;0;0;0;0;0;0;Matches
2361;Simon Sohm;ch SUI;MF;Bologna;it Serie A;24-350;2001;7;5;454;5;0;0;0;0;0;0;1;0;0;0;0;0;0;Matches
2362;Simon Sohm;ch SUI;MF;Fiorentina;it Serie A;24-350;2001;16;9;708;7.9;0;1;1;0;0;0;2;0;0;0.13;0.13;0;0.13;Matches
2363;Alex Sola;es ESP;DF,MF;Getafe;es La Liga;26-291;1999;1;0;13;0.1;0;0;0;0;0;0;0;0;0;0;0;0;0;Matches
2364;Dominic Solanke;eng ENG;FW;Tottenham Hotspur;eng Premier League;28-194;1997;12;8;782;8.7;3;0;3;3;0;0;1;0;0.35;0;0.35;0.35;0.35;Matches
2365;Carlos Soler;es ESP;MF;Real Sociedad;es La Liga;29-084;1997;24;18;1,604;17.8;4;2;6;4;0;0;2;1;0.22;0.11;0.34;0.22;0.34;Matches
2366;Julio Soler;ar ARG;DF;Bournemouth;eng Premier League;21-039;2005;3;0;35;0.4;0;0;0;0;0;0;0;0;0;0;0;0;0;Matches
2367;Oumar Solet;fr FRA;DF;Udinese;it Serie A;26-048;2000;27;26;2,239;24.9;3;1;4;2;1;1;1;0;0.12;0.04;0.16;0.08;0.12;Matches
2368;Jhon Solis;co COL;MF;Girona;es La Liga;21-175;2004;12;3;380;4.2;0;0;0;0;0;0;0;0;0;0;0;0;0;Matches
2369;Manor Solomon;il ISR;MF;Villarreal;es La Liga;26-246;1999;6;1;150;1.7;1;1;2;1;0;0;0;0;0.6;0.6;1.2;0.6;1.2;Matches
2370;Manor Solomon;il ISR;FW,MF;Fiorentina;it Serie A;26-246;1999;9;5;477;5.3;2;0;2;2;0;0;0;0;0.38;0;0.38;0.38;0.38;Matches
2371;Hugo Solozabal;es ESP;MF;Getafe;es La Liga;23-048;2003;1;0;11;0.1;0;0;0;0;0;0;0;0;0;0;0;0;0;Matches
2372;Daniele Sommariva;it ITA;GK;Genoa;it Serie A;28-252;1997;2;1;176;2;0;0;0;0;0;0;0;0;0;0;0;0;0;Matches
2373;Yann Sommer;ch SUI;GK;Inter;it Serie A;37-100;1988;28;28;2,520;28;0;0;0;0;0;0;0;0;0;0;0;0;0;Matches
2374;Oliver Sonne;pe PER;DF;Burnley;eng Premier League;25-137;2000;7;1;169;1.9;1;0;1;1;0;0;0;0;0.53;0;0.53;0.53;0.53;Matches
2375;David Soria;es ESP;GK;Getafe;es La Liga;32-357;1993;29;29;2,610;29;0;0;0;0;0;0;2;0;0;0;0;0;0;Matches
2376;Borna Sosa;hr CRO;DF,MF;Crystal Palace;eng Premier League;28-065;1998;5;0;55;0.6;0;0;0;0;0;0;0;0;0;0;0;0;0;Matches
2377;Hugo Sotelo;es ESP;MF;Celta Vigo;es La Liga;22-098;2003;16;13;1,088;12.1;0;2;2;0;0;0;2;0;0;0.17;0.17;0;0.17;Matches
2378;Florian Sotoca;fr FRA;MF;Lens;fr Ligue 1;35-153;1990;20;1;220;2.4;0;0;0;0;0;0;1;0;0;0;0;0;0;Matches
2379;Riccardo Sottil;it ITA;FW,MF;Lecce;it Serie A;26-297;1999;21;13;1,066;11.8;1;2;3;1;0;0;1;0;0.08;0.17;0.25;0.08;0.25;Matches
2380;Tomáš Souček;cz CZE;MF;West Ham United;eng Premier League;31-028;1995;28;17;1,598;17.8;4;0;4;4;0;0;2;1;0.23;0;0.23;0.23;0.23;Matches
2381;Matìas Soulé;ar ARG;MF,FW;Roma;it Serie A;22-346;2003;25;21;1,675;18.6;6;4;10;6;0;0;1;0;0.32;0.21;0.54;0.32;0.54;Matches
2382;Aboubaka Soumahoro;fr FRA;MF,DF;Hamburger SV;de Bundesliga;21-051;2005;4;2;136;1.5;0;0;0;0;0;0;1;0;0;0;0;0;0;Matches
2383;Sambou Soumano;sn SEN;FW;Lorient;fr Ligue 1;25-083;2001;26;8;878;9.8;4;2;6;4;0;1;2;0;0.41;0.21;0.62;0.41;0.62;Matches
2384;Issa Soumaré;sn SEN;FW,MF;Le Havre;fr Ligue 1;25-168;2000;27;26;2,318;25.8;6;2;8;5;1;3;2;0;0.23;0.08;0.31;0.19;0.27;Matches
2385;Souza;br BRA;MF;Tottenham Hotspur;eng Premier League;19-284;2006;4;2;144;1.6;0;0;0;0;0;0;1;0;0;0;0;0;0;Matches
2386;Vinicius Souza;br BRA;MF;Wolfsburg;de Bundesliga;26-283;1999;17;15;1,170;13;0;0;0;0;0;0;3;0;0;0;0;0;0;Matches
2387;Djibril Sow;ch SUI;MF;Sevilla;es La Liga;29-049;1997;25;22;1,727;19.2;5;1;6;5;0;0;3;0;0.26;0.05;0.31;0.26;0.31;Matches
2388;Djed Spence;eng ENG;DF,MF;Tottenham Hotspur;eng Premier League;25-230;2000;24;21;1,808;20.1;0;0;0;0;0;0;4;0;0;0;0;0;0;Matches
2389;Leonardo Spinazzola;it ITA;MF,DF;Napoli;it Serie A;33-002;1993;26;18;1,580;17.6;3;3;6;3;0;0;2;0;0.17;0.17;0.34;0.17;0.34;Matches
2390;Anton Stach;de GER;MF;Leeds United;eng Premier League;27-132;1998;26;25;2,136;23.7;4;3;7;4;0;0;3;0;0.17;0.13;0.29;0.17;0.29;Matches
2391;Jens Stage;dk DEN;MF;Werder Bremen;de Bundesliga;29-139;1996;24;24;2,062;22.9;7;2;9;7;0;0;5;0;0.31;0.09;0.39;0.31;0.39;Matches
2392;Benjamin Stambouli;fr FRA;MF;Metz;fr Ligue 1;35-226;1990;14;8;737;8.2;0;0;0;0;0;0;0;0;0;0;0;0;0;Matches
2393;Nicolae Stanciu;ro ROU;MF;Genoa;it Serie A;32-324;1993;4;2;180;2;0;0;0;0;0;1;0;0;0;0;0;0;0;Matches
2394;Otto Stange;de GER;DF;Hamburger SV;de Bundesliga;19-046;2007;4;0;78;0.9;0;0;0;0;0;0;0;0;0;0;0;0;0;Matches
2395;Josip Stanišić;hr CRO;DF;Bayern Munich;de Bundesliga;25-359;2000;19;15;1,436;16;2;3;5;2;0;0;1;0;0.13;0.19;0.31;0.13;0.31;Matches
2396;Carl Starfelt;se SWE;DF;Celta Vigo;es La Liga;30-299;1995;19;17;1,491;16.6;0;0;0;0;0;0;3;1;0;0;0;0;0;Matches
2397;Niklas Stark;de GER;DF;Werder Bremen;de Bundesliga;30-347;1995;12;8;631;7;0;0;0;0;0;0;8;2;0;0;0;0;0;Matches
2398;Orri Steinn Óskarsson;is ISL;FW;Real Sociedad;es La Liga;21-210;2004;12;2;313;3.5;4;0;4;4;0;0;2;0;1.15;0;1.15;1.15;1.15;Matches
2399;Calvin Stengs;nl NED;FW,MF;Pisa;it Serie A;27-099;1998;4;0;46;0.5;0;0;0;0;0;0;0;0;0;0;0;0;0;Matches
2400;Pascal Stenzel;de GER;MF;Stuttgart;de Bundesliga;30-007;1996;2;2;106;1.2;0;0;0;0;0;0;2;0;0;0;0;0;0;Matches
2401;Leonidas Stergiou;ch SUI;DF;Heidenheim;de Bundesliga;24-024;2002;3;1;149;1.7;0;0;0;0;0;0;0;0;0;0;0;0;0;Matches
2402;Leonidas Stergiou;ch SUI;DF;Stuttgart;de Bundesliga;24-024;2002;1;0;1;0;0;0;0;0;0;0;0;0;0;0;0;0;0;Matches
2403;Angelo Stiller;de GER;MF;Stuttgart;de Bundesliga;24-357;2001;27;23;2,142;23.8;1;5;6;1;0;1;1;0;0.04;0.21;0.25;0.04;0.25;Matches
2404;Kevin Stöger;at AUT;MF;Gladbach;de Bundesliga;32-212;1993;22;10;951;10.6;1;1;2;1;0;1;2;0;0.09;0.09;0.19;0.09;0.19;Matches
2405;Filip Stojilković;ch SUI;FW,MF;Pisa;it Serie A;26-082;2000;7;3;307;3.4;0;0;0;0;0;0;0;0;0;0;0;0;0;Matches
2406;John Stones;eng ENG;DF;Manchester City;eng Premier League;31-303;1994;7;4;353;3.9;0;0;0;0;0;0;0;0;0;0;0;0;0;Matches
2407;Jørgen Strand Larsen;no NOR;FW;Crystal Palace;eng Premier League;26-049;2000;6;6;466;5.2;3;0;3;3;0;0;2;0;0.58;0;0.58;0.58;0.58;Matches
2408;Jørgen Strand Larsen;no NOR;FW;Wolves;eng Premier League;26-049;2000;22;14;1,404;15.6;1;1;2;0;1;2;2;0;0.06;0.06;0.13;0;0.06;Matches
2409;Gabriel Strefezza;br BRA;FW;Parma;it Serie A;28-343;1997;7;6;542;6;0;1;1;0;0;0;1;0;0;0.17;0.17;0;0.17;Matches
2410;Pascal Struijk;nl NED;DF;Leeds United;eng Premier League;26-228;1999;28;27;2,431;27;0;1;1;0;0;0;4;0;0;0.04;0.04;0;0.04;Matches
2411;Cristhian Stuani;uy URU;FW;Girona;es La Liga;39-166;1986;13;1;226;2.5;3;0;3;0;3;4;2;0;1.19;0;1.19;0;0;Matches
2412;Nikola Štulić;rs SRB;FW;Lecce;it Serie A;24-200;2001;28;18;1,523;16.9;3;0;3;2;1;1;1;0;0.18;0;0.18;0.12;0.12;Matches
2413;Denis Suárez;es ESP;MF;Alavés;es La Liga;32-080;1994;22;11;1,062;11.8;1;1;2;1;0;0;5;0;0.08;0.08;0.17;0.08;0.17;Matches
2414;Gabriel Suazo;cl CHI;DF,MF;Sevilla;es La Liga;28-230;1997;21;19;1,564;17.4;0;2;2;0;0;0;6;0;0;0.12;0.12;0;0.12;Matches
2415;Luka Sučić;hr CRO;FW,MF;Real Sociedad;es La Liga;23-200;2002;14;6;579;6.4;2;1;3;2;0;0;1;0;0.31;0.16;0.47;0.31;0.47;Matches
2416;Petar Sucic;hr CRO;MF;Inter;it Serie A;22-153;2003;27;16;1,295;14.4;1;2;3;1;0;0;4;0;0.07;0.14;0.21;0.07;0.21;Matches
2417;Yukinari Sugawara;jp JPN;DF,MF;Werder Bremen;de Bundesliga;25-272;2000;25;24;2,091;23.2;0;4;4;0;0;0;1;0;0;0.17;0.17;0;0.17;Matches
2418;Pavel Šulc;cz CZE;FW,MF;Lyon;fr Ligue 1;25-088;2000;22;15;1,344;14.9;11;3;14;11;0;0;2;0;0.74;0.2;0.94;0.74;0.94;Matches
2419;Niklas Süle;de GER;DF;Dortmund;de Bundesliga;30-205;1995;9;6;442;4.9;0;1;1;0;0;0;3;0;0;0.2;0.2;0;0.2;Matches
2420;Ibrahim Sulemana;gh GHA;MF;Bologna;it Serie A;22-309;2003;3;0;45;0.5;0;0;0;0;0;0;1;0;0;0;0;0;0;Matches
2421;Ibrahim Sulemana;gh GHA;MF;Cagliari;it Serie A;22-309;2003;9;6;620;6.9;1;0;1;1;0;0;1;0;0.15;0;0.15;0.15;0.15;Matches
2422;Kamaldeen Sulemana;gh GHA;MF;Atalanta;it Serie A;24-040;2002;22;8;893;9.9;2;1;3;2;0;0;3;0;0.2;0.1;0.3;0.2;0.3;Matches
2423;Crysencio Summerville;nl NED;MF,FW;West Ham United;eng Premier League;24-148;2001;24;22;1,856;20.6;5;1;6;5;0;0;4;0;0.24;0.05;0.29;0.24;0.29;Matches
2424;Tomáš Suslov;sk SVK;FW,MF;Hellas Verona;it Serie A;23-293;2002;5;0;98;1.1;0;0;0;0;0;0;1;0;0;0;0;0;0;Matches
2425;Yuito Suzuki;jp JPN;MF;Freiburg;de Bundesliga;24-153;2001;22;16;1,440;16;4;2;6;4;0;0;3;0;0.25;0.12;0.37;0.25;0.37;Matches
2426;Zion Suzuki;jp JPN;GK;Parma;it Serie A;23-218;2002;13;13;1,170;13;0;0;0;0;0;0;1;0;0;0;0;0;0;Matches
2427;Mattias Svanberg;se SWE;MF;Wolfsburg;de Bundesliga;27-081;1999;20;7;743;8.3;3;1;4;3;0;0;5;1;0.36;0.12;0.48;0.36;0.48;Matches
2428;Daniel Svensson;se SWE;MF;Dortmund;de Bundesliga;24-043;2002;27;23;2,098;23.3;2;2;4;2;0;0;0;0;0.09;0.09;0.17;0.09;0.17;Matches
2429;Mile Svilar;rs SRB;GK;Roma;it Serie A;26-212;1999;30;30;2,700;30;0;0;0;0;0;0;0;0;0;0;0;0;0;Matches
2430;Williot Swedberg;se SWE;FW,MF;Celta Vigo;es La Liga;22-054;2004;21;9;880;9.8;3;2;5;3;0;0;2;0;0.31;0.2;0.51;0.31;0.51;Matches
2431;Lamine Sy;mr MTN;DF;Auxerre;fr Ligue 1;23-229;2002;18;13;1,141;12.7;0;0;0;0;0;0;0;0;0;0;0;0;0;Matches
2432;Abakar Sylla;ci CIV;DF;Strasbourg;fr Ligue 1;23-092;2002;1;0;2;0;0;0;0;0;0;0;0;0;0;0;0;0;0;Matches
2433;Abakar Sylla;ci CIV;DF;Nantes;fr Ligue 1;23-092;2002;2;1;65;0.7;0;0;0;0;0;0;0;0;0;0;0;0;0;Matches
2434;Fodé Sylla;fr FRA;MF;Lens;fr Ligue 1;19-345;2006;3;1;73;0.8;0;0;0;0;0;0;0;0;0;0;0;0;0;Matches
2435;Wojciech Szczęsny;pl POL;GK;Barcelona;es La Liga;35-343;1990;6;6;540;6;0;0;0;0;0;0;0;0;0;0;0;0;0;Matches
2436;Dominik Szoboszlai;hu HUN;MF,DF;Liverpool;eng Premier League;25-153;2000;29;29;2,601;28.9;5;3;8;5;0;1;7;1;0.17;0.1;0.28;0.17;0.28;Matches
2437;Sebastian Szymański;pl POL;MF;Rennes;fr Ligue 1;26-321;1999;9;6;467;5.2;1;2;3;1;0;0;0;0;0.19;0.39;0.58;0.19;0.58;Matches
2438;Alexander Sørloth;no NOR;FW;Atlético Madrid;es La Liga;30-112;1995;28;17;1,560;17.3;10;0;10;10;0;0;4;1;0.58;0;0.58;0.58;0.58;Matches
2439;Jocelin Ta Bi;ci CIV;MF;Sunderland;eng Premier League;21-046;2005;1;1;38;0.4;0;0;0;0;0;0;0;0;0;0;0;0;0;Matches
2440;Musa Al-Taamari;jo JOR;MF,FW;Rennes;fr Ligue 1;28-290;1997;26;18;1,662;18.5;3;5;8;3;0;0;4;0;0.16;0.27;0.43;0.16;0.43;Matches
2441;Haris Tabakovic;ba BIH;FW;Gladbach;de Bundesliga;31-280;1994;26;23;1,935;21.5;11;3;14;11;0;2;2;0;0.51;0.14;0.65;0.51;0.65;Matches
2442;Nicolás Tagliafico;ar ARG;DF;Lyon;fr Ligue 1;33-208;1992;19;14;1,296;14.4;0;3;3;0;0;0;5;2;0;0.21;0.21;0;0.21;Matches
2443;Jonathan Tah;de GER;DF;Bayern Munich;de Bundesliga;30-044;1996;22;20;1,752;19.5;2;1;3;2;0;0;5;0;0.1;0.05;0.15;0.1;0.15;Matches
2444;Kōta Takai;jp JPN;DF;Gladbach;de Bundesliga;21-204;2004;6;3;337;3.7;0;0;0;0;0;0;1;0;0;0;0;0;0;Matches
2445;Chemsdine Talbi;ma MAR;MF,FW;Sunderland;eng Premier League;20-322;2005;23;14;1,325;14.7;4;1;5;4;0;0;0;0;0.27;0.07;0.34;0.27;0.34;Matches
2446;Montassar Talbi;tn TUN;DF;Lorient;fr Ligue 1;27-305;1998;25;25;2,250;25;0;1;1;0;0;0;3;0;0;0.04;0.04;0;0.04;Matches
2447;Adrien Tameze;cm CMR;DF;Torino;it Serie A;32-051;1994;22;12;1,111;12.3;0;0;0;0;0;0;3;0;0;0;0;0;0;Matches
2448;Ao Tanaka;jp JPN;MF;Leeds United;eng Premier League;27-198;1998;21;7;769;8.5;2;0;2;2;0;0;1;0;0.23;0;0.23;0.23;0.23;Matches
2449;Axel Tapé;fr FRA;MF,DF;Leverkusen;de Bundesliga;18-229;2007;6;2;222;2.5;0;0;0;0;0;0;1;0;0;0;0;0;0;Matches
2450;Edmond Tapsoba;bf BFA;DF;Leverkusen;de Bundesliga;27-053;1999;22;22;1,945;21.6;4;2;6;4;0;0;5;0;0.19;0.09;0.28;0.19;0.28;Matches
2451;James Tarkowski;eng ENG;DF;Everton;eng Premier League;33-128;1992;30;30;2,700;30;1;1;2;1;0;0;5;0;0.03;0.03;0.07;0.03;0.07;Matches
2452;César Tárrega;es ESP;DF;Valencia;es La Liga;24-029;2002;23;20;1,788;19.9;0;0;0;0;0;0;5;0;0;0;0;0;0;Matches
2453;Tylel Tati;fr FRA;DF;Nantes;fr Ligue 1;18-067;2008;19;19;1,683;18.7;0;0;0;0;0;0;5;0;0;0;0;0;0;Matches
2454;Nuno Tavares;pt POR;DF;Lazio;it Serie A;26-060;2000;17;12;1,016;11.3;0;0;0;0;0;0;3;0;0;0;0;0;0;Matches
2455;Marcus Tavernier;eng ENG;MF;Bournemouth;eng Premier League;27-005;1999;27;24;2,122;23.6;5;4;9;3;2;2;4;0;0.21;0.17;0.38;0.13;0.3;Matches
2456;Kenneth Taylor;nl NED;MF;Lazio;it Serie A;23-315;2002;11;11;960;10.7;3;0;3;3;0;0;3;0;0.28;0;0.28;0.28;0.28;Matches
2457;Loum Tchaouna;fr FRA;MF,FW;Burnley;eng Premier League;22-200;2003;23;9;858;9.5;1;0;1;1;0;0;1;0;0.1;0;0.1;0.1;0.1;Matches
2458;Jackson Tchatchoua;cm CMR;MF,DF;Wolves;eng Premier League;24-194;2001;28;17;1,705;18.9;0;1;1;0;0;0;3;0;0;0.05;0.05;0;0.05;Matches
2459;Aurélien Tchouaméni;fr FRA;MF;Real Madrid;es La Liga;26-059;2000;26;25;2,146;23.8;1;0;1;1;0;0;7;0;0.04;0;0.04;0.04;0.04;Matches
2460;Mathys Tel;fr FRA;MF,FW;Tottenham Hotspur;eng Premier League;20-334;2005;24;9;906;10.1;3;0;3;3;0;0;0;0;0.3;0;0.3;0.3;0.3;Matches
2461;Nathan Tella;ng NGA;MF;Leverkusen;de Bundesliga;26-265;1999;12;5;488;5.4;0;2;2;0;0;0;2;0;0;0.37;0.37;0;0.37;Matches
2462;Nahuel Tenaglia;ar ARG;DF;Alavés;es La Liga;30-034;1996;27;27;2,429;27;1;0;1;1;0;0;2;0;0.04;0;0.04;0.04;0.04;Matches
2463;Arnau Tenas;es ESP;GK;Villarreal;es La Liga;24-301;2001;3;3;270;3;0;0;0;0;0;0;0;0;0;0;0;0;0;Matches
2464;Marc-André ter Stegen;de GER;GK;Girona;es La Liga;33-331;1992;2;2;180;2;0;0;0;0;0;0;0;0;0;0;0;0;0;Matches
2465;Filippo Terracciano;it ITA;DF;Cremonese;it Serie A;23-047;2003;28;25;2,317;25.7;2;0;2;2;0;0;5;0;0.08;0;0.08;0.08;0.08;Matches
2466;Pietro Terracciano;it ITA;GK;Milan;it Serie A;36-019;1990;2;1;125;1.4;0;0;0;0;0;0;0;0;0;0;0;0;0;Matches
2467;Ramón Terrats;es ESP;MF;Espanyol;es La Liga;25-160;2000;21;8;724;8;1;1;2;1;0;0;0;0;0.12;0.12;0.25;0.12;0.25;Matches
2468;Martin Terrier;fr FRA;MF,FW;Leverkusen;de Bundesliga;29-023;1997;18;7;675;7.5;4;1;5;4;0;0;1;0;0.53;0.13;0.67;0.53;0.67;Matches
2469;Tanner Tessmann;us USA;MF;Lyon;fr Ligue 1;24-184;2001;25;21;1,803;20;1;0;1;1;0;0;2;0;0.05;0;0.05;0.05;0.05;Matches
2470;Kenny Tete;nl NED;DF;Fulham;eng Premier League;30-169;1995;22;21;1,791;19.9;1;0;1;1;0;0;2;0;0.05;0;0.05;0.05;0.05;Matches
2471;Jordan Teze;nl NED;MF,DF;Monaco;fr Ligue 1;26-178;1999;26;21;1,953;21.7;0;1;1;0;0;0;8;0;0;0.05;0.05;0;0.05;Matches
2472;Florian Thauvin;fr FRA;MF;Lens;fr Ligue 1;33-060;1993;27;26;2,125;23.6;9;5;14;7;2;3;5;0;0.38;0.21;0.59;0.3;0.51;Matches
2473;Arthur Theate;be BEL;DF;Eintracht Frankfurt;de Bundesliga;25-306;2000;20;20;1,791;19.9;1;0;1;1;0;0;8;0;0.05;0;0.05;0.05;0.05;Matches
2474;Igor Thiago;br BRA;FW;Brentford;eng Premier League;24-274;2001;31;30;2,652;29.5;19;1;20;13;6;7;6;0;0.64;0.03;0.68;0.44;0.48;Matches
2475;Malick Thiaw;de GER;DF;Newcastle United;eng Premier League;24-231;2001;28;26;2,335;25.9;4;0;4;4;0;0;3;0;0.15;0;0.15;0.15;0.15;Matches
2476;Jan Thielmann;de GER;MF,FW;Köln;de Bundesliga;23-305;2002;20;17;1,292;14.4;3;1;4;3;0;0;4;0;0.21;0.07;0.28;0.21;0.28;Matches
2477;Adrien Thomasson;fr FRA;MF;Lens;fr Ligue 1;32-107;1993;26;26;2,233;24.8;2;8;10;2;0;0;8;0;0.08;0.32;0.4;0.08;0.4;Matches
2478;Morten Thorsby;no NOR;MF;Genoa;it Serie A;29-326;1996;13;8;731;8.1;2;1;3;2;0;0;2;0;0.25;0.12;0.37;0.25;0.37;Matches
2479;Morten Thorsby;no NOR;MF;Cremonese;it Serie A;29-326;1996;7;6;478;5.3;1;0;1;1;0;0;1;0;0.19;0;0.19;0.19;0.19;Matches
2480;Kristian Thorstvedt;no NOR;MF;Sassuolo;it Serie A;27-014;1999;24;19;1,740;19.3;3;3;6;3;0;0;6;0;0.16;0.16;0.31;0.16;0.31;Matches
2481;Khéphren Thuram;fr FRA;MF;Juventus;it Serie A;25-001;2001;28;25;2,031;22.6;2;2;4;2;0;0;0;0;0.09;0.09;0.18;0.09;0.18;Matches
2482;Marcus Thuram;fr FRA;FW;Inter;it Serie A;28-233;1997;23;18;1,470;16.3;7;3;10;7;0;0;2;0;0.43;0.18;0.61;0.43;0.61;Matches
2483;Cheikh Tidiane Sabaly;sn SEN;MF,FW;Metz;fr Ligue 1;27-023;1999;14;12;967;10.7;0;2;2;0;0;0;2;0;0;0.19;0.19;0;0.19;Matches
2484;Youri Tielemans;be BEL;MF;Aston Villa;eng Premier League;28-324;1997;18;15;1,322;14.7;0;4;4;0;0;0;0;0;0;0.27;0.27;0;0.27;Matches
2485;Phillip Tietz;de GER;FW;Augsburg;de Bundesliga;28-261;1997;10;0;198;2.2;1;0;1;1;0;0;2;0;0.45;0;0.45;0.45;0.45;Matches
2486;Phillip Tietz;de GER;FW;Mainz 05;de Bundesliga;28-261;1997;12;12;1,004;11.2;1;1;2;1;0;1;2;0;0.09;0.09;0.18;0.09;0.18;Matches
2487;Malik Tillman;us USA;MF;Leverkusen;de Bundesliga;23-303;2002;22;17;1,537;17.1;5;1;6;5;0;0;1;0;0.29;0.06;0.35;0.29;0.35;Matches
2488;Jurriën Timber;nl NED;DF;Arsenal;eng Premier League;24-283;2001;30;28;2,454;27.3;3;5;8;3;0;0;5;0;0.11;0.18;0.29;0.11;0.29;Matches
2489;Quinten Timber;nl NED;MF;Marseille;fr Ligue 1;24-283;2001;9;9;714;7.9;0;0;0;0;0;0;2;0;0;0;0;0;0;Matches
2490;Jean-Clair Todibo;fr FRA;DF;West Ham United;eng Premier League;26-087;1999;20;20;1,698;18.9;0;1;1;0;0;0;4;1;0;0.05;0.05;0;0.05;Matches
2491;Umut Tohumcu;de GER;MF;Hoffenheim;de Bundesliga;21-228;2004;5;1;136;1.5;0;0;0;0;0;0;2;0;0;0;0;0;0;Matches
2492;Corentin Tolisso;fr FRA;MF;Lyon;fr Ligue 1;31-236;1994;24;22;1,891;21;7;1;8;6;1;2;4;0;0.33;0.05;0.38;0.29;0.33;Matches
2493;Jeremy Toljan;de GER;DF;Levante;es La Liga;31-231;1994;28;28;2,422;26.9;1;3;4;1;0;0;7;0;0.04;0.11;0.15;0.04;0.15;Matches
2494;Tiago Tomás;pt POR;MF;Stuttgart;de Bundesliga;23-284;2002;20;8;807;9;4;2;6;4;0;0;3;0;0.45;0.22;0.67;0.45;0.67;Matches
2495;Fikayo Tomori;eng ENG;DF;Milan;it Serie A;28-098;1997;27;25;2,135;23.7;0;2;2;0;0;0;5;0;0;0.08;0.08;0;0.08;Matches
2496;Sandro Tonali;it ITA;MF;Newcastle United;eng Premier League;25-323;2000;29;25;2,038;22.6;0;2;2;0;0;0;3;0;0;0.09;0.09;0;0.09;Matches
2497;Keke Topp;de GER;FW;Werder Bremen;de Bundesliga;22-002;2004;20;7;638;7.1;1;1;2;1;0;0;4;0;0.14;0.14;0.28;0.14;0.28;Matches
2498;Pablo Torre;es ESP;MF;Mallorca;es La Liga;22-358;2003;26;11;977;10.9;3;2;5;3;0;0;3;0;0.28;0.18;0.46;0.28;0.46;Matches
2499;Jofre Torrents;es ESP;DF;Barcelona;es La Liga;19-058;2007;3;0;50;0.6;0;0;0;0;0;0;0;0;0;0;0;0;0;Matches
2500;Ferrán Torres;es ESP;FW;Barcelona;es La Liga;26-026;2000;26;19;1,559;17.3;12;1;13;12;0;0;2;0;0.69;0.06;0.75;0.69;0.75;Matches
2501;Pau Torres;es ESP;DF;Aston Villa;eng Premier League;29-070;1997;17;15;1,388;15.4;0;0;0;0;0;0;0;0;0;0;0;0;0;Matches
2502;Lucas Torró;es ESP;MF;Osasuna;es La Liga;31-251;1994;26;25;1,838;20.4;0;1;1;0;0;0;6;0;0;0.05;0.05;0;0.05;Matches
2503;Jordan Torunarigha;de GER;DF;Hamburger SV;de Bundesliga;28-232;1997;18;15;1,432;15.9;0;0;0;0;0;0;1;0;0;0;0;0;0;Matches
2504;Alex Tóth;hu HUN;MF;Bournemouth;eng Premier League;20-155;2005;4;1;74;0.8;0;0;0;0;0;0;1;0;0;0;0;0;0;Matches
2505;Abdoulaye Touré;gn GUI;MF;Le Havre;fr Ligue 1;32-024;1994;11;8;740;8.2;2;0;2;2;0;1;2;0;0.24;0;0.24;0.24;0.24;Matches
2506;Alpha Touré;sn SEN;MF;Metz;fr Ligue 1;20-061;2006;27;13;1,391;15.5;0;1;1;0;0;0;5;0;0;0.06;0.06;0;0.06;Matches
2507;Bazoumana Touré;ci CIV;MF,FW;Hoffenheim;de Bundesliga;20-025;2006;23;22;1,764;19.6;2;7;9;2;0;0;2;0;0.1;0.36;0.46;0.1;0.46;Matches
2508;Idrissa Touré;de GER;MF;Pisa;it Serie A;27-332;1998;25;23;1,988;22.1;1;0;1;1;0;0;3;1;0.05;0;0.05;0.05;0.05;Matches
2509;Ousmane Toure;fr FRA;DF;Lille;fr Ligue 1;21-037;2005;1;1;51;0.6;0;0;0;0;0;0;0;0;0;0;0;0;0;Matches
2510;Lucas Tousart;fr FRA;MF;Brest;fr Ligue 1;28-332;1997;19;5;528;5.9;0;0;0;0;0;0;0;0;0;0;0;0;0;Matches
2511;James Trafford;eng ENG;GK;Manchester City;eng Premier League;23-168;2002;3;3;270;3;0;0;0;0;0;0;0;0;0;0;0;0;0;Matches
2512;Mattéo Tramoni;fr FRA;MF,FW;Pisa;it Serie A;26-066;2000;24;18;1,368;15.2;2;2;4;1;1;1;3;0;0.13;0.13;0.26;0.07;0.2;Matches
2513;Adama Traoré;es ESP;FW,MF;West Ham United;eng Premier League;30-061;1996;7;0;91;1;0;0;0;0;0;0;1;0;0;0;0;0;0;Matches
2514;Adama Traoré;es ESP;MF;Fulham;eng Premier League;30-061;1996;15;1;274;3;0;0;0;0;0;0;0;0;0;0;0;0;0;Matches
2515;Bertrand Traoré;bf BFA;MF,FW;Sunderland;eng Premier League;30-202;1995;12;9;632;7;1;0;1;1;0;0;1;0;0.14;0;0.14;0.14;0.14;Matches
2516;Boubacar Traoré;ml MLI;MF;Metz;fr Ligue 1;24-219;2001;19;16;1,361;15.1;1;0;1;1;0;0;3;0;0.07;0;0.07;0.07;0.07;Matches
2517;Hamari Traoré;ml MLI;DF;Paris FC;fr Ligue 1;34-059;1992;11;11;860;9.6;0;1;1;0;0;0;3;0;0;0.1;0.1;0;0.1;Matches
2518;Omar Traoré;de GER;DF,MF;Heidenheim;de Bundesliga;28-051;1998;24;15;1,381;15.3;0;2;2;0;0;0;2;0;0;0.13;0.13;0;0.13;Matches
2519;Kevin Trapp;de GER;GK;Paris FC;fr Ligue 1;35-262;1990;16;16;1,440;16;0;0;0;0;0;0;2;0;0;0;0;0;0;Matches
2520;Óscar Trejo;ar ARG;FW,MF;Rayo Vallecano;es La Liga;37-335;1988;6;0;79;0.9;0;0;0;0;0;0;2;0;0;0;0;0;0;Matches
2521;Yael Trepy;;FW;Cagliari;it Serie A;;;7;0;88;1;1;0;1;1;0;0;0;0;1.02;0;1.02;1.02;1.02;Matches
2522;Mike Trésor;be BEL;FW,MF;Burnley;eng Premier League;26-303;1999;4;0;23;0.3;0;0;0;0;0;0;0;0;0;0;0;0;0;Matches
2523;Philipp Treu;de GER;DF,MF;Freiburg;de Bundesliga;25-114;2000;23;20;1,799;20;1;2;3;1;0;0;2;0;0.05;0.1;0.15;0.05;0.15;Matches
2524;Christopher Trimmel;at AUT;MF,DF;Union Berlin;de Bundesliga;39-031;1987;24;18;1,538;17.1;0;2;2;0;0;0;7;0;0;0.12;0.12;0;0.12;Matches
2525;Kieran Trippier;eng ENG;DF;Newcastle United;eng Premier League;35-189;1990;18;17;1,456;16.2;0;1;1;0;0;0;3;0;0;0.06;0.06;0;0.06;Matches
2526;Mariano Troilo;ar ARG;DF;Parma;it Serie A;22-278;2003;14;11;995;11.1;1;0;1;1;0;0;7;2;0.09;0;0.09;0.09;0.09;Matches
2527;Leandro Trossard;be BEL;FW,MF;Arsenal;eng Premier League;31-113;1994;26;18;1,677;18.6;5;5;10;5;0;0;1;0;0.27;0.27;0.54;0.27;0.54;Matches
2528;Adrien Truffert;fr FRA;DF;Bournemouth;eng Premier League;24-127;2001;31;31;2,749;30.5;0;3;3;0;0;0;3;0;0;0.1;0.1;0;0.1;Matches
2529;Kostas Tsimikas;gr GRE;MF;Roma;it Serie A;29-319;1996;16;6;598;6.6;0;0;0;0;0;0;1;0;0;0;0;0;0;Matches
2530;Heorhii Tsitaishvili;ge GEO;MF;Metz;fr Ligue 1;25-129;2000;27;22;1,909;21.2;2;2;4;2;0;0;2;0;0.09;0.09;0.19;0.09;0.19;Matches
2531;Viktor Tsyhankov;ua UKR;MF;Girona;es La Liga;28-132;1997;23;22;1,831;20.3;5;4;9;5;0;0;2;0;0.25;0.2;0.44;0.25;0.44;Matches
2532;Axel Tuanzebe;cd COD;DF;Burnley;eng Premier League;28-133;1997;11;11;931;10.3;1;0;1;1;0;0;1;0;0.1;0;0.1;0.1;0.1;Matches
2533;Kareem Tunde;es ESP;MF;Levante;es La Liga;20-220;2005;13;11;798;8.9;0;1;1;0;0;0;3;0;0;0.11;0.11;0;0.11;Matches
2534;Stefano Turati;it ITA;GK;Sassuolo;it Serie A;24-203;2001;1;1;90;1;0;0;0;0;0;0;0;0;0;0;0;0;0;Matches
2535;Beñat Turrientes;es ESP;MF;Real Sociedad;es La Liga;24-055;2002;19;10;853;9.5;0;3;3;0;0;0;5;0;0;0.32;0.32;0;0.32;Matches
2536;Stefanos Tzimas;gr GRE;FW;Brighton;eng Premier League;20-080;2006;9;1;139;1.5;1;1;2;1;0;0;0;0;0.65;0.65;1.29;0.65;1.29;Matches
2537;Christantus Uche;ng NGA;FW;Crystal Palace;eng Premier League;22-312;2003;14;0;173;1.9;0;0;0;0;0;0;0;0;0;0;0;0;0;Matches
2538;Christantus Uche;ng NGA;FW;Getafe;es La Liga;22-312;2003;3;3;270;3;1;1;2;1;0;0;1;0;0.33;0.33;0.67;0.33;0.67;Matches
2539;Destiny Udogie;it ITA;DF,MF;Tottenham Hotspur;eng Premier League;23-119;2002;14;8;843;9.4;0;1;1;0;0;0;3;0;0;0.11;0.11;0;0.11;Matches
2540;Matthieu Udol;fr FRA;MF,DF;Lens;fr Ligue 1;30-007;1996;27;27;2,417;26.9;1;7;8;1;0;0;2;0;0.04;0.26;0.3;0.04;0.3;Matches
2541;Manuel Ugarte;uy URU;MF;Manchester Utd;eng Premier League;24-350;2001;21;7;797;8.9;0;0;0;0;0;0;1;0;0;0;0;0;0;Matches
2542;Lesley Ugochukwu;fr FRA;MF;Burnley;eng Premier League;22-001;2004;30;22;1,973;21.9;3;1;4;3;0;0;3;1;0.14;0.05;0.18;0.14;0.18;Matches
2543;Filip Ugrinic;ch SUI;MF;Valencia;es La Liga;27-081;1999;18;12;1,030;11.4;0;3;3;0;0;0;3;0;0;0.26;0.26;0;0.26;Matches
2544;Lukas Ullrich;de GER;MF,DF;Gladbach;de Bundesliga;22-011;2004;19;12;1,119;12.4;0;0;0;0;0;0;2;0;0;0;0;0;0;Matches
2545;Sven Ulreich;de GER;GK;Bayern Munich;de Bundesliga;37-236;1988;1;1;90;1;0;0;0;0;0;0;1;0;0;0;0;0;0;Matches
2546;Enes Ünal;tr TUR;FW;Bournemouth;eng Premier League;28-321;1997;17;0;186;2.1;1;0;1;1;0;0;1;0;0.48;0;0.48;0.48;0.48;Matches
2547;Deniz Undav;de GER;FW,MF;Stuttgart;de Bundesliga;29-251;1996;23;19;1,727;19.2;18;6;24;18;0;0;4;0;0.94;0.31;1.25;0.94;1.25;Matches
2548;Dayot Upamecano;fr FRA;DF;Bayern Munich;de Bundesliga;27-151;1998;22;20;1,659;18.4;1;1;2;1;0;0;4;0;0.05;0.05;0.11;0.05;0.11;Matches
2549;Jan Urbich;de GER;DF;Gladbach;de Bundesliga;21-277;2004;3;0;39;0.4;0;0;0;0;0;0;0;0;0;0;0;0;0;Matches
2550;Jonas Urbig;de GER;GK;Bayern Munich;de Bundesliga;22-231;2003;9;7;720;8;0;0;0;0;0;0;0;0;0;0;0;0;0;Matches
2551;Can Uzun;tr TUR;MF;Eintracht Frankfurt;de Bundesliga;20-136;2005;15;11;811;9;6;3;9;5;1;1;2;0;0.67;0.33;1;0.55;0.89;Matches
2552;Josha Vagnoman;de GER;DF,MF;Stuttgart;de Bundesliga;25-106;2000;22;16;1,418;15.8;1;3;4;1;0;0;3;0;0.06;0.19;0.25;0.06;0.25;Matches
2553;Victor Valdepeñas;es ESP;DF;Real Madrid;es La Liga;19-158;2006;1;1;77;0.9;0;0;0;0;0;0;0;0;0;0;0;0;0;Matches
2554;Hákon Valdimarsson;is ISL;GK;Brentford;eng Premier League;24-165;2001;1;1;90;1;0;0;0;0;0;0;0;0;0;0;0;0;0;Matches
2555;Lautaro Valenti;ar ARG;DF;Parma;it Serie A;27-072;1999;22;20;1,832;20.4;0;0;0;0;0;0;6;0;0;0;0;0;0;Matches
2556;Óscar Valentín;es ESP;MF;Rayo Vallecano;es La Liga;31-219;1994;25;19;1,623;18;1;0;1;1;0;0;3;1;0.06;0;0.06;0.06;0.06;Matches
2557;Nicolás Valentini;ar ARG;DF;Hellas Verona;it Serie A;24-355;2001;15;11;1,019;11.3;0;0;0;0;0;0;3;0;0;0;0;0;0;Matches
2558;Germán Valera;es ESP;MF,DF;Elche;es La Liga;24-011;2002;28;26;2,218;24.6;4;4;8;4;0;0;3;0;0.16;0.16;0.32;0.16;0.32;Matches
2559;Emanuele Valeri;it ITA;MF,DF;Parma;it Serie A;27-110;1998;26;22;2,031;22.6;0;2;2;0;0;0;2;0;0;0.09;0.09;0;0.09;Matches
2560;Martin Valjent;sk SVK;DF;Mallorca;es La Liga;30-106;1995;29;29;2,610;29;0;0;0;0;0;0;4;0;0;0;0;0;0;Matches
2561;Álex Valle;es ESP;DF;Como;it Serie A;21-336;2004;23;18;1,653;18.4;0;4;4;0;0;0;2;0;0;0.22;0.22;0;0.22;Matches
2562;Álvaro Vallés;es ESP;GK;Real Betis;es La Liga;28-245;1997;20;20;1,800;20;0;0;0;0;0;0;1;0;0;0;0;0;0;Matches
2563;Federico Valverde;uy URU;MF,DF;Real Madrid;es La Liga;27-248;1998;28;26;2,290;25.4;4;7;11;4;0;0;2;1;0.16;0.28;0.43;0.16;0.43;Matches
2564;Ignace Van Der Brempt;be BEL;DF,MF;Como;it Serie A;23-360;2002;14;9;755;8.4;0;1;1;0;0;0;2;0;0;0.12;0.12;0;0.12;Matches
2565;Virgil van Dijk;nl NED;DF;Liverpool;eng Premier League;34-262;1991;31;31;2,790;31;3;0;3;3;0;0;4;0;0.1;0;0.1;0.1;0.1;Matches
2566;Vladyslav Vanat;ua UKR;FW;Girona;es La Liga;24-082;2002;26;26;1,931;21.5;9;1;10;6;3;3;4;0;0.42;0.05;0.47;0.28;0.33;Matches
2567;Jari Vandeputte;be BEL;MF;Cremonese;it Serie A;30-041;1996;25;19;1,573;17.5;1;4;5;1;0;0;2;0;0.06;0.23;0.29;0.06;0.29;Matches
2568;Vanderson;br BRA;DF,MF;Monaco;fr Ligue 1;24-279;2001;14;7;616;6.8;0;2;2;0;0;0;4;0;0;0.29;0.29;0;0.29;Matches
2569;Maarten Vandevoordt;be BEL;GK;RB Leipzig;de Bundesliga;24-029;2002;6;5;512;5.7;0;0;0;0;0;0;0;0;0;0;0;0;0;Matches
2570;Charles Vanhoutte;be BEL;MF;Nice;fr Ligue 1;27-192;1998;21;19;1,606;17.8;0;2;2;0;0;0;7;0;0;0.11;0.11;0;0.11;Matches
2571;Jamie Vardy;eng ENG;FW;Cremonese;it Serie A;39-075;1987;25;21;1,827;20.3;5;2;7;5;0;0;4;0;0.25;0.1;0.34;0.25;0.34;Matches
2572;Obed Vargas;mx MEX;MF;Atlético Madrid;es La Liga;20-234;2005;3;1;128;1.4;0;0;0;0;0;0;1;0;0;0;0;0;0;Matches
2573;Ruben Vargas;ch SUI;MF,FW;Sevilla;es La Liga;27-234;1998;15;12;986;11;3;4;7;2;1;1;1;0;0.27;0.37;0.64;0.18;0.55;Matches
2574;Nikola Vasilj;ba BIH;GK;St Pauli;de Bundesliga;30-115;1995;27;27;2,430;27;0;0;0;0;0;0;0;0;0;0;0;0;0;Matches
2575;Johan Vásquez;mx MEX;DF;Genoa;it Serie A;27-156;1998;30;30;2,675;29.7;0;0;0;0;0;0;2;0;0;0;0;0;0;Matches
2576;Denis Vavro;sk SVK;DF;Wolfsburg;de Bundesliga;29-351;1996;10;6;558;6.2;1;0;1;1;0;0;1;0;0.16;0;0.16;0.16;0.16;Matches
2577;José Luis García Vayá;es ESP;MF;Valencia;es La Liga;27-228;1998;23;20;1,703;18.9;2;0;2;1;1;3;3;0;0.11;0;0.11;0.05;0.05;Matches
2578;Robinio Vaz;fr FRA;FW;Marseille;fr Ligue 1;19-038;2007;14;3;379;4.2;4;2;6;4;0;0;2;0;0.95;0.47;1.42;0.95;1.42;Matches
2579;Robinio Vaz;fr FRA;FW;Roma;it Serie A;19-038;2007;7;0;138;1.5;1;0;1;1;0;0;0;0;0.65;0;0.65;0.65;0.65;Matches
2580;Franco Vázquez;ar ARG;FW,MF;Cremonese;it Serie A;37-033;1989;15;4;524;5.8;1;1;2;1;0;0;1;0;0.17;0.17;0.34;0.17;0.34;Matches
2581;Jesus Vazquez;es ESP;DF,MF;Valencia;es La Liga;23-084;2003;17;5;741;8.2;0;0;0;0;0;0;2;0;0;0;0;0;0;Matches
2582;Lucas Vázquez;es ESP;MF;Leverkusen;de Bundesliga;34-269;1991;9;5;393;4.4;1;2;3;1;0;0;2;0;0.23;0.46;0.69;0.23;0.69;Matches
2583;Luis Vázquez;ar ARG;FW;Getafe;es La Liga;24-337;2001;9;9;710;7.9;2;0;2;2;0;0;0;0;0.25;0;0.25;0.25;0.25;Matches
2584;Matías Vecino;uy URU;MF;Lazio;it Serie A;34-215;1991;13;5;603;6.7;0;1;1;0;0;0;1;0;0;0.15;0.15;0;0.15;Matches
2585;Matías Vecino;uy URU;MF;Celta Vigo;es La Liga;34-215;1991;3;1;72;0.8;0;0;0;0;0;0;0;0;0;0;0;0;0;Matches
2586;Danilo Veiga;pt POR;DF;Lecce;it Serie A;23-183;2002;28;25;2,351;26.1;0;1;1;0;0;0;7;0;0;0.04;0.04;0;0.04;Matches
2587;Renato Veiga;pt POR;DF;Villarreal;es La Liga;22-241;2003;25;20;1,851;20.6;0;0;0;0;0;0;3;1;0;0;0;0;0;Matches
2588;Joël Veltman;nl NED;DF;Brighton;eng Premier League;34-071;1992;19;8;850;9.4;1;0;1;1;0;0;4;0;0.11;0;0.11;0.11;0.11;Matches
2589;Micky van de Ven;nl NED;DF;Tottenham Hotspur;eng Premier League;24-342;2001;28;28;2,411;26.8;4;1;5;4;0;0;7;1;0.15;0.04;0.19;0.15;0.19;Matches
2590;Unai Vencedor Paris;es ESP;MF;Levante;es La Liga;25-132;2000;16;11;812;9;0;0;0;0;0;0;3;1;0;0;0;0;0;Matches
2591;Lorenzo Venturino;it ITA;FW;Genoa;it Serie A;19-278;2006;2;0;40;0.4;0;0;0;0;0;0;0;0;0;0;0;0;0;Matches
2592;Lorenzo Venturino;it ITA;MF;Roma;it Serie A;19-278;2006;7;1;154;1.7;0;0;0;0;0;0;0;0;0;0;0;0;0;Matches
2593;Nikolas Veratschnig;at AUT;MF,DF;Mainz 05;de Bundesliga;23-062;2003;17;4;468;5.2;0;1;1;0;0;0;2;0;0;0.19;0.19;0;0.19;Matches
2594;Bart Verbruggen;nl NED;GK;Brighton;eng Premier League;23-221;2002;31;31;2,790;31;0;0;0;0;0;0;3;0;0;0;0;0;0;Matches
2595;Calvin Verdonk;id IDN;DF;Lille;fr Ligue 1;28-335;1997;13;7;717;8;0;0;0;0;0;0;3;1;0;0;0;0;0;Matches
2596;Antonio Vergara;it ITA;MF;Napoli;it Serie A;23-070;2003;11;8;601;6.7;1;2;3;1;0;0;2;0;0.15;0.3;0.45;0.15;0.45;Matches
2597;Arthur Vermeeren;be BEL;MF;Marseille;fr Ligue 1;21-048;2005;14;8;624;6.9;0;1;1;0;0;0;1;1;0;0.14;0.14;0;0.14;Matches
2598;Ioan Vermeșan;ro ROU;FW;Hellas Verona;it Serie A;19-160;2006;1;0;9;0.1;0;0;0;0;0;0;0;0;0;0;0;0;0;Matches
2599;Jozhua Vertrouwd;nl NED;DF;Rayo Vallecano;es La Liga;21-218;2004;7;1;276;3.1;0;0;0;0;0;0;0;0;0;0;0;0;0;Matches
2600;Mikel Vesga;es ESP;MF;Athletic Club;es La Liga;32-310;1993;19;1;391;4.3;0;0;0;0;0;0;0;0;0;0;0;0;0;Matches
2601;Guglielmo Vicario;it ITA;GK;Tottenham Hotspur;eng Premier League;29-171;1996;31;31;2,790;31;0;0;0;0;0;0;1;0;0;0;0;0;0;Matches
2602;Carlos Vicente;es ESP;MF;Alavés;es La Liga;26-338;1999;21;11;1,258;14;5;0;5;2;3;3;1;0;0.36;0;0.36;0.14;0.14;Matches
2603;Nacho Vidal;es ESP;DF;Oviedo;es La Liga;31-062;1995;20;19;1,579;17.5;0;0;0;0;0;0;4;0;0;0;0;0;0;Matches
2604;Fabio Vieira;pt POR;MF,FW;Hamburger SV;de Bundesliga;25-301;2000;22;18;1,591;17.7;5;5;10;4;1;1;4;2;0.28;0.28;0.57;0.23;0.51;Matches
2605;Julián Vignolo;ar ARG;MF;Toulouse;fr Ligue 1;19-110;2006;12;1;194;2.2;2;0;2;2;0;0;0;0;0.93;0;0.93;0.93;0.93;Matches
2606;Gonzalo Villar;es ESP;MF;Elche;es La Liga;28-004;1998;3;0;62;0.7;0;0;0;0;0;0;1;0;0;0;0;0;0;Matches
2607;Federico Viñas;uy URU;FW,MF;Oviedo;es La Liga;27-270;1998;25;20;1,788;19.9;6;1;7;4;2;2;4;3;0.3;0.05;0.35;0.2;0.25;Matches
2608;Jan Virgili;es ESP;MF,FW;Mallorca;es La Liga;19-244;2006;22;17;1,445;16.1;0;4;4;0;0;0;0;1;0;0.25;0.25;0;0.25;Matches
2609;Mattia Viti;it ITA;MF,DF;Fiorentina;it Serie A;24-062;2002;10;2;265;2.9;0;0;0;0;0;0;3;1;0;0;0;0;0;Matches
2610;Martin Vitík;cz CZE;DF;Bologna;it Serie A;23-065;2003;17;13;1,221;13.6;0;0;0;0;0;0;3;0;0;0;0;0;0;Matches
2611;Vitinha;pt POR;MF;Paris Saint-Germain;fr Ligue 1;26-042;2000;25;22;1,945;21.6;1;7;8;1;0;0;2;0;0.05;0.32;0.37;0.05;0.37;Matches
2612;Vitinha;pt POR;FW,MF;Genoa;it Serie A;26-012;2000;28;22;1,694;18.8;5;1;6;5;0;0;4;0;0.27;0.05;0.32;0.27;0.32;Matches
2613;Daniel Vivian;es ESP;DF;Athletic Club;es La Liga;26-255;1999;24;23;2,098;23.3;1;0;1;1;0;0;8;1;0.04;0;0.04;0.04;0.04;Matches
2614;Odysseas Vlachodimos;gr GRE;GK;Sevilla;es La Liga;31-335;1994;25;25;2,250;25;0;0;0;0;0;0;1;0;0;0;0;0;0;Matches
2615;Dušan Vlahović;rs SRB;FW;Juventus;it Serie A;26-058;2000;14;8;692;7.7;3;1;4;2;1;1;0;0;0.39;0.13;0.52;0.26;0.39;Matches
2616;Nikola Vlašić;hr CRO;MF,FW;Torino;it Serie A;28-174;1997;29;28;2,338;26;7;3;10;3;4;4;7;0;0.27;0.12;0.38;0.12;0.23;Matches
2617;Mërgim Vojvoda;xk KVX;MF,DF;Como;it Serie A;31-054;1995;25;18;1,456;16.2;2;2;4;2;0;0;2;0;0.12;0.12;0.25;0.12;0.25;Matches
2618;Cristian Volpato;it ITA;FW;Sassuolo;it Serie A;22-132;2003;16;7;735;8.2;1;4;5;1;0;0;2;0;0.12;0.49;0.61;0.12;0.61;Matches
2619;Alexis Vossah;fr FRA;MF;Toulouse;fr Ligue 1;18-016;2008;18;8;767;8.5;1;1;2;1;0;0;3;1;0.12;0.12;0.23;0.12;0.23;Matches
2620;Aster Vranckx;be BEL;MF;Sassuolo;it Serie A;23-174;2002;15;9;687;7.6;0;0;0;0;0;0;2;0;0;0;0;0;0;Matches
2621;Stefan de Vrij;nl NED;DF;Inter;it Serie A;34-050;1992;8;5;410;4.6;0;0;0;0;0;0;1;0;0;0;0;0;0;Matches
2622;İsak Vural;tr TUR;MF;Pisa;it Serie A;19-303;2006;9;5;434;4.8;0;0;0;0;0;0;3;0;0;0;0;0;0;Matches
2623;Luka Vušković;hr CRO;DF;Hamburger SV;de Bundesliga;19-031;2007;24;24;2,160;24;5;0;5;4;1;1;5;0;0.21;0;0.21;0.17;0.17;Matches
2624;Yannik Wagner;de GER;FW;Heidenheim;de Bundesliga;18-322;2007;4;0;49;0.5;0;0;0;0;0;0;0;0;0;0;0;0;0;Matches
2625;Elye Wahi;fr FRA;FW;Nice;fr Ligue 1;23-084;2003;8;6;471;5.2;4;1;5;4;0;0;2;0;0.76;0.19;0.96;0.76;0.96;Matches
2626;Elye Wahi;fr FRA;FW;Eintracht Frankfurt;de Bundesliga;23-084;2003;10;3;324;3.6;0;1;1;0;0;0;1;0;0;0.28;0.28;0;0.28;Matches
2627;Hauke Wahl;de GER;DF;St Pauli;de Bundesliga;31-346;1994;23;23;2,025;22.5;2;0;2;2;0;0;1;0;0.09;0;0.09;0.09;0.09;Matches
2628;Luca Waldschmidt;de GER;FW,MF;Köln;de Bundesliga;29-312;1996;18;6;528;5.9;3;3;6;2;1;1;0;0;0.51;0.51;1.02;0.34;0.85;Matches
2629;Kyle Walker;eng ENG;DF,MF;Burnley;eng Premier League;35-303;1990;29;29;2,547;28.3;0;2;2;0;0;0;8;0;0;0.07;0.07;0;0.07;Matches
2630;Kyle Walker-Peters;eng ENG;DF;West Ham United;eng Premier League;28-348;1997;18;10;959;10.7;1;0;1;1;0;0;2;0;0.09;0;0.09;0.09;0.09;Matches
2631;Sebastian Walukiewicz;pl POL;DF;Sassuolo;it Serie A;25-356;2000;28;27;2,336;26;0;1;1;0;0;0;6;0;0;0.04;0.04;0;0.04;Matches
2632;Aaron Wan-Bissaka;cd COD;DF,MF;West Ham United;eng Premier League;28-121;1997;22;21;1,903;21.1;0;2;2;0;0;0;4;0;0;0.09;0.09;0;0.09;Matches
2633;James Ward-Prowse;eng ENG;MF;West Ham United;eng Premier League;31-146;1994;5;5;413;4.6;0;0;0;0;0;0;0;0;0;0;0;0;0;Matches
2634;James Ward-Prowse;eng ENG;MF;Burnley;eng Premier League;31-146;1994;6;3;317;3.5;0;1;1;0;0;0;1;0;0;0.28;0.28;0;0.28;Matches
2635;Ollie Watkins;eng ENG;FW;Aston Villa;eng Premier League;30-087;1995;30;27;2,293;25.5;9;1;10;9;0;0;3;0;0.35;0.04;0.39;0.35;0.39;Matches
2636;Tom Watson;eng ENG;MF;Brighton;eng Premier League;19-353;2006;6;0;62;0.7;0;0;0;0;0;0;1;0;0;0;0;0;0;Matches
2637;Timothy Weah;us USA;MF,DF;Marseille;fr Ligue 1;26-033;2000;24;22;1,853;20.6;2;2;4;2;0;0;3;0;0.1;0.1;0.19;0.1;0.19;Matches
2638;Tobias Weigel;de GER;FW;Heidenheim;de Bundesliga;18-335;2007;1;0;2;0;0;0;0;0;0;0;0;0;0;0;0;0;0;Matches
2639;Nelson Weiper;de GER;FW;Mainz 05;de Bundesliga;21-010;2005;18;3;511;5.7;0;0;0;0;0;0;1;0;0;0;0;0;0;Matches
2640;Danny Welbeck;eng ENG;FW;Brighton;eng Premier League;35-121;1990;30;20;1,826;20.3;12;0;12;11;1;3;5;0;0.59;0;0.59;0.54;0.54;Matches
2641;Timo Werner;de GER;FW,MF;RB Leipzig;de Bundesliga;30-021;1996;3;0;14;0.2;0;0;0;0;0;0;0;0;0;0;0;0;0;Matches
2642;Wesley;br BRA;MF;Roma;it Serie A;22-202;2003;26;24;2,109;23.4;4;0;4;4;0;0;7;1;0.17;0;0.17;0.17;0.17;Matches
2643;Wesley;br BRA;MF;Real Sociedad;es La Liga;21-022;2005;3;1;66;0.7;0;0;0;0;0;0;0;0;0;0;0;0;0;Matches
2644;Adam Wharton;eng ENG;MF;Crystal Palace;eng Premier League;22-049;2004;27;26;2,163;24;0;5;5;0;0;0;6;1;0;0.21;0.21;0;0.21;Matches
2645;Ben White;eng ENG;DF;Arsenal;eng Premier League;28-170;1997;7;5;411;4.6;0;1;1;0;0;0;0;0;0;0.22;0.22;0;0.22;Matches
2646;Silvan Widmer;ch SUI;MF;Mainz 05;de Bundesliga;33-022;1993;21;18;1,499;16.7;2;0;2;2;0;0;5;0;0.12;0;0.12;0.12;0.12;Matches
2647;Mats Wieffer;nl NED;DF;Brighton;eng Premier League;26-131;1999;21;18;1,571;17.5;0;3;3;0;0;0;7;0;0;0.17;0.17;0;0.17;Matches
2648;Iñaki Williams;gh GHA;MF,FW;Athletic Club;es La Liga;31-285;1994;21;17;1,490;16.6;2;4;6;1;1;1;1;0;0.12;0.24;0.36;0.06;0.3;Matches
2649;Neco Williams;wls WAL;DF;Nottingham Forest;eng Premier League;24-348;2001;30;30;2,618;29.1;1;3;4;1;0;0;5;1;0.03;0.1;0.14;0.03;0.14;Matches
2650;Nico Williams;es ESP;MF;Athletic Club;es La Liga;23-258;2002;19;15;1,308;14.5;4;2;6;3;1;2;1;0;0.28;0.14;0.41;0.21;0.34;Matches
2651;Estêvão Willian;br BRA;MF,FW;Chelsea;eng Premier League;18-337;2007;20;10;767;8.5;2;2;4;2;0;0;3;0;0.23;0.23;0.47;0.23;0.47;Matches
2652;Joe Willock;eng ENG;MF;Newcastle United;eng Premier League;26-219;1999;20;7;703;7.8;0;1;1;0;0;0;3;0;0;0.13;0.13;0;0.13;Matches
2653;Callum Wilson;eng ENG;FW,MF;West Ham United;eng Premier League;34-028;1992;25;10;1,049;11.7;5;1;6;5;0;0;0;0;0.43;0.09;0.51;0.43;0.51;Matches
2654;Harry Wilson;wls WAL;MF;Fulham;eng Premier League;29-005;1997;29;27;2,259;25.1;10;6;16;10;0;0;6;0;0.4;0.24;0.64;0.4;0.64;Matches
2655;Patrick Wimmer;at AUT;MF;Wolfsburg;de Bundesliga;24-301;2001;19;15;1,195;13.3;3;3;6;3;0;0;4;0;0.23;0.23;0.45;0.23;0.45;Matches
2656;Jonas Wind;dk DEN;FW;Wolfsburg;de Bundesliga;27-048;1999;10;4;401;4.5;0;0;0;0;0;0;1;0;0;0;0;0;0;Matches
2657;Ben Winterburn;eng ENG;MF;Bournemouth;eng Premier League;21-204;2004;1;0;7;0.1;0;0;0;0;0;0;0;0;0;0;0;0;0;Matches
2658;Florian Wirtz;de GER;MF;Liverpool;eng Premier League;22-328;2003;27;23;2,004;22.3;4;2;6;4;0;0;1;0;0.18;0.09;0.27;0.18;0.27;Matches
2659;Yoane Wissa;cd COD;FW;Newcastle United;eng Premier League;29-205;1996;13;4;431;4.8;1;0;1;1;0;0;1;0;0.21;0;0.21;0.21;0.21;Matches
2660;Axel Witsel;be BEL;MF;Girona;es La Liga;37-074;1989;23;21;1,818;20.2;1;2;3;1;0;0;2;1;0.05;0.1;0.15;0.05;0.15;Matches
2661;Marius Wolf;de GER;MF,FW;Augsburg;de Bundesliga;30-304;1995;22;8;677;7.5;1;0;1;1;0;0;2;0;0.13;0;0.13;0.13;0.13;Matches
2662;Nick Woltemade;de GER;MF;Stuttgart;de Bundesliga;24-041;2002;1;1;90;1;0;0;0;0;0;0;0;0;0;0;0;0;0;Matches
2663;Nick Woltemade;de GER;FW,MF;Newcastle United;eng Premier League;24-041;2002;27;21;1,664;18.5;7;3;10;6;1;1;0;0;0.38;0.16;0.54;0.32;0.49;Matches
2664;Jeong Woo-yeong;kr KOR;MF,FW;Union Berlin;de Bundesliga;26-188;1999;25;12;1,067;11.9;3;1;4;3;0;0;0;0;0.25;0.08;0.34;0.25;0.34;Matches
2665;Chris Wood;nz NZL;FW;Nottingham Forest;eng Premier League;34-110;1991;8;7;540;6;2;0;2;2;0;0;0;0;0.33;0;0.33;0.33;0.33;Matches
2666;Christopher Wooh;cm CMR;DF;Rennes;fr Ligue 1;24-190;2001;2;1;64;0.7;0;0;0;0;0;0;0;1;0;0;0;0;0;Matches
2667;Joe Worrall;eng ENG;DF;Burnley;eng Premier League;29-076;1997;11;5;500;5.6;0;0;0;0;0;0;0;0;0;0;0;0;0;Matches
2668;Daniel Xavier Semedo;fr FRA;MF;Lorient;fr Ligue 1;22-153;2003;1;0;11;0.1;0;0;0;0;0;0;0;0;0;0;0;0;0;Matches
2669;Granit Xhaka;ch SUI;MF;Sunderland;eng Premier League;33-181;1992;27;25;2,274;25.3;1;5;6;1;0;0;5;0;0.04;0.2;0.24;0.04;0.24;Matches
2670;Lamine Yamal;es ESP;MF,FW;Barcelona;es La Liga;18-257;2007;25;23;2,038;22.6;14;9;23;12;2;3;1;0;0.62;0.4;1.02;0.53;0.93;Matches
2671;Daniel Yáñez;es ESP;MF;Real Madrid;es La Liga;18-364;2007;1;0;33;0.4;0;1;1;0;0;0;0;0;0;2.73;2.73;0;2.73;Matches
2672;Roman Yaremchuk;ua UKR;FW;Lyon;fr Ligue 1;30-120;1995;5;1;168;1.9;0;1;1;0;0;0;0;0;0;0.54;0.54;0;0.54;Matches
2673;Yehor Yarmoliuk;ua UKR;MF;Brentford;eng Premier League;22-026;2004;31;24;2,133;23.7;1;2;3;1;0;0;7;0;0.04;0.08;0.13;0.04;0.13;Matches
2674;Gessime Yassine;ma MAR;MF;Strasbourg;fr Ligue 1;20-125;2005;7;2;174;1.9;0;1;1;0;0;0;0;0;0;0.52;0.52;0;0.52;Matches
2675;Ryan Yates;eng ENG;MF;Nottingham Forest;eng Premier League;28-126;1997;16;1;415;4.6;0;1;1;0;0;0;1;0;0;0.22;0.22;0;0.22;Matches
2676;Terry Yegbe;gh GHA;DF;Metz;fr Ligue 1;25-061;2001;19;17;1,530;17;0;1;1;0;0;0;3;0;0;0.06;0.06;0;0.06;Matches
2677;Bertuğ Yıldırım;tr TUR;FW;Rennes;fr Ligue 1;23-258;2002;1;0;3;0;0;0;0;0;0;0;0;0;0;0;0;0;0;Matches
2678;Kenan Yıldız;tr TUR;MF,FW;Juventus;it Serie A;20-327;2005;29;28;2,388;26.5;10;6;16;9;1;2;2;0;0.38;0.23;0.6;0.34;0.57;Matches
2679;Darlin Yongwa;cm CMR;DF,MF;Lorient;fr Ligue 1;25-186;2000;20;13;1,193;13.3;0;1;1;0;0;0;3;1;0;0.08;0.08;0;0.08;Matches
2680;Leny Yoro;fr FRA;DF;Manchester Utd;eng Premier League;20-134;2005;28;17;1,615;17.9;0;0;0;0;0;0;1;0;0;0;0;0;0;Matches
2681;Ali Yousuf;ly LBY;DF;Nantes;fr Ligue 1;24-261;2001;6;6;527;5.9;0;0;0;0;0;0;3;0;0;0;0;0;0;Matches
2682;Etienne Youte Kinkoue;fr FRA;DF,MF;Le Havre;fr Ligue 1;24-072;2002;7;3;326;3.6;0;0;0;0;0;0;2;0;0;0;0;0;0;Matches
2683;Illia Zabarnyi;ua UKR;DF;Paris Saint-Germain;fr Ligue 1;23-207;2002;21;19;1,757;19.5;1;0;1;1;0;0;3;0;0.05;0;0.05;0.05;0.05;Matches
2684;Yassir Zabiri;ma MAR;MF;Rennes;fr Ligue 1;21-032;2005;3;0;29;0.3;0;0;0;0;0;0;0;0;0;0;0;0;0;Matches
2685;Mattia Zaccagni;it ITA;FW;Lazio;it Serie A;30-284;1995;23;23;1,940;21.6;3;0;3;3;0;0;6;1;0.14;0;0.14;0.14;0.14;Matches
2686;Yvan Zaddy;ci CIV;MF;Auxerre;fr Ligue 1;19-330;2006;1;0;1;0;0;0;0;0;0;0;0;0;0;0;0;0;0;Matches
2687;Dan-Axel Zagadou;fr FRA;DF;Stuttgart;de Bundesliga;26-297;1999;2;2;164;1.8;0;0;0;0;0;0;0;0;0;0;0;0;0;Matches
2688;Stephan Zagadou;fr FRA;DF;Le Havre;fr Ligue 1;17-154;2008;7;6;491;5.5;1;0;1;1;0;0;0;1;0.18;0;0.18;0.18;0.18;Matches
2689;Warren Zaïre-Emery;fr FRA;DF,MF;Paris Saint-Germain;fr Ligue 1;20-019;2006;26;24;2,114;23.5;2;4;6;2;0;0;2;0;0.09;0.17;0.26;0.09;0.26;Matches
2690;Denis Zakaria;ch SUI;MF,DF;Monaco;fr Ligue 1;29-127;1996;17;16;1,401;15.6;2;1;3;2;0;0;3;1;0.13;0.06;0.19;0.13;0.19;Matches
2691;Arsen Zakharyan;ru RUS;MF;Real Sociedad;es La Liga;22-305;2003;16;2;402;4.5;0;0;0;0;0;0;1;0;0;0;0;0;0;Matches
2692;Nicola Zalewski;pl POL;MF;Atalanta;it Serie A;24-063;2002;26;19;1,458;16.2;2;4;6;2;0;0;3;0;0.12;0.25;0.37;0.12;0.37;Matches
2693;Andre-Frank Zambo Anguissa;cm CMR;MF;Napoli;it Serie A;30-131;1995;14;11;1,037;11.5;4;1;5;4;0;0;1;0;0.35;0.09;0.43;0.35;0.43;Matches
2694;Nicolò Zaniolo;it ITA;FW;Udinese;it Serie A;26-268;1999;26;22;1,755;19.5;5;5;10;5;0;0;7;0;0.26;0.26;0.51;0.26;0.51;Matches
2695;Alessandro Zanoli;it ITA;MF;Udinese;it Serie A;25-175;2000;19;16;1,280;14.2;1;2;3;1;0;0;1;0;0.07;0.14;0.21;0.07;0.21;Matches
2696;Duván Zapata;co COL;FW;Torino;it Serie A;34-360;1991;24;9;934;10.4;3;1;4;3;0;1;0;0;0.29;0.1;0.39;0.29;0.39;Matches
2697;Gabriele Zappa;it ITA;DF;Cagliari;it Serie A;26-095;1999;25;16;1,370;15.2;0;3;3;0;0;0;2;0;0;0.2;0.2;0;0.2;Matches
2698;Davide Zappacosta;it ITA;MF;Atalanta;it Serie A;33-289;1992;27;23;2,000;22.2;2;3;5;2;0;0;2;0;0.09;0.14;0.23;0.09;0.23;Matches
2699;Bryan Zaragoza;es ESP;MF;Roma;it Serie A;24-199;2001;4;2;135;1.5;0;1;1;0;0;0;1;0;0;0.67;0.67;0;0.67;Matches
2700;Bryan Zaragoza;es ESP;FW,MF;Celta Vigo;es La Liga;24-199;2001;19;13;1,131;12.6;1;1;2;0;1;1;1;0;0.08;0.08;0.16;0;0.08;Matches
2701;Oier Zarraga;es ESP;MF;Udinese;it Serie A;27-082;1999;18;2;404;4.5;0;0;0;0;0;0;1;0;0;0;0;0;0;Matches
2702;Nils Zätterström;se SWE;DF;Genoa;it Serie A;20-363;2005;1;0;1;0;0;0;0;0;0;0;0;0;0;0;0;0;0;Matches
2703;Aaron Zehnter;de GER;DF;Wolfsburg;de Bundesliga;21-147;2004;17;14;1,213;13.5;2;0;2;2;0;0;0;0;0.15;0;0.15;0.15;0.15;Matches
2704;Jordan Zemura;zw ZIM;MF,DF;Udinese;it Serie A;26-133;1999;15;12;1,017;11.3;0;1;1;0;0;0;3;0;0;0.09;0.09;0;0.09;Matches
2705;Robin Zentner;de GER;GK;Mainz 05;de Bundesliga;31-150;1994;9;9;786;8.7;0;0;0;0;0;0;2;1;0;0;0;0;0;Matches
2706;Alessio Zerbin;it ITA;MF;Cremonese;it Serie A;27-024;1999;25;14;1,336;14.8;0;2;2;0;0;0;1;0;0;0.13;0.13;0;0.13;Matches
2707;Cedric Zesiger;ch SUI;DF;Augsburg;de Bundesliga;27-276;1998;20;13;1,186;13.2;0;0;0;0;0;0;5;0;0;0;0;0;0;Matches
2708;Michael Zetterer;de GER;GK;Eintracht Frankfurt;de Bundesliga;30-258;1995;15;14;1,346;15;0;0;0;0;0;0;1;0;0;0;0;0;0;Matches
2709;Edon Zhegrova;xk KVX;MF;Juventus;it Serie A;26-361;1999;13;0;298;3.3;0;0;0;0;0;0;0;0;0;0;0;0;0;Matches
2710;Piotr Zieliński;pl POL;MF;Inter;it Serie A;31-311;1994;27;17;1,626;18.1;5;1;6;4;1;1;1;0;0.28;0.06;0.33;0.22;0.28;Matches
2711;Oleksandr Zinchenko;ua UKR;DF;Nottingham Forest;eng Premier League;29-102;1996;5;4;353;3.9;0;0;0;0;0;0;0;0;0;0;0;0;0;Matches
2712;Melvin Zinga;fr FRA;GK;Angers;fr Ligue 1;24-011;2002;2;2;180;2;0;0;0;0;0;0;0;0;0;0;0;0;0;Matches
2713;Jan Ziółkowski;pl POL;DF;Roma;it Serie A;20-295;2005;13;5;464;5.2;0;0;0;0;0;0;2;0;0;0;0;0;0;Matches
2714;Joshua Zirkzee;nl NED;FW,MF;Manchester Utd;eng Premier League;24-309;2001;18;4;523;5.8;2;1;3;2;0;0;1;0;0.34;0.17;0.52;0.34;0.52;Matches
2715;Budu Zivzivadze;ge GEO;FW;Heidenheim;de Bundesliga;32-017;1994;13;9;673;7.5;1;0;1;1;0;0;1;1;0.13;0;0.13;0.13;0.13;Matches
2716;Luck Zogbé;ci CIV;DF;Brest;fr Ligue 1;21-003;2005;6;1;105;1.2;0;0;0;0;0;0;0;0;0;0;0;0;0;Matches
2717;Nadir Zortea;it ITA;DF;Bologna;it Serie A;26-281;1999;25;15;1,592;17.7;0;2;2;0;0;0;2;0;0;0.11;0.11;0;0.11;Matches
2718;Yanis Zouaoui;dz ALG;DF,MF;Le Havre;fr Ligue 1;27-335;1998;24;22;1,844;20.5;0;1;1;0;0;0;5;0;0;0.05;0.05;0;0.05;Matches
2719;Igor Zubeldia;es ESP;DF;Real Sociedad;es La Liga;28-362;1997;22;21;1,898;21.1;0;1;1;0;0;0;8;0;0;0.05;0.05;0;0.05;Matches
2720;Martín Zubimendi;es ESP;MF;Arsenal;eng Premier League;27-053;1999;31;30;2,596;28.8;5;1;6;5;0;0;4;0;0.17;0.03;0.21;0.17;0.21;Matches
2721;Martin Ødegaard;no NOR;MF;Arsenal;eng Premier League;27-100;1998;20;13;1,076;12;1;5;6;1;0;0;0;0;0.08;0.42;0.5;0.08;0.5;Matches
2722;Luka Đurić;rs SRB;MF;Hoffenheim;de Bundesliga;22-282;2003;1;0;10;0.1;0;0;0;0;0;0;0;0;0;0;0;0;0;Matches
2723;Milan Đurić;ba BIH;FW;Cremonese;it Serie A;35-309;1990;7;2;318;3.5;0;1;1;0;0;0;1;0;0;0.28;0.28;0;0.28;Matches
2724;Milan Đurić;ba BIH;FW;Parma;it Serie A;35-309;1990;12;0;74;0.8;0;0;0;0;0;0;0;0;0;0;0;0;0;
